step	role	source_path	file_name	file_ext	size_bytes	sha256	release_path	source_dir
Step64_dynamics_graph_state_modeling	supplementary_or_qc	/mnt/h/vir/ST/results/step8_strokeniche_perturbmap/codex_handoff_strokeniche_UNAGI_like_63_68_20260602_011244/figures/dynamics_graph_64b_fixed_region_probs_state_celltype/Fig_StrokeNiche_DynamicsGraph_annotated.pdf	Fig_StrokeNiche_DynamicsGraph_annotated.pdf	.pdf	156536	696e7895f2118dac7a05880e58d3e4db693e902ad3df59c05e5103cdf3a498f6	zenodo_data_results_bundle/figures/Step64_dynamics_graph_state_modeling/Fig_StrokeNiche_DynamicsGraph_annotated.pdf	/mnt/h/vir/ST/results/step8_strokeniche_perturbmap/codex_handoff_strokeniche_UNAGI_like_63_68_20260602_011244/figures/dynamics_graph_64b_fixed_region_probs_state_celltype
Step64_dynamics_graph_state_modeling	supplementary_or_qc	/mnt/h/vir/ST/results/step8_strokeniche_perturbmap/codex_handoff_strokeniche_UNAGI_like_63_68_20260602_011244/figures/dynamics_graph_64b_fixed_region_probs_state_celltype/Fig_StrokeNiche_DynamicsGraph_annotated.png	Fig_StrokeNiche_DynamicsGraph_annotated.png	.png	5663265	7c8c9e80752a8ffa282c6c285927da9ebf58d25c90c72cdb0bd7f8a6a61fe8da	zenodo_data_results_bundle/figures/Step64_dynamics_graph_state_modeling/Fig_StrokeNiche_DynamicsGraph_annotated.png	/mnt/h/vir/ST/results/step8_strokeniche_perturbmap/codex_handoff_strokeniche_UNAGI_like_63_68_20260602_011244/figures/dynamics_graph_64b_fixed_region_probs_state_celltype
Step64_dynamics_graph_state_modeling	supplementary_or_qc	/mnt/h/vir/ST/results/step8_strokeniche_perturbmap/codex_handoff_strokeniche_UNAGI_like_63_68_20260602_011244/figures/dynamics_graph_64b_fixed_region_probs_state_celltype/Fig_StrokeNiche_DynamicsGraph_annotated.svg	Fig_StrokeNiche_DynamicsGraph_annotated.svg	.svg	1196098	2124162b8c39c0d06a8b4b2751f6f7051f8d2d01dd1757f8b77c8fe622e03137	zenodo_data_results_bundle/figures/Step64_dynamics_graph_state_modeling/Fig_StrokeNiche_DynamicsGraph_annotated.svg	/mnt/h/vir/ST/results/step8_strokeniche_perturbmap/codex_handoff_strokeniche_UNAGI_like_63_68_20260602_011244/figures/dynamics_graph_64b_fixed_region_probs_state_celltype
Step64_dynamics_graph_state_modeling	supplementary_or_qc	/mnt/h/vir/ST/results/step8_strokeniche_perturbmap/codex_handoff_strokeniche_UNAGI_like_63_68_20260602_011244/figures/dynamics_graph_64b_fixed_region_probs_state_celltype/Fig_StrokeNiche_DynamicsGraph_clean_no_text.pdf	Fig_StrokeNiche_DynamicsGraph_clean_no_text.pdf	.pdf	121779	455d42bfd0892f3be23774953785d68808af7370e9493dec8da631607a9ab877	zenodo_data_results_bundle/figures/Step64_dynamics_graph_state_modeling/Fig_StrokeNiche_DynamicsGraph_clean_no_text.pdf	/mnt/h/vir/ST/results/step8_strokeniche_perturbmap/codex_handoff_strokeniche_UNAGI_like_63_68_20260602_011244/figures/dynamics_graph_64b_fixed_region_probs_state_celltype
Step64_dynamics_graph_state_modeling	supplementary_or_qc	/mnt/h/vir/ST/results/step8_strokeniche_perturbmap/codex_handoff_strokeniche_UNAGI_like_63_68_20260602_011244/figures/dynamics_graph_64b_fixed_region_probs_state_celltype/Fig_StrokeNiche_DynamicsGraph_clean_no_text.png	Fig_StrokeNiche_DynamicsGraph_clean_no_text.png	.png	4010863	18bf44398d6eb634fcbda0850e0b403a1e3550f8aba8a66697cad5a5fde1acff	zenodo_data_results_bundle/figures/Step64_dynamics_graph_state_modeling/Fig_StrokeNiche_DynamicsGraph_clean_no_text.png	/mnt/h/vir/ST/results/step8_strokeniche_perturbmap/codex_handoff_strokeniche_UNAGI_like_63_68_20260602_011244/figures/dynamics_graph_64b_fixed_region_probs_state_celltype
Step64_dynamics_graph_state_modeling	supplementary_or_qc	/mnt/h/vir/ST/results/step8_strokeniche_perturbmap/codex_handoff_strokeniche_UNAGI_like_63_68_20260602_011244/figures/dynamics_graph_64b_fixed_region_probs_state_celltype/Fig_StrokeNiche_DynamicsGraph_clean_no_text.svg	Fig_StrokeNiche_DynamicsGraph_clean_no_text.svg	.svg	978202	fdc460cd71b83d890461bad6f1460f3337695991a56396ae61553b7cc3874416	zenodo_data_results_bundle/figures/Step64_dynamics_graph_state_modeling/Fig_StrokeNiche_DynamicsGraph_clean_no_text.svg	/mnt/h/vir/ST/results/step8_strokeniche_perturbmap/codex_handoff_strokeniche_UNAGI_like_63_68_20260602_011244/figures/dynamics_graph_64b_fixed_region_probs_state_celltype
Step64_dynamics_graph_state_modeling	supplementary_or_qc	/mnt/h/vir/ST/results/step8_strokeniche_perturbmap/codex_handoff_strokeniche_UNAGI_like_63_68_20260602_011244/figures/dynamics_graph_64c_refined_labels_state_celltype/Fig_StrokeNiche_TrackLabelRefinement_annotated.pdf	Fig_StrokeNiche_TrackLabelRefinement_annotated.pdf	.pdf	41351	84d0442167b75dde76290ea7aa1f30333dd77c99f67d032466ac5479d4daffe5	zenodo_data_results_bundle/figures/Step64_dynamics_graph_state_modeling/Fig_StrokeNiche_TrackLabelRefinement_annotated.pdf	/mnt/h/vir/ST/results/step8_strokeniche_perturbmap/codex_handoff_strokeniche_UNAGI_like_63_68_20260602_011244/figures/dynamics_graph_64c_refined_labels_state_celltype
Step64_dynamics_graph_state_modeling	supplementary_or_qc	/mnt/h/vir/ST/results/step8_strokeniche_perturbmap/codex_handoff_strokeniche_UNAGI_like_63_68_20260602_011244/figures/dynamics_graph_64c_refined_labels_state_celltype/Fig_StrokeNiche_TrackLabelRefinement_annotated.png	Fig_StrokeNiche_TrackLabelRefinement_annotated.png	.png	2089988	efb210ceb266f3b6ee96738c090797ec00a5cbd45953ceaf8824657ba3d03c36	zenodo_data_results_bundle/figures/Step64_dynamics_graph_state_modeling/Fig_StrokeNiche_TrackLabelRefinement_annotated.png	/mnt/h/vir/ST/results/step8_strokeniche_perturbmap/codex_handoff_strokeniche_UNAGI_like_63_68_20260602_011244/figures/dynamics_graph_64c_refined_labels_state_celltype
Step64_dynamics_graph_state_modeling	supplementary_or_qc	/mnt/h/vir/ST/results/step8_strokeniche_perturbmap/codex_handoff_strokeniche_UNAGI_like_63_68_20260602_011244/figures/dynamics_graph_64c_refined_labels_state_celltype/Fig_StrokeNiche_TrackLabelRefinement_annotated.svg	Fig_StrokeNiche_TrackLabelRefinement_annotated.svg	.svg	245906	8e490cf21063255eb28421f736d34060fa75135937197e4d88e3de23a799cbf9	zenodo_data_results_bundle/figures/Step64_dynamics_graph_state_modeling/Fig_StrokeNiche_TrackLabelRefinement_annotated.svg	/mnt/h/vir/ST/results/step8_strokeniche_perturbmap/codex_handoff_strokeniche_UNAGI_like_63_68_20260602_011244/figures/dynamics_graph_64c_refined_labels_state_celltype
Step64_dynamics_graph_state_modeling	supplementary_or_qc	/mnt/h/vir/ST/results/step8_strokeniche_perturbmap/codex_handoff_strokeniche_UNAGI_like_63_68_20260602_011244/figures/dynamics_graph_64c_refined_labels_state_celltype/Fig_StrokeNiche_TrackLabelRefinement_clean_no_text.pdf	Fig_StrokeNiche_TrackLabelRefinement_clean_no_text.pdf	.pdf	8042	8a4aeaa7d588f6ec65471c1d46527e220da271901aafb8a105a673a1b906e257	zenodo_data_results_bundle/figures/Step64_dynamics_graph_state_modeling/Fig_StrokeNiche_TrackLabelRefinement_clean_no_text.pdf	/mnt/h/vir/ST/results/step8_strokeniche_perturbmap/codex_handoff_strokeniche_UNAGI_like_63_68_20260602_011244/figures/dynamics_graph_64c_refined_labels_state_celltype
Step64_dynamics_graph_state_modeling	supplementary_or_qc	/mnt/h/vir/ST/results/step8_strokeniche_perturbmap/codex_handoff_strokeniche_UNAGI_like_63_68_20260602_011244/figures/dynamics_graph_64c_refined_labels_state_celltype/Fig_StrokeNiche_TrackLabelRefinement_clean_no_text.png	Fig_StrokeNiche_TrackLabelRefinement_clean_no_text.png	.png	276773	ff25ff679d9264b5b1c9300b3cef1f5adde36e52bc23be8726310e9c8f693185	zenodo_data_results_bundle/figures/Step64_dynamics_graph_state_modeling/Fig_StrokeNiche_TrackLabelRefinement_clean_no_text.png	/mnt/h/vir/ST/results/step8_strokeniche_perturbmap/codex_handoff_strokeniche_UNAGI_like_63_68_20260602_011244/figures/dynamics_graph_64c_refined_labels_state_celltype
Step64_dynamics_graph_state_modeling	supplementary_or_qc	/mnt/h/vir/ST/results/step8_strokeniche_perturbmap/codex_handoff_strokeniche_UNAGI_like_63_68_20260602_011244/figures/dynamics_graph_64c_refined_labels_state_celltype/Fig_StrokeNiche_TrackLabelRefinement_clean_no_text.svg	Fig_StrokeNiche_TrackLabelRefinement_clean_no_text.svg	.svg	25578	c2cfbfcc8d03b2730839f049b07be23e5f55574078861b3616968fe616dfd1dc	zenodo_data_results_bundle/figures/Step64_dynamics_graph_state_modeling/Fig_StrokeNiche_TrackLabelRefinement_clean_no_text.svg	/mnt/h/vir/ST/results/step8_strokeniche_perturbmap/codex_handoff_strokeniche_UNAGI_like_63_68_20260602_011244/figures/dynamics_graph_64c_refined_labels_state_celltype
Step64_dynamics_graph_state_modeling	supplementary_or_qc	/mnt/h/vir/ST/results/step8_strokeniche_perturbmap/dynamics_graph_64b_fixed_region_probs_state_celltype/Fig_StrokeNiche_DynamicsGraph_annotated.pdf	Fig_StrokeNiche_DynamicsGraph_annotated.pdf	.pdf	156536	696e7895f2118dac7a05880e58d3e4db693e902ad3df59c05e5103cdf3a498f6	zenodo_data_results_bundle/figures/Step64_dynamics_graph_state_modeling/Fig_StrokeNiche_DynamicsGraph_annotated.pdf	/mnt/h/vir/ST/results/step8_strokeniche_perturbmap/dynamics_graph_64b_fixed_region_probs_state_celltype
Step64_dynamics_graph_state_modeling	supplementary_or_qc	/mnt/h/vir/ST/results/step8_strokeniche_perturbmap/dynamics_graph_64b_fixed_region_probs_state_celltype/Fig_StrokeNiche_DynamicsGraph_annotated.png	Fig_StrokeNiche_DynamicsGraph_annotated.png	.png	5663265	7c8c9e80752a8ffa282c6c285927da9ebf58d25c90c72cdb0bd7f8a6a61fe8da	zenodo_data_results_bundle/figures/Step64_dynamics_graph_state_modeling/Fig_StrokeNiche_DynamicsGraph_annotated.png	/mnt/h/vir/ST/results/step8_strokeniche_perturbmap/dynamics_graph_64b_fixed_region_probs_state_celltype
Step64_dynamics_graph_state_modeling	supplementary_or_qc	/mnt/h/vir/ST/results/step8_strokeniche_perturbmap/dynamics_graph_64b_fixed_region_probs_state_celltype/Fig_StrokeNiche_DynamicsGraph_annotated.svg	Fig_StrokeNiche_DynamicsGraph_annotated.svg	.svg	1196098	2124162b8c39c0d06a8b4b2751f6f7051f8d2d01dd1757f8b77c8fe622e03137	zenodo_data_results_bundle/figures/Step64_dynamics_graph_state_modeling/Fig_StrokeNiche_DynamicsGraph_annotated.svg	/mnt/h/vir/ST/results/step8_strokeniche_perturbmap/dynamics_graph_64b_fixed_region_probs_state_celltype
Step64_dynamics_graph_state_modeling	supplementary_or_qc	/mnt/h/vir/ST/results/step8_strokeniche_perturbmap/dynamics_graph_64b_fixed_region_probs_state_celltype/Fig_StrokeNiche_DynamicsGraph_clean_no_text.pdf	Fig_StrokeNiche_DynamicsGraph_clean_no_text.pdf	.pdf	121779	455d42bfd0892f3be23774953785d68808af7370e9493dec8da631607a9ab877	zenodo_data_results_bundle/figures/Step64_dynamics_graph_state_modeling/Fig_StrokeNiche_DynamicsGraph_clean_no_text.pdf	/mnt/h/vir/ST/results/step8_strokeniche_perturbmap/dynamics_graph_64b_fixed_region_probs_state_celltype
Step64_dynamics_graph_state_modeling	supplementary_or_qc	/mnt/h/vir/ST/results/step8_strokeniche_perturbmap/dynamics_graph_64b_fixed_region_probs_state_celltype/Fig_StrokeNiche_DynamicsGraph_clean_no_text.png	Fig_StrokeNiche_DynamicsGraph_clean_no_text.png	.png	4010863	18bf44398d6eb634fcbda0850e0b403a1e3550f8aba8a66697cad5a5fde1acff	zenodo_data_results_bundle/figures/Step64_dynamics_graph_state_modeling/Fig_StrokeNiche_DynamicsGraph_clean_no_text.png	/mnt/h/vir/ST/results/step8_strokeniche_perturbmap/dynamics_graph_64b_fixed_region_probs_state_celltype
Step64_dynamics_graph_state_modeling	supplementary_or_qc	/mnt/h/vir/ST/results/step8_strokeniche_perturbmap/dynamics_graph_64b_fixed_region_probs_state_celltype/Fig_StrokeNiche_DynamicsGraph_clean_no_text.svg	Fig_StrokeNiche_DynamicsGraph_clean_no_text.svg	.svg	978202	fdc460cd71b83d890461bad6f1460f3337695991a56396ae61553b7cc3874416	zenodo_data_results_bundle/figures/Step64_dynamics_graph_state_modeling/Fig_StrokeNiche_DynamicsGraph_clean_no_text.svg	/mnt/h/vir/ST/results/step8_strokeniche_perturbmap/dynamics_graph_64b_fixed_region_probs_state_celltype
Step64_dynamics_graph_state_modeling	supplementary_or_qc	/mnt/h/vir/ST/results/step8_strokeniche_perturbmap/dynamics_graph_64c_refined_labels_state_celltype/Fig_StrokeNiche_TrackLabelRefinement_annotated.pdf	Fig_StrokeNiche_TrackLabelRefinement_annotated.pdf	.pdf	41351	84d0442167b75dde76290ea7aa1f30333dd77c99f67d032466ac5479d4daffe5	zenodo_data_results_bundle/figures/Step64_dynamics_graph_state_modeling/Fig_StrokeNiche_TrackLabelRefinement_annotated.pdf	/mnt/h/vir/ST/results/step8_strokeniche_perturbmap/dynamics_graph_64c_refined_labels_state_celltype
Step64_dynamics_graph_state_modeling	supplementary_or_qc	/mnt/h/vir/ST/results/step8_strokeniche_perturbmap/dynamics_graph_64c_refined_labels_state_celltype/Fig_StrokeNiche_TrackLabelRefinement_annotated.png	Fig_StrokeNiche_TrackLabelRefinement_annotated.png	.png	2089988	efb210ceb266f3b6ee96738c090797ec00a5cbd45953ceaf8824657ba3d03c36	zenodo_data_results_bundle/figures/Step64_dynamics_graph_state_modeling/Fig_StrokeNiche_TrackLabelRefinement_annotated.png	/mnt/h/vir/ST/results/step8_strokeniche_perturbmap/dynamics_graph_64c_refined_labels_state_celltype
Step64_dynamics_graph_state_modeling	supplementary_or_qc	/mnt/h/vir/ST/results/step8_strokeniche_perturbmap/dynamics_graph_64c_refined_labels_state_celltype/Fig_StrokeNiche_TrackLabelRefinement_annotated.svg	Fig_StrokeNiche_TrackLabelRefinement_annotated.svg	.svg	245906	8e490cf21063255eb28421f736d34060fa75135937197e4d88e3de23a799cbf9	zenodo_data_results_bundle/figures/Step64_dynamics_graph_state_modeling/Fig_StrokeNiche_TrackLabelRefinement_annotated.svg	/mnt/h/vir/ST/results/step8_strokeniche_perturbmap/dynamics_graph_64c_refined_labels_state_celltype
Step64_dynamics_graph_state_modeling	supplementary_or_qc	/mnt/h/vir/ST/results/step8_strokeniche_perturbmap/dynamics_graph_64c_refined_labels_state_celltype/Fig_StrokeNiche_TrackLabelRefinement_clean_no_text.pdf	Fig_StrokeNiche_TrackLabelRefinement_clean_no_text.pdf	.pdf	8042	8a4aeaa7d588f6ec65471c1d46527e220da271901aafb8a105a673a1b906e257	zenodo_data_results_bundle/figures/Step64_dynamics_graph_state_modeling/Fig_StrokeNiche_TrackLabelRefinement_clean_no_text.pdf	/mnt/h/vir/ST/results/step8_strokeniche_perturbmap/dynamics_graph_64c_refined_labels_state_celltype
Step64_dynamics_graph_state_modeling	supplementary_or_qc	/mnt/h/vir/ST/results/step8_strokeniche_perturbmap/dynamics_graph_64c_refined_labels_state_celltype/Fig_StrokeNiche_TrackLabelRefinement_clean_no_text.png	Fig_StrokeNiche_TrackLabelRefinement_clean_no_text.png	.png	276773	ff25ff679d9264b5b1c9300b3cef1f5adde36e52bc23be8726310e9c8f693185	zenodo_data_results_bundle/figures/Step64_dynamics_graph_state_modeling/Fig_StrokeNiche_TrackLabelRefinement_clean_no_text.png	/mnt/h/vir/ST/results/step8_strokeniche_perturbmap/dynamics_graph_64c_refined_labels_state_celltype
Step64_dynamics_graph_state_modeling	supplementary_or_qc	/mnt/h/vir/ST/results/step8_strokeniche_perturbmap/dynamics_graph_64c_refined_labels_state_celltype/Fig_StrokeNiche_TrackLabelRefinement_clean_no_text.svg	Fig_StrokeNiche_TrackLabelRefinement_clean_no_text.svg	.svg	25578	c2cfbfcc8d03b2730839f049b07be23e5f55574078861b3616968fe616dfd1dc	zenodo_data_results_bundle/figures/Step64_dynamics_graph_state_modeling/Fig_StrokeNiche_TrackLabelRefinement_clean_no_text.svg	/mnt/h/vir/ST/results/step8_strokeniche_perturbmap/dynamics_graph_64c_refined_labels_state_celltype
Step65_track_dynamic_markers_regulators	supplementary_or_qc	/mnt/h/vir/ST/results/step8_strokeniche_perturbmap/codex_handoff_strokeniche_UNAGI_like_63_68_20260602_011244/figures/track_dynamic_marker_regulator_65_kmeans/Fig_StrokeNiche_TrackDynamicMarkerRegulator_annotated.pdf	Fig_StrokeNiche_TrackDynamicMarkerRegulator_annotated.pdf	.pdf	38801	c129bd9ab1fa479272b8efe9b35aa081073d8f02309088aefd93d635e42f5431	zenodo_data_results_bundle/figures/Step65_track_dynamic_markers_regulators/Fig_StrokeNiche_TrackDynamicMarkerRegulator_annotated.pdf	/mnt/h/vir/ST/results/step8_strokeniche_perturbmap/codex_handoff_strokeniche_UNAGI_like_63_68_20260602_011244/figures/track_dynamic_marker_regulator_65_kmeans
Step65_track_dynamic_markers_regulators	supplementary_or_qc	/mnt/h/vir/ST/results/step8_strokeniche_perturbmap/codex_handoff_strokeniche_UNAGI_like_63_68_20260602_011244/figures/track_dynamic_marker_regulator_65_kmeans/Fig_StrokeNiche_TrackDynamicMarkerRegulator_annotated.png	Fig_StrokeNiche_TrackDynamicMarkerRegulator_annotated.png	.png	1564561	bd356a0319b69f1e464d4805a5ecf140eaf520129912b030f7e50b55102883b3	zenodo_data_results_bundle/figures/Step65_track_dynamic_markers_regulators/Fig_StrokeNiche_TrackDynamicMarkerRegulator_annotated.png	/mnt/h/vir/ST/results/step8_strokeniche_perturbmap/codex_handoff_strokeniche_UNAGI_like_63_68_20260602_011244/figures/track_dynamic_marker_regulator_65_kmeans
Step65_track_dynamic_markers_regulators	supplementary_or_qc	/mnt/h/vir/ST/results/step8_strokeniche_perturbmap/codex_handoff_strokeniche_UNAGI_like_63_68_20260602_011244/figures/track_dynamic_marker_regulator_65_kmeans/Fig_StrokeNiche_TrackDynamicMarkerRegulator_annotated.svg	Fig_StrokeNiche_TrackDynamicMarkerRegulator_annotated.svg	.svg	208409	ec8163565879bf4c2bba9e6011e5d442682cce3a95d2829242d11f696826d372	zenodo_data_results_bundle/figures/Step65_track_dynamic_markers_regulators/Fig_StrokeNiche_TrackDynamicMarkerRegulator_annotated.svg	/mnt/h/vir/ST/results/step8_strokeniche_perturbmap/codex_handoff_strokeniche_UNAGI_like_63_68_20260602_011244/figures/track_dynamic_marker_regulator_65_kmeans
Step65_track_dynamic_markers_regulators	supplementary_or_qc	/mnt/h/vir/ST/results/step8_strokeniche_perturbmap/codex_handoff_strokeniche_UNAGI_like_63_68_20260602_011244/figures/track_dynamic_marker_regulator_65_kmeans/Fig_StrokeNiche_TrackDynamicMarkerRegulator_clean_no_text.pdf	Fig_StrokeNiche_TrackDynamicMarkerRegulator_clean_no_text.pdf	.pdf	5175	69a0110d40ae88da0cf5497127cbecf1de370673783409ec9747b59b9f509882	zenodo_data_results_bundle/figures/Step65_track_dynamic_markers_regulators/Fig_StrokeNiche_TrackDynamicMarkerRegulator_clean_no_text.pdf	/mnt/h/vir/ST/results/step8_strokeniche_perturbmap/codex_handoff_strokeniche_UNAGI_like_63_68_20260602_011244/figures/track_dynamic_marker_regulator_65_kmeans
Step65_track_dynamic_markers_regulators	supplementary_or_qc	/mnt/h/vir/ST/results/step8_strokeniche_perturbmap/codex_handoff_strokeniche_UNAGI_like_63_68_20260602_011244/figures/track_dynamic_marker_regulator_65_kmeans/Fig_StrokeNiche_TrackDynamicMarkerRegulator_clean_no_text.png	Fig_StrokeNiche_TrackDynamicMarkerRegulator_clean_no_text.png	.png	152802	bbf5ad93fc476f11d87f476321c7ec58d95309b4f8919704da9386a754932a16	zenodo_data_results_bundle/figures/Step65_track_dynamic_markers_regulators/Fig_StrokeNiche_TrackDynamicMarkerRegulator_clean_no_text.png	/mnt/h/vir/ST/results/step8_strokeniche_perturbmap/codex_handoff_strokeniche_UNAGI_like_63_68_20260602_011244/figures/track_dynamic_marker_regulator_65_kmeans
Step65_track_dynamic_markers_regulators	supplementary_or_qc	/mnt/h/vir/ST/results/step8_strokeniche_perturbmap/codex_handoff_strokeniche_UNAGI_like_63_68_20260602_011244/figures/track_dynamic_marker_regulator_65_kmeans/Fig_StrokeNiche_TrackDynamicMarkerRegulator_clean_no_text.svg	Fig_StrokeNiche_TrackDynamicMarkerRegulator_clean_no_text.svg	.svg	24735	ec8c2e8146f61a8350994eac62767edea978d1d032fc6e86ddc3c4235d30481b	zenodo_data_results_bundle/figures/Step65_track_dynamic_markers_regulators/Fig_StrokeNiche_TrackDynamicMarkerRegulator_clean_no_text.svg	/mnt/h/vir/ST/results/step8_strokeniche_perturbmap/codex_handoff_strokeniche_UNAGI_like_63_68_20260602_011244/figures/track_dynamic_marker_regulator_65_kmeans
Step65_track_dynamic_markers_regulators	supplementary_or_qc	/mnt/h/vir/ST/results/step8_strokeniche_perturbmap/codex_handoff_strokeniche_UNAGI_like_63_68_20260602_011244/figures/track_dynamic_marker_regulator_65_state_celltype/Fig_StrokeNiche_TrackDynamicMarkerRegulator_annotated.pdf	Fig_StrokeNiche_TrackDynamicMarkerRegulator_annotated.pdf	.pdf	36954	4b44ccbb4a6ce21c53f255cfa6aee30932ba696cccca94862c44d18c1b69b7da	zenodo_data_results_bundle/figures/Step65_track_dynamic_markers_regulators/Fig_StrokeNiche_TrackDynamicMarkerRegulator_annotated.pdf	/mnt/h/vir/ST/results/step8_strokeniche_perturbmap/codex_handoff_strokeniche_UNAGI_like_63_68_20260602_011244/figures/track_dynamic_marker_regulator_65_state_celltype
Step65_track_dynamic_markers_regulators	supplementary_or_qc	/mnt/h/vir/ST/results/step8_strokeniche_perturbmap/codex_handoff_strokeniche_UNAGI_like_63_68_20260602_011244/figures/track_dynamic_marker_regulator_65_state_celltype/Fig_StrokeNiche_TrackDynamicMarkerRegulator_annotated.png	Fig_StrokeNiche_TrackDynamicMarkerRegulator_annotated.png	.png	1485168	5aecd1ccf22d7e6c1449a0d0a3254cfd1f434b6249e161fd11ec050128686437	zenodo_data_results_bundle/figures/Step65_track_dynamic_markers_regulators/Fig_StrokeNiche_TrackDynamicMarkerRegulator_annotated.png	/mnt/h/vir/ST/results/step8_strokeniche_perturbmap/codex_handoff_strokeniche_UNAGI_like_63_68_20260602_011244/figures/track_dynamic_marker_regulator_65_state_celltype
Step65_track_dynamic_markers_regulators	supplementary_or_qc	/mnt/h/vir/ST/results/step8_strokeniche_perturbmap/codex_handoff_strokeniche_UNAGI_like_63_68_20260602_011244/figures/track_dynamic_marker_regulator_65_state_celltype/Fig_StrokeNiche_TrackDynamicMarkerRegulator_annotated.svg	Fig_StrokeNiche_TrackDynamicMarkerRegulator_annotated.svg	.svg	195400	ed24d08313bf72f4e0e020db1bda6f63644a63a0d8e5fcb9c96040e0ddab1aae	zenodo_data_results_bundle/figures/Step65_track_dynamic_markers_regulators/Fig_StrokeNiche_TrackDynamicMarkerRegulator_annotated.svg	/mnt/h/vir/ST/results/step8_strokeniche_perturbmap/codex_handoff_strokeniche_UNAGI_like_63_68_20260602_011244/figures/track_dynamic_marker_regulator_65_state_celltype
Step65_track_dynamic_markers_regulators	supplementary_or_qc	/mnt/h/vir/ST/results/step8_strokeniche_perturbmap/codex_handoff_strokeniche_UNAGI_like_63_68_20260602_011244/figures/track_dynamic_marker_regulator_65_state_celltype/Fig_StrokeNiche_TrackDynamicMarkerRegulator_clean_no_text.pdf	Fig_StrokeNiche_TrackDynamicMarkerRegulator_clean_no_text.pdf	.pdf	5168	1aea0dc3edf1a76d9275c43bcc53696d90badd0f5b443e213850e4a7329a418f	zenodo_data_results_bundle/figures/Step65_track_dynamic_markers_regulators/Fig_StrokeNiche_TrackDynamicMarkerRegulator_clean_no_text.pdf	/mnt/h/vir/ST/results/step8_strokeniche_perturbmap/codex_handoff_strokeniche_UNAGI_like_63_68_20260602_011244/figures/track_dynamic_marker_regulator_65_state_celltype
Step65_track_dynamic_markers_regulators	supplementary_or_qc	/mnt/h/vir/ST/results/step8_strokeniche_perturbmap/codex_handoff_strokeniche_UNAGI_like_63_68_20260602_011244/figures/track_dynamic_marker_regulator_65_state_celltype/Fig_StrokeNiche_TrackDynamicMarkerRegulator_clean_no_text.png	Fig_StrokeNiche_TrackDynamicMarkerRegulator_clean_no_text.png	.png	152659	2b68204238260d0b2c8872ead2ab9ce729ceddf3accfdfce5db6c2b1bf215e7d	zenodo_data_results_bundle/figures/Step65_track_dynamic_markers_regulators/Fig_StrokeNiche_TrackDynamicMarkerRegulator_clean_no_text.png	/mnt/h/vir/ST/results/step8_strokeniche_perturbmap/codex_handoff_strokeniche_UNAGI_like_63_68_20260602_011244/figures/track_dynamic_marker_regulator_65_state_celltype
Step65_track_dynamic_markers_regulators	supplementary_or_qc	/mnt/h/vir/ST/results/step8_strokeniche_perturbmap/codex_handoff_strokeniche_UNAGI_like_63_68_20260602_011244/figures/track_dynamic_marker_regulator_65_state_celltype/Fig_StrokeNiche_TrackDynamicMarkerRegulator_clean_no_text.svg	Fig_StrokeNiche_TrackDynamicMarkerRegulator_clean_no_text.svg	.svg	24564	4a20c4e0c00ebe92e0848a35bbaf001e9b8789cf259380863614b46567a980eb	zenodo_data_results_bundle/figures/Step65_track_dynamic_markers_regulators/Fig_StrokeNiche_TrackDynamicMarkerRegulator_clean_no_text.svg	/mnt/h/vir/ST/results/step8_strokeniche_perturbmap/codex_handoff_strokeniche_UNAGI_like_63_68_20260602_011244/figures/track_dynamic_marker_regulator_65_state_celltype
Step65_track_dynamic_markers_regulators	supplementary_or_qc	/mnt/h/vir/ST/results/step8_strokeniche_perturbmap/codex_handoff_strokeniche_UNAGI_like_63_68_20260602_011244/figures/track_dynamic_marker_regulator_65b_kmeans_gene_auto/Fig_StrokeNiche_TrackDynamicMarkerRegulator_annotated.pdf	Fig_StrokeNiche_TrackDynamicMarkerRegulator_annotated.pdf	.pdf	38274	d9aad1ebc9ae35aa1118da173d756b3b9fe7b9e0675f86ba95cc3f4432518624	zenodo_data_results_bundle/figures/Step65_track_dynamic_markers_regulators/Fig_StrokeNiche_TrackDynamicMarkerRegulator_annotated.pdf	/mnt/h/vir/ST/results/step8_strokeniche_perturbmap/codex_handoff_strokeniche_UNAGI_like_63_68_20260602_011244/figures/track_dynamic_marker_regulator_65b_kmeans_gene_auto
Step65_track_dynamic_markers_regulators	supplementary_or_qc	/mnt/h/vir/ST/results/step8_strokeniche_perturbmap/codex_handoff_strokeniche_UNAGI_like_63_68_20260602_011244/figures/track_dynamic_marker_regulator_65b_kmeans_gene_auto/Fig_StrokeNiche_TrackDynamicMarkerRegulator_annotated.png	Fig_StrokeNiche_TrackDynamicMarkerRegulator_annotated.png	.png	1600705	73309400109478a05ed20f0f73c13c79e39eb934c526c81924ed485426a2fafb	zenodo_data_results_bundle/figures/Step65_track_dynamic_markers_regulators/Fig_StrokeNiche_TrackDynamicMarkerRegulator_annotated.png	/mnt/h/vir/ST/results/step8_strokeniche_perturbmap/codex_handoff_strokeniche_UNAGI_like_63_68_20260602_011244/figures/track_dynamic_marker_regulator_65b_kmeans_gene_auto
Step65_track_dynamic_markers_regulators	supplementary_or_qc	/mnt/h/vir/ST/results/step8_strokeniche_perturbmap/codex_handoff_strokeniche_UNAGI_like_63_68_20260602_011244/figures/track_dynamic_marker_regulator_65b_kmeans_gene_auto/Fig_StrokeNiche_TrackDynamicMarkerRegulator_annotated.svg	Fig_StrokeNiche_TrackDynamicMarkerRegulator_annotated.svg	.svg	209599	3948a0c9cea7363790bd7cca099652e3609d92d40d00ef5d21600488bf787b25	zenodo_data_results_bundle/figures/Step65_track_dynamic_markers_regulators/Fig_StrokeNiche_TrackDynamicMarkerRegulator_annotated.svg	/mnt/h/vir/ST/results/step8_strokeniche_perturbmap/codex_handoff_strokeniche_UNAGI_like_63_68_20260602_011244/figures/track_dynamic_marker_regulator_65b_kmeans_gene_auto
Step65_track_dynamic_markers_regulators	supplementary_or_qc	/mnt/h/vir/ST/results/step8_strokeniche_perturbmap/codex_handoff_strokeniche_UNAGI_like_63_68_20260602_011244/figures/track_dynamic_marker_regulator_65b_kmeans_gene_auto/Fig_StrokeNiche_TrackDynamicMarkerRegulator_clean_no_text.pdf	Fig_StrokeNiche_TrackDynamicMarkerRegulator_clean_no_text.pdf	.pdf	5167	8175837e7e091d7fb6472724c1727f998db8859795c3970a9f7ac7b283192c76	zenodo_data_results_bundle/figures/Step65_track_dynamic_markers_regulators/Fig_StrokeNiche_TrackDynamicMarkerRegulator_clean_no_text.pdf	/mnt/h/vir/ST/results/step8_strokeniche_perturbmap/codex_handoff_strokeniche_UNAGI_like_63_68_20260602_011244/figures/track_dynamic_marker_regulator_65b_kmeans_gene_auto
Step65_track_dynamic_markers_regulators	supplementary_or_qc	/mnt/h/vir/ST/results/step8_strokeniche_perturbmap/codex_handoff_strokeniche_UNAGI_like_63_68_20260602_011244/figures/track_dynamic_marker_regulator_65b_kmeans_gene_auto/Fig_StrokeNiche_TrackDynamicMarkerRegulator_clean_no_text.png	Fig_StrokeNiche_TrackDynamicMarkerRegulator_clean_no_text.png	.png	152823	ecad89be0f99a9a058813603bf081a7ce36b1b01b58264fa439458b930679c4f	zenodo_data_results_bundle/figures/Step65_track_dynamic_markers_regulators/Fig_StrokeNiche_TrackDynamicMarkerRegulator_clean_no_text.png	/mnt/h/vir/ST/results/step8_strokeniche_perturbmap/codex_handoff_strokeniche_UNAGI_like_63_68_20260602_011244/figures/track_dynamic_marker_regulator_65b_kmeans_gene_auto
Step65_track_dynamic_markers_regulators	supplementary_or_qc	/mnt/h/vir/ST/results/step8_strokeniche_perturbmap/codex_handoff_strokeniche_UNAGI_like_63_68_20260602_011244/figures/track_dynamic_marker_regulator_65b_kmeans_gene_auto/Fig_StrokeNiche_TrackDynamicMarkerRegulator_clean_no_text.svg	Fig_StrokeNiche_TrackDynamicMarkerRegulator_clean_no_text.svg	.svg	24745	47de030c627b5b53a3eb51622262fea9c50385ea0b290a0cbf62b0fea8683024	zenodo_data_results_bundle/figures/Step65_track_dynamic_markers_regulators/Fig_StrokeNiche_TrackDynamicMarkerRegulator_clean_no_text.svg	/mnt/h/vir/ST/results/step8_strokeniche_perturbmap/codex_handoff_strokeniche_UNAGI_like_63_68_20260602_011244/figures/track_dynamic_marker_regulator_65b_kmeans_gene_auto
Step65_track_dynamic_markers_regulators	supplementary_or_qc	/mnt/h/vir/ST/results/step8_strokeniche_perturbmap/codex_handoff_strokeniche_UNAGI_like_63_68_20260602_011244/figures/track_dynamic_marker_regulator_65b_state_celltype_gene_auto/Fig_StrokeNiche_TrackDynamicMarkerRegulator_annotated.pdf	Fig_StrokeNiche_TrackDynamicMarkerRegulator_annotated.pdf	.pdf	37974	bd80ade0decb443ec27e1d33273180d06ef0ba82eef15d1b6ef9e289db6e34bc	zenodo_data_results_bundle/figures/Step65_track_dynamic_markers_regulators/Fig_StrokeNiche_TrackDynamicMarkerRegulator_annotated.pdf	/mnt/h/vir/ST/results/step8_strokeniche_perturbmap/codex_handoff_strokeniche_UNAGI_like_63_68_20260602_011244/figures/track_dynamic_marker_regulator_65b_state_celltype_gene_auto
Step65_track_dynamic_markers_regulators	supplementary_or_qc	/mnt/h/vir/ST/results/step8_strokeniche_perturbmap/codex_handoff_strokeniche_UNAGI_like_63_68_20260602_011244/figures/track_dynamic_marker_regulator_65b_state_celltype_gene_auto/Fig_StrokeNiche_TrackDynamicMarkerRegulator_annotated.png	Fig_StrokeNiche_TrackDynamicMarkerRegulator_annotated.png	.png	1562414	5d2d6447843b9852c5f541b337f868655b8195f98b6feb35d280bee2e44857b4	zenodo_data_results_bundle/figures/Step65_track_dynamic_markers_regulators/Fig_StrokeNiche_TrackDynamicMarkerRegulator_annotated.png	/mnt/h/vir/ST/results/step8_strokeniche_perturbmap/codex_handoff_strokeniche_UNAGI_like_63_68_20260602_011244/figures/track_dynamic_marker_regulator_65b_state_celltype_gene_auto
Step65_track_dynamic_markers_regulators	supplementary_or_qc	/mnt/h/vir/ST/results/step8_strokeniche_perturbmap/codex_handoff_strokeniche_UNAGI_like_63_68_20260602_011244/figures/track_dynamic_marker_regulator_65b_state_celltype_gene_auto/Fig_StrokeNiche_TrackDynamicMarkerRegulator_annotated.svg	Fig_StrokeNiche_TrackDynamicMarkerRegulator_annotated.svg	.svg	205394	3bfc26425418efd955b1edf7297f52c0873c9bb85952e54054b117020bd6c53e	zenodo_data_results_bundle/figures/Step65_track_dynamic_markers_regulators/Fig_StrokeNiche_TrackDynamicMarkerRegulator_annotated.svg	/mnt/h/vir/ST/results/step8_strokeniche_perturbmap/codex_handoff_strokeniche_UNAGI_like_63_68_20260602_011244/figures/track_dynamic_marker_regulator_65b_state_celltype_gene_auto
Step65_track_dynamic_markers_regulators	supplementary_or_qc	/mnt/h/vir/ST/results/step8_strokeniche_perturbmap/codex_handoff_strokeniche_UNAGI_like_63_68_20260602_011244/figures/track_dynamic_marker_regulator_65b_state_celltype_gene_auto/Fig_StrokeNiche_TrackDynamicMarkerRegulator_clean_no_text.pdf	Fig_StrokeNiche_TrackDynamicMarkerRegulator_clean_no_text.pdf	.pdf	5183	bb4c5d756bea03d420193dd8e8ee50d36cb558690e2663e5168aeb53f5b9d3cb	zenodo_data_results_bundle/figures/Step65_track_dynamic_markers_regulators/Fig_StrokeNiche_TrackDynamicMarkerRegulator_clean_no_text.pdf	/mnt/h/vir/ST/results/step8_strokeniche_perturbmap/codex_handoff_strokeniche_UNAGI_like_63_68_20260602_011244/figures/track_dynamic_marker_regulator_65b_state_celltype_gene_auto
Step65_track_dynamic_markers_regulators	supplementary_or_qc	/mnt/h/vir/ST/results/step8_strokeniche_perturbmap/codex_handoff_strokeniche_UNAGI_like_63_68_20260602_011244/figures/track_dynamic_marker_regulator_65b_state_celltype_gene_auto/Fig_StrokeNiche_TrackDynamicMarkerRegulator_clean_no_text.png	Fig_StrokeNiche_TrackDynamicMarkerRegulator_clean_no_text.png	.png	152781	59b3997f9f4d18043809d892f397275fc60d5cc5b104015797c0c0d43967d623	zenodo_data_results_bundle/figures/Step65_track_dynamic_markers_regulators/Fig_StrokeNiche_TrackDynamicMarkerRegulator_clean_no_text.png	/mnt/h/vir/ST/results/step8_strokeniche_perturbmap/codex_handoff_strokeniche_UNAGI_like_63_68_20260602_011244/figures/track_dynamic_marker_regulator_65b_state_celltype_gene_auto
Step65_track_dynamic_markers_regulators	supplementary_or_qc	/mnt/h/vir/ST/results/step8_strokeniche_perturbmap/codex_handoff_strokeniche_UNAGI_like_63_68_20260602_011244/figures/track_dynamic_marker_regulator_65b_state_celltype_gene_auto/Fig_StrokeNiche_TrackDynamicMarkerRegulator_clean_no_text.svg	Fig_StrokeNiche_TrackDynamicMarkerRegulator_clean_no_text.svg	.svg	24634	9c75fce9de62abd5a12ade6140eed7ff2b8ee461f3b39a7eab2bacd49df471b8	zenodo_data_results_bundle/figures/Step65_track_dynamic_markers_regulators/Fig_StrokeNiche_TrackDynamicMarkerRegulator_clean_no_text.svg	/mnt/h/vir/ST/results/step8_strokeniche_perturbmap/codex_handoff_strokeniche_UNAGI_like_63_68_20260602_011244/figures/track_dynamic_marker_regulator_65b_state_celltype_gene_auto
Step65_track_dynamic_markers_regulators	supplementary_or_qc	/mnt/h/vir/ST/results/step8_strokeniche_perturbmap/codex_handoff_strokeniche_UNAGI_like_63_68_20260602_011244/figures/track_dynamic_marker_regulator_65c_state_celltype_gene_clean_stroke_no_externaldb/Fig_StrokeNiche_TrackDynamicMarkerRegulator_annotated.pdf	Fig_StrokeNiche_TrackDynamicMarkerRegulator_annotated.pdf	.pdf	38061	1f91f244634397f2026a35d8598ab947d611558a70d16f8b308aaa15679fcd43	zenodo_data_results_bundle/figures/Step65_track_dynamic_markers_regulators/Fig_StrokeNiche_TrackDynamicMarkerRegulator_annotated.pdf	/mnt/h/vir/ST/results/step8_strokeniche_perturbmap/codex_handoff_strokeniche_UNAGI_like_63_68_20260602_011244/figures/track_dynamic_marker_regulator_65c_state_celltype_gene_clean_stroke_no_externaldb
Step65_track_dynamic_markers_regulators	supplementary_or_qc	/mnt/h/vir/ST/results/step8_strokeniche_perturbmap/codex_handoff_strokeniche_UNAGI_like_63_68_20260602_011244/figures/track_dynamic_marker_regulator_65c_state_celltype_gene_clean_stroke_no_externaldb/Fig_StrokeNiche_TrackDynamicMarkerRegulator_annotated.png	Fig_StrokeNiche_TrackDynamicMarkerRegulator_annotated.png	.png	1568370	a32dd2ed88feb3c9d01da8f73b3da3b4e06291b6caf6a270cdda01170be48ac7	zenodo_data_results_bundle/figures/Step65_track_dynamic_markers_regulators/Fig_StrokeNiche_TrackDynamicMarkerRegulator_annotated.png	/mnt/h/vir/ST/results/step8_strokeniche_perturbmap/codex_handoff_strokeniche_UNAGI_like_63_68_20260602_011244/figures/track_dynamic_marker_regulator_65c_state_celltype_gene_clean_stroke_no_externaldb
Step65_track_dynamic_markers_regulators	supplementary_or_qc	/mnt/h/vir/ST/results/step8_strokeniche_perturbmap/codex_handoff_strokeniche_UNAGI_like_63_68_20260602_011244/figures/track_dynamic_marker_regulator_65c_state_celltype_gene_clean_stroke_no_externaldb/Fig_StrokeNiche_TrackDynamicMarkerRegulator_annotated.svg	Fig_StrokeNiche_TrackDynamicMarkerRegulator_annotated.svg	.svg	204324	dbb75de0f079e06f74a30a99b15419e85f095034b0f8534d59e4b34387dfc3e0	zenodo_data_results_bundle/figures/Step65_track_dynamic_markers_regulators/Fig_StrokeNiche_TrackDynamicMarkerRegulator_annotated.svg	/mnt/h/vir/ST/results/step8_strokeniche_perturbmap/codex_handoff_strokeniche_UNAGI_like_63_68_20260602_011244/figures/track_dynamic_marker_regulator_65c_state_celltype_gene_clean_stroke_no_externaldb
Step65_track_dynamic_markers_regulators	supplementary_or_qc	/mnt/h/vir/ST/results/step8_strokeniche_perturbmap/codex_handoff_strokeniche_UNAGI_like_63_68_20260602_011244/figures/track_dynamic_marker_regulator_65c_state_celltype_gene_clean_stroke_no_externaldb/Fig_StrokeNiche_TrackDynamicMarkerRegulator_clean_no_text.pdf	Fig_StrokeNiche_TrackDynamicMarkerRegulator_clean_no_text.pdf	.pdf	5190	c8c1caf95b1160d2b4688f035f700b20378f0fc7e619b1fe2c24a9786bac1e71	zenodo_data_results_bundle/figures/Step65_track_dynamic_markers_regulators/Fig_StrokeNiche_TrackDynamicMarkerRegulator_clean_no_text.pdf	/mnt/h/vir/ST/results/step8_strokeniche_perturbmap/codex_handoff_strokeniche_UNAGI_like_63_68_20260602_011244/figures/track_dynamic_marker_regulator_65c_state_celltype_gene_clean_stroke_no_externaldb
Step65_track_dynamic_markers_regulators	supplementary_or_qc	/mnt/h/vir/ST/results/step8_strokeniche_perturbmap/codex_handoff_strokeniche_UNAGI_like_63_68_20260602_011244/figures/track_dynamic_marker_regulator_65c_state_celltype_gene_clean_stroke_no_externaldb/Fig_StrokeNiche_TrackDynamicMarkerRegulator_clean_no_text.png	Fig_StrokeNiche_TrackDynamicMarkerRegulator_clean_no_text.png	.png	152784	034a53a07357ace1eca5b88a93deb90d7f2a1a88c5eb588d53c97f98b364a67e	zenodo_data_results_bundle/figures/Step65_track_dynamic_markers_regulators/Fig_StrokeNiche_TrackDynamicMarkerRegulator_clean_no_text.png	/mnt/h/vir/ST/results/step8_strokeniche_perturbmap/codex_handoff_strokeniche_UNAGI_like_63_68_20260602_011244/figures/track_dynamic_marker_regulator_65c_state_celltype_gene_clean_stroke_no_externaldb
Step65_track_dynamic_markers_regulators	supplementary_or_qc	/mnt/h/vir/ST/results/step8_strokeniche_perturbmap/codex_handoff_strokeniche_UNAGI_like_63_68_20260602_011244/figures/track_dynamic_marker_regulator_65c_state_celltype_gene_clean_stroke_no_externaldb/Fig_StrokeNiche_TrackDynamicMarkerRegulator_clean_no_text.svg	Fig_StrokeNiche_TrackDynamicMarkerRegulator_clean_no_text.svg	.svg	24632	686ca2cd9292c582734e85a724577bb07dd375eab7fbaede91dc6111204a724f	zenodo_data_results_bundle/figures/Step65_track_dynamic_markers_regulators/Fig_StrokeNiche_TrackDynamicMarkerRegulator_clean_no_text.svg	/mnt/h/vir/ST/results/step8_strokeniche_perturbmap/codex_handoff_strokeniche_UNAGI_like_63_68_20260602_011244/figures/track_dynamic_marker_regulator_65c_state_celltype_gene_clean_stroke_no_externaldb
Step65_track_dynamic_markers_regulators	supplementary_or_qc	/mnt/h/vir/ST/results/step8_strokeniche_perturbmap/codex_handoff_strokeniche_UNAGI_like_63_68_20260602_011244/figures/track_dynamic_marker_regulator_65c_state_celltype_gene_clean_stroke_real_externaldb/Fig_StrokeNiche_TrackDynamicMarkerRegulator_annotated.pdf	Fig_StrokeNiche_TrackDynamicMarkerRegulator_annotated.pdf	.pdf	40742	a21d1fb8dc308d9d22698274794d3879e4575463a1653630ac2dabc4187146fe	zenodo_data_results_bundle/figures/Step65_track_dynamic_markers_regulators/Fig_StrokeNiche_TrackDynamicMarkerRegulator_annotated.pdf	/mnt/h/vir/ST/results/step8_strokeniche_perturbmap/codex_handoff_strokeniche_UNAGI_like_63_68_20260602_011244/figures/track_dynamic_marker_regulator_65c_state_celltype_gene_clean_stroke_real_externaldb
Step65_track_dynamic_markers_regulators	supplementary_or_qc	/mnt/h/vir/ST/results/step8_strokeniche_perturbmap/codex_handoff_strokeniche_UNAGI_like_63_68_20260602_011244/figures/track_dynamic_marker_regulator_65c_state_celltype_gene_clean_stroke_real_externaldb/Fig_StrokeNiche_TrackDynamicMarkerRegulator_annotated.png	Fig_StrokeNiche_TrackDynamicMarkerRegulator_annotated.png	.png	1646644	30fe6b9fcb85355713ae31dd4c650b80f24657eb389ed7918357d001146df2ca	zenodo_data_results_bundle/figures/Step65_track_dynamic_markers_regulators/Fig_StrokeNiche_TrackDynamicMarkerRegulator_annotated.png	/mnt/h/vir/ST/results/step8_strokeniche_perturbmap/codex_handoff_strokeniche_UNAGI_like_63_68_20260602_011244/figures/track_dynamic_marker_regulator_65c_state_celltype_gene_clean_stroke_real_externaldb
Step65_track_dynamic_markers_regulators	supplementary_or_qc	/mnt/h/vir/ST/results/step8_strokeniche_perturbmap/codex_handoff_strokeniche_UNAGI_like_63_68_20260602_011244/figures/track_dynamic_marker_regulator_65c_state_celltype_gene_clean_stroke_real_externaldb/Fig_StrokeNiche_TrackDynamicMarkerRegulator_annotated.svg	Fig_StrokeNiche_TrackDynamicMarkerRegulator_annotated.svg	.svg	218527	e90ea0307ff24cbfe99f35e4c24becb4f586b5beb63f64a8798b1eb21d4cf48e	zenodo_data_results_bundle/figures/Step65_track_dynamic_markers_regulators/Fig_StrokeNiche_TrackDynamicMarkerRegulator_annotated.svg	/mnt/h/vir/ST/results/step8_strokeniche_perturbmap/codex_handoff_strokeniche_UNAGI_like_63_68_20260602_011244/figures/track_dynamic_marker_regulator_65c_state_celltype_gene_clean_stroke_real_externaldb
Step65_track_dynamic_markers_regulators	supplementary_or_qc	/mnt/h/vir/ST/results/step8_strokeniche_perturbmap/codex_handoff_strokeniche_UNAGI_like_63_68_20260602_011244/figures/track_dynamic_marker_regulator_65c_state_celltype_gene_clean_stroke_real_externaldb/Fig_StrokeNiche_TrackDynamicMarkerRegulator_clean_no_text.pdf	Fig_StrokeNiche_TrackDynamicMarkerRegulator_clean_no_text.pdf	.pdf	5187	c8d3e23ab4f246c8fb7e434d29974f49fa525f06b4c0984ac28cb455ca6ed87b	zenodo_data_results_bundle/figures/Step65_track_dynamic_markers_regulators/Fig_StrokeNiche_TrackDynamicMarkerRegulator_clean_no_text.pdf	/mnt/h/vir/ST/results/step8_strokeniche_perturbmap/codex_handoff_strokeniche_UNAGI_like_63_68_20260602_011244/figures/track_dynamic_marker_regulator_65c_state_celltype_gene_clean_stroke_real_externaldb
Step65_track_dynamic_markers_regulators	supplementary_or_qc	/mnt/h/vir/ST/results/step8_strokeniche_perturbmap/codex_handoff_strokeniche_UNAGI_like_63_68_20260602_011244/figures/track_dynamic_marker_regulator_65c_state_celltype_gene_clean_stroke_real_externaldb/Fig_StrokeNiche_TrackDynamicMarkerRegulator_clean_no_text.png	Fig_StrokeNiche_TrackDynamicMarkerRegulator_clean_no_text.png	.png	152782	5e6a4c96a15977f29125b876906e51902985791a5f4ba5d54b25e8b8216ccf95	zenodo_data_results_bundle/figures/Step65_track_dynamic_markers_regulators/Fig_StrokeNiche_TrackDynamicMarkerRegulator_clean_no_text.png	/mnt/h/vir/ST/results/step8_strokeniche_perturbmap/codex_handoff_strokeniche_UNAGI_like_63_68_20260602_011244/figures/track_dynamic_marker_regulator_65c_state_celltype_gene_clean_stroke_real_externaldb
Step65_track_dynamic_markers_regulators	supplementary_or_qc	/mnt/h/vir/ST/results/step8_strokeniche_perturbmap/codex_handoff_strokeniche_UNAGI_like_63_68_20260602_011244/figures/track_dynamic_marker_regulator_65c_state_celltype_gene_clean_stroke_real_externaldb/Fig_StrokeNiche_TrackDynamicMarkerRegulator_clean_no_text.svg	Fig_StrokeNiche_TrackDynamicMarkerRegulator_clean_no_text.svg	.svg	24630	9a520f2aca6759d0b0063d0ef75a7f6d91542d3a00726c7fbf8761f40ee8c566	zenodo_data_results_bundle/figures/Step65_track_dynamic_markers_regulators/Fig_StrokeNiche_TrackDynamicMarkerRegulator_clean_no_text.svg	/mnt/h/vir/ST/results/step8_strokeniche_perturbmap/codex_handoff_strokeniche_UNAGI_like_63_68_20260602_011244/figures/track_dynamic_marker_regulator_65c_state_celltype_gene_clean_stroke_real_externaldb
Step65_track_dynamic_markers_regulators	supplementary_or_qc	/mnt/h/vir/ST/results/step8_strokeniche_perturbmap/codex_handoff_strokeniche_UNAGI_like_63_68_20260602_011244/figures/track_dynamic_marker_regulator_65c_state_celltype_gene_clean_stroke_real_externaldb_no_encode_metadata/Fig_StrokeNiche_TrackDynamicMarkerRegulator_annotated.pdf	Fig_StrokeNiche_TrackDynamicMarkerRegulator_annotated.pdf	.pdf	40742	69851a3a6fca9ffc414fbb2f521a300a19fd37dd4177d51ba0489d621a7a46a3	zenodo_data_results_bundle/figures/Step65_track_dynamic_markers_regulators/Fig_StrokeNiche_TrackDynamicMarkerRegulator_annotated.pdf	/mnt/h/vir/ST/results/step8_strokeniche_perturbmap/codex_handoff_strokeniche_UNAGI_like_63_68_20260602_011244/figures/track_dynamic_marker_regulator_65c_state_celltype_gene_clean_stroke_real_externaldb_no_encode_metadata
Step65_track_dynamic_markers_regulators	supplementary_or_qc	/mnt/h/vir/ST/results/step8_strokeniche_perturbmap/codex_handoff_strokeniche_UNAGI_like_63_68_20260602_011244/figures/track_dynamic_marker_regulator_65c_state_celltype_gene_clean_stroke_real_externaldb_no_encode_metadata/Fig_StrokeNiche_TrackDynamicMarkerRegulator_annotated.png	Fig_StrokeNiche_TrackDynamicMarkerRegulator_annotated.png	.png	1646644	30fe6b9fcb85355713ae31dd4c650b80f24657eb389ed7918357d001146df2ca	zenodo_data_results_bundle/figures/Step65_track_dynamic_markers_regulators/Fig_StrokeNiche_TrackDynamicMarkerRegulator_annotated.png	/mnt/h/vir/ST/results/step8_strokeniche_perturbmap/codex_handoff_strokeniche_UNAGI_like_63_68_20260602_011244/figures/track_dynamic_marker_regulator_65c_state_celltype_gene_clean_stroke_real_externaldb_no_encode_metadata
Step65_track_dynamic_markers_regulators	supplementary_or_qc	/mnt/h/vir/ST/results/step8_strokeniche_perturbmap/codex_handoff_strokeniche_UNAGI_like_63_68_20260602_011244/figures/track_dynamic_marker_regulator_65c_state_celltype_gene_clean_stroke_real_externaldb_no_encode_metadata/Fig_StrokeNiche_TrackDynamicMarkerRegulator_annotated.svg	Fig_StrokeNiche_TrackDynamicMarkerRegulator_annotated.svg	.svg	218527	74e1477656fc0f35932ce0f7488be74acf3567ab2856e58dc961cc6c932718aa	zenodo_data_results_bundle/figures/Step65_track_dynamic_markers_regulators/Fig_StrokeNiche_TrackDynamicMarkerRegulator_annotated.svg	/mnt/h/vir/ST/results/step8_strokeniche_perturbmap/codex_handoff_strokeniche_UNAGI_like_63_68_20260602_011244/figures/track_dynamic_marker_regulator_65c_state_celltype_gene_clean_stroke_real_externaldb_no_encode_metadata
Step65_track_dynamic_markers_regulators	supplementary_or_qc	/mnt/h/vir/ST/results/step8_strokeniche_perturbmap/codex_handoff_strokeniche_UNAGI_like_63_68_20260602_011244/figures/track_dynamic_marker_regulator_65c_state_celltype_gene_clean_stroke_real_externaldb_no_encode_metadata/Fig_StrokeNiche_TrackDynamicMarkerRegulator_clean_no_text.pdf	Fig_StrokeNiche_TrackDynamicMarkerRegulator_clean_no_text.pdf	.pdf	5187	8191f972a50f5509ba0a7915b9a9864ed26a4a1a7128044ba5d0ecef8eca0727	zenodo_data_results_bundle/figures/Step65_track_dynamic_markers_regulators/Fig_StrokeNiche_TrackDynamicMarkerRegulator_clean_no_text.pdf	/mnt/h/vir/ST/results/step8_strokeniche_perturbmap/codex_handoff_strokeniche_UNAGI_like_63_68_20260602_011244/figures/track_dynamic_marker_regulator_65c_state_celltype_gene_clean_stroke_real_externaldb_no_encode_metadata
Step65_track_dynamic_markers_regulators	supplementary_or_qc	/mnt/h/vir/ST/results/step8_strokeniche_perturbmap/codex_handoff_strokeniche_UNAGI_like_63_68_20260602_011244/figures/track_dynamic_marker_regulator_65c_state_celltype_gene_clean_stroke_real_externaldb_no_encode_metadata/Fig_StrokeNiche_TrackDynamicMarkerRegulator_clean_no_text.png	Fig_StrokeNiche_TrackDynamicMarkerRegulator_clean_no_text.png	.png	152782	5e6a4c96a15977f29125b876906e51902985791a5f4ba5d54b25e8b8216ccf95	zenodo_data_results_bundle/figures/Step65_track_dynamic_markers_regulators/Fig_StrokeNiche_TrackDynamicMarkerRegulator_clean_no_text.png	/mnt/h/vir/ST/results/step8_strokeniche_perturbmap/codex_handoff_strokeniche_UNAGI_like_63_68_20260602_011244/figures/track_dynamic_marker_regulator_65c_state_celltype_gene_clean_stroke_real_externaldb_no_encode_metadata
Step65_track_dynamic_markers_regulators	supplementary_or_qc	/mnt/h/vir/ST/results/step8_strokeniche_perturbmap/codex_handoff_strokeniche_UNAGI_like_63_68_20260602_011244/figures/track_dynamic_marker_regulator_65c_state_celltype_gene_clean_stroke_real_externaldb_no_encode_metadata/Fig_StrokeNiche_TrackDynamicMarkerRegulator_clean_no_text.svg	Fig_StrokeNiche_TrackDynamicMarkerRegulator_clean_no_text.svg	.svg	24630	bdd41c3e4aaf4365ce1e19c5520e6a8bf1cd43d25595a1662c31647a2b793bd7	zenodo_data_results_bundle/figures/Step65_track_dynamic_markers_regulators/Fig_StrokeNiche_TrackDynamicMarkerRegulator_clean_no_text.svg	/mnt/h/vir/ST/results/step8_strokeniche_perturbmap/codex_handoff_strokeniche_UNAGI_like_63_68_20260602_011244/figures/track_dynamic_marker_regulator_65c_state_celltype_gene_clean_stroke_real_externaldb_no_encode_metadata
Step65_track_dynamic_markers_regulators	supplementary_or_qc	/mnt/h/vir/ST/results/step8_strokeniche_perturbmap/codex_handoff_strokeniche_UNAGI_like_63_68_20260602_011244/figures/track_dynamic_marker_regulator_65e_encode_chipseq_housekeeping_filtered/Fig_Step65E_EncodeChipseq_HousekeepingFiltered_annotated.pdf	Fig_Step65E_EncodeChipseq_HousekeepingFiltered_annotated.pdf	.pdf	35557	9fa972c38ce059759d8e72c2f3cafd8a1f9166aeb77278a39252535e2389dec1	zenodo_data_results_bundle/figures/Step65_track_dynamic_markers_regulators/Fig_Step65E_EncodeChipseq_HousekeepingFiltered_annotated.pdf	/mnt/h/vir/ST/results/step8_strokeniche_perturbmap/codex_handoff_strokeniche_UNAGI_like_63_68_20260602_011244/figures/track_dynamic_marker_regulator_65e_encode_chipseq_housekeeping_filtered
Step65_track_dynamic_markers_regulators	supplementary_or_qc	/mnt/h/vir/ST/results/step8_strokeniche_perturbmap/codex_handoff_strokeniche_UNAGI_like_63_68_20260602_011244/figures/track_dynamic_marker_regulator_65e_encode_chipseq_housekeeping_filtered/Fig_Step65E_EncodeChipseq_HousekeepingFiltered_annotated.png	Fig_Step65E_EncodeChipseq_HousekeepingFiltered_annotated.png	.png	1085050	7113a6c4a5f0c543c2c4aa74f68be2411a25b572bc44d9dae7e50336ef270a1f	zenodo_data_results_bundle/figures/Step65_track_dynamic_markers_regulators/Fig_Step65E_EncodeChipseq_HousekeepingFiltered_annotated.png	/mnt/h/vir/ST/results/step8_strokeniche_perturbmap/codex_handoff_strokeniche_UNAGI_like_63_68_20260602_011244/figures/track_dynamic_marker_regulator_65e_encode_chipseq_housekeeping_filtered
Step65_track_dynamic_markers_regulators	supplementary_or_qc	/mnt/h/vir/ST/results/step8_strokeniche_perturbmap/codex_handoff_strokeniche_UNAGI_like_63_68_20260602_011244/figures/track_dynamic_marker_regulator_65e_encode_chipseq_housekeeping_filtered/Fig_Step65E_EncodeChipseq_HousekeepingFiltered_annotated.svg	Fig_Step65E_EncodeChipseq_HousekeepingFiltered_annotated.svg	.svg	174620	685c4dc211f2aff29c567aab81d08165ce57b45bafb834d6c68ae0fe5c4dd72b	zenodo_data_results_bundle/figures/Step65_track_dynamic_markers_regulators/Fig_Step65E_EncodeChipseq_HousekeepingFiltered_annotated.svg	/mnt/h/vir/ST/results/step8_strokeniche_perturbmap/codex_handoff_strokeniche_UNAGI_like_63_68_20260602_011244/figures/track_dynamic_marker_regulator_65e_encode_chipseq_housekeeping_filtered
Step65_track_dynamic_markers_regulators	supplementary_or_qc	/mnt/h/vir/ST/results/step8_strokeniche_perturbmap/codex_handoff_strokeniche_UNAGI_like_63_68_20260602_011244/figures/track_dynamic_marker_regulator_65e_encode_chipseq_housekeeping_filtered/Fig_Step65E_EncodeChipseq_HousekeepingFiltered_clean_no_text.pdf	Fig_Step65E_EncodeChipseq_HousekeepingFiltered_clean_no_text.pdf	.pdf	2478	ae41f4ccbe117121609e1eccfb8e2d93c297703e8ea709b6e23fee6ebe2787eb	zenodo_data_results_bundle/figures/Step65_track_dynamic_markers_regulators/Fig_Step65E_EncodeChipseq_HousekeepingFiltered_clean_no_text.pdf	/mnt/h/vir/ST/results/step8_strokeniche_perturbmap/codex_handoff_strokeniche_UNAGI_like_63_68_20260602_011244/figures/track_dynamic_marker_regulator_65e_encode_chipseq_housekeeping_filtered
Step65_track_dynamic_markers_regulators	supplementary_or_qc	/mnt/h/vir/ST/results/step8_strokeniche_perturbmap/codex_handoff_strokeniche_UNAGI_like_63_68_20260602_011244/figures/track_dynamic_marker_regulator_65e_encode_chipseq_housekeeping_filtered/Fig_Step65E_EncodeChipseq_HousekeepingFiltered_clean_no_text.png	Fig_Step65E_EncodeChipseq_HousekeepingFiltered_clean_no_text.png	.png	127698	929f3c4bf82607d8dc4e496edb94e549dea4bffbd8f48f0be1bf2dca37127311	zenodo_data_results_bundle/figures/Step65_track_dynamic_markers_regulators/Fig_Step65E_EncodeChipseq_HousekeepingFiltered_clean_no_text.png	/mnt/h/vir/ST/results/step8_strokeniche_perturbmap/codex_handoff_strokeniche_UNAGI_like_63_68_20260602_011244/figures/track_dynamic_marker_regulator_65e_encode_chipseq_housekeeping_filtered
Step65_track_dynamic_markers_regulators	supplementary_or_qc	/mnt/h/vir/ST/results/step8_strokeniche_perturbmap/codex_handoff_strokeniche_UNAGI_like_63_68_20260602_011244/figures/track_dynamic_marker_regulator_65e_encode_chipseq_housekeeping_filtered/Fig_Step65E_EncodeChipseq_HousekeepingFiltered_clean_no_text.svg	Fig_Step65E_EncodeChipseq_HousekeepingFiltered_clean_no_text.svg	.svg	10688	32edf8d46add66fdf50dba6300d3c9a2309dd0d2babf0d305b96e688000c3128	zenodo_data_results_bundle/figures/Step65_track_dynamic_markers_regulators/Fig_Step65E_EncodeChipseq_HousekeepingFiltered_clean_no_text.svg	/mnt/h/vir/ST/results/step8_strokeniche_perturbmap/codex_handoff_strokeniche_UNAGI_like_63_68_20260602_011244/figures/track_dynamic_marker_regulator_65e_encode_chipseq_housekeeping_filtered
Step65_track_dynamic_markers_regulators	supplementary_or_qc	/mnt/h/vir/ST/results/step8_strokeniche_perturbmap/track_dynamic_marker_regulator_65_kmeans/Fig_StrokeNiche_TrackDynamicMarkerRegulator_annotated.pdf	Fig_StrokeNiche_TrackDynamicMarkerRegulator_annotated.pdf	.pdf	38801	c129bd9ab1fa479272b8efe9b35aa081073d8f02309088aefd93d635e42f5431	zenodo_data_results_bundle/figures/Step65_track_dynamic_markers_regulators/Fig_StrokeNiche_TrackDynamicMarkerRegulator_annotated.pdf	/mnt/h/vir/ST/results/step8_strokeniche_perturbmap/track_dynamic_marker_regulator_65_kmeans
Step65_track_dynamic_markers_regulators	supplementary_or_qc	/mnt/h/vir/ST/results/step8_strokeniche_perturbmap/track_dynamic_marker_regulator_65_kmeans/Fig_StrokeNiche_TrackDynamicMarkerRegulator_annotated.png	Fig_StrokeNiche_TrackDynamicMarkerRegulator_annotated.png	.png	1564561	bd356a0319b69f1e464d4805a5ecf140eaf520129912b030f7e50b55102883b3	zenodo_data_results_bundle/figures/Step65_track_dynamic_markers_regulators/Fig_StrokeNiche_TrackDynamicMarkerRegulator_annotated.png	/mnt/h/vir/ST/results/step8_strokeniche_perturbmap/track_dynamic_marker_regulator_65_kmeans
Step65_track_dynamic_markers_regulators	supplementary_or_qc	/mnt/h/vir/ST/results/step8_strokeniche_perturbmap/track_dynamic_marker_regulator_65_kmeans/Fig_StrokeNiche_TrackDynamicMarkerRegulator_annotated.svg	Fig_StrokeNiche_TrackDynamicMarkerRegulator_annotated.svg	.svg	208409	ec8163565879bf4c2bba9e6011e5d442682cce3a95d2829242d11f696826d372	zenodo_data_results_bundle/figures/Step65_track_dynamic_markers_regulators/Fig_StrokeNiche_TrackDynamicMarkerRegulator_annotated.svg	/mnt/h/vir/ST/results/step8_strokeniche_perturbmap/track_dynamic_marker_regulator_65_kmeans
Step65_track_dynamic_markers_regulators	supplementary_or_qc	/mnt/h/vir/ST/results/step8_strokeniche_perturbmap/track_dynamic_marker_regulator_65_kmeans/Fig_StrokeNiche_TrackDynamicMarkerRegulator_clean_no_text.pdf	Fig_StrokeNiche_TrackDynamicMarkerRegulator_clean_no_text.pdf	.pdf	5175	69a0110d40ae88da0cf5497127cbecf1de370673783409ec9747b59b9f509882	zenodo_data_results_bundle/figures/Step65_track_dynamic_markers_regulators/Fig_StrokeNiche_TrackDynamicMarkerRegulator_clean_no_text.pdf	/mnt/h/vir/ST/results/step8_strokeniche_perturbmap/track_dynamic_marker_regulator_65_kmeans
Step65_track_dynamic_markers_regulators	supplementary_or_qc	/mnt/h/vir/ST/results/step8_strokeniche_perturbmap/track_dynamic_marker_regulator_65_kmeans/Fig_StrokeNiche_TrackDynamicMarkerRegulator_clean_no_text.png	Fig_StrokeNiche_TrackDynamicMarkerRegulator_clean_no_text.png	.png	152802	bbf5ad93fc476f11d87f476321c7ec58d95309b4f8919704da9386a754932a16	zenodo_data_results_bundle/figures/Step65_track_dynamic_markers_regulators/Fig_StrokeNiche_TrackDynamicMarkerRegulator_clean_no_text.png	/mnt/h/vir/ST/results/step8_strokeniche_perturbmap/track_dynamic_marker_regulator_65_kmeans
Step65_track_dynamic_markers_regulators	supplementary_or_qc	/mnt/h/vir/ST/results/step8_strokeniche_perturbmap/track_dynamic_marker_regulator_65_kmeans/Fig_StrokeNiche_TrackDynamicMarkerRegulator_clean_no_text.svg	Fig_StrokeNiche_TrackDynamicMarkerRegulator_clean_no_text.svg	.svg	24735	ec8c2e8146f61a8350994eac62767edea978d1d032fc6e86ddc3c4235d30481b	zenodo_data_results_bundle/figures/Step65_track_dynamic_markers_regulators/Fig_StrokeNiche_TrackDynamicMarkerRegulator_clean_no_text.svg	/mnt/h/vir/ST/results/step8_strokeniche_perturbmap/track_dynamic_marker_regulator_65_kmeans
Step65_track_dynamic_markers_regulators	supplementary_or_qc	/mnt/h/vir/ST/results/step8_strokeniche_perturbmap/track_dynamic_marker_regulator_65_state_celltype/Fig_StrokeNiche_TrackDynamicMarkerRegulator_annotated.pdf	Fig_StrokeNiche_TrackDynamicMarkerRegulator_annotated.pdf	.pdf	36954	4b44ccbb4a6ce21c53f255cfa6aee30932ba696cccca94862c44d18c1b69b7da	zenodo_data_results_bundle/figures/Step65_track_dynamic_markers_regulators/Fig_StrokeNiche_TrackDynamicMarkerRegulator_annotated.pdf	/mnt/h/vir/ST/results/step8_strokeniche_perturbmap/track_dynamic_marker_regulator_65_state_celltype
Step65_track_dynamic_markers_regulators	supplementary_or_qc	/mnt/h/vir/ST/results/step8_strokeniche_perturbmap/track_dynamic_marker_regulator_65_state_celltype/Fig_StrokeNiche_TrackDynamicMarkerRegulator_annotated.png	Fig_StrokeNiche_TrackDynamicMarkerRegulator_annotated.png	.png	1485168	5aecd1ccf22d7e6c1449a0d0a3254cfd1f434b6249e161fd11ec050128686437	zenodo_data_results_bundle/figures/Step65_track_dynamic_markers_regulators/Fig_StrokeNiche_TrackDynamicMarkerRegulator_annotated.png	/mnt/h/vir/ST/results/step8_strokeniche_perturbmap/track_dynamic_marker_regulator_65_state_celltype
Step65_track_dynamic_markers_regulators	supplementary_or_qc	/mnt/h/vir/ST/results/step8_strokeniche_perturbmap/track_dynamic_marker_regulator_65_state_celltype/Fig_StrokeNiche_TrackDynamicMarkerRegulator_annotated.svg	Fig_StrokeNiche_TrackDynamicMarkerRegulator_annotated.svg	.svg	195400	ed24d08313bf72f4e0e020db1bda6f63644a63a0d8e5fcb9c96040e0ddab1aae	zenodo_data_results_bundle/figures/Step65_track_dynamic_markers_regulators/Fig_StrokeNiche_TrackDynamicMarkerRegulator_annotated.svg	/mnt/h/vir/ST/results/step8_strokeniche_perturbmap/track_dynamic_marker_regulator_65_state_celltype
Step65_track_dynamic_markers_regulators	supplementary_or_qc	/mnt/h/vir/ST/results/step8_strokeniche_perturbmap/track_dynamic_marker_regulator_65_state_celltype/Fig_StrokeNiche_TrackDynamicMarkerRegulator_clean_no_text.pdf	Fig_StrokeNiche_TrackDynamicMarkerRegulator_clean_no_text.pdf	.pdf	5168	1aea0dc3edf1a76d9275c43bcc53696d90badd0f5b443e213850e4a7329a418f	zenodo_data_results_bundle/figures/Step65_track_dynamic_markers_regulators/Fig_StrokeNiche_TrackDynamicMarkerRegulator_clean_no_text.pdf	/mnt/h/vir/ST/results/step8_strokeniche_perturbmap/track_dynamic_marker_regulator_65_state_celltype
Step65_track_dynamic_markers_regulators	supplementary_or_qc	/mnt/h/vir/ST/results/step8_strokeniche_perturbmap/track_dynamic_marker_regulator_65_state_celltype/Fig_StrokeNiche_TrackDynamicMarkerRegulator_clean_no_text.png	Fig_StrokeNiche_TrackDynamicMarkerRegulator_clean_no_text.png	.png	152659	2b68204238260d0b2c8872ead2ab9ce729ceddf3accfdfce5db6c2b1bf215e7d	zenodo_data_results_bundle/figures/Step65_track_dynamic_markers_regulators/Fig_StrokeNiche_TrackDynamicMarkerRegulator_clean_no_text.png	/mnt/h/vir/ST/results/step8_strokeniche_perturbmap/track_dynamic_marker_regulator_65_state_celltype
Step65_track_dynamic_markers_regulators	supplementary_or_qc	/mnt/h/vir/ST/results/step8_strokeniche_perturbmap/track_dynamic_marker_regulator_65_state_celltype/Fig_StrokeNiche_TrackDynamicMarkerRegulator_clean_no_text.svg	Fig_StrokeNiche_TrackDynamicMarkerRegulator_clean_no_text.svg	.svg	24564	4a20c4e0c00ebe92e0848a35bbaf001e9b8789cf259380863614b46567a980eb	zenodo_data_results_bundle/figures/Step65_track_dynamic_markers_regulators/Fig_StrokeNiche_TrackDynamicMarkerRegulator_clean_no_text.svg	/mnt/h/vir/ST/results/step8_strokeniche_perturbmap/track_dynamic_marker_regulator_65_state_celltype
Step65_track_dynamic_markers_regulators	supplementary_or_qc	/mnt/h/vir/ST/results/step8_strokeniche_perturbmap/track_dynamic_marker_regulator_65b_kmeans_gene_auto/Fig_StrokeNiche_TrackDynamicMarkerRegulator_annotated.pdf	Fig_StrokeNiche_TrackDynamicMarkerRegulator_annotated.pdf	.pdf	38274	d9aad1ebc9ae35aa1118da173d756b3b9fe7b9e0675f86ba95cc3f4432518624	zenodo_data_results_bundle/figures/Step65_track_dynamic_markers_regulators/Fig_StrokeNiche_TrackDynamicMarkerRegulator_annotated.pdf	/mnt/h/vir/ST/results/step8_strokeniche_perturbmap/track_dynamic_marker_regulator_65b_kmeans_gene_auto
Step65_track_dynamic_markers_regulators	supplementary_or_qc	/mnt/h/vir/ST/results/step8_strokeniche_perturbmap/track_dynamic_marker_regulator_65b_kmeans_gene_auto/Fig_StrokeNiche_TrackDynamicMarkerRegulator_annotated.png	Fig_StrokeNiche_TrackDynamicMarkerRegulator_annotated.png	.png	1600705	73309400109478a05ed20f0f73c13c79e39eb934c526c81924ed485426a2fafb	zenodo_data_results_bundle/figures/Step65_track_dynamic_markers_regulators/Fig_StrokeNiche_TrackDynamicMarkerRegulator_annotated.png	/mnt/h/vir/ST/results/step8_strokeniche_perturbmap/track_dynamic_marker_regulator_65b_kmeans_gene_auto
Step65_track_dynamic_markers_regulators	supplementary_or_qc	/mnt/h/vir/ST/results/step8_strokeniche_perturbmap/track_dynamic_marker_regulator_65b_kmeans_gene_auto/Fig_StrokeNiche_TrackDynamicMarkerRegulator_annotated.svg	Fig_StrokeNiche_TrackDynamicMarkerRegulator_annotated.svg	.svg	209599	3948a0c9cea7363790bd7cca099652e3609d92d40d00ef5d21600488bf787b25	zenodo_data_results_bundle/figures/Step65_track_dynamic_markers_regulators/Fig_StrokeNiche_TrackDynamicMarkerRegulator_annotated.svg	/mnt/h/vir/ST/results/step8_strokeniche_perturbmap/track_dynamic_marker_regulator_65b_kmeans_gene_auto
Step65_track_dynamic_markers_regulators	supplementary_or_qc	/mnt/h/vir/ST/results/step8_strokeniche_perturbmap/track_dynamic_marker_regulator_65b_kmeans_gene_auto/Fig_StrokeNiche_TrackDynamicMarkerRegulator_clean_no_text.pdf	Fig_StrokeNiche_TrackDynamicMarkerRegulator_clean_no_text.pdf	.pdf	5167	8175837e7e091d7fb6472724c1727f998db8859795c3970a9f7ac7b283192c76	zenodo_data_results_bundle/figures/Step65_track_dynamic_markers_regulators/Fig_StrokeNiche_TrackDynamicMarkerRegulator_clean_no_text.pdf	/mnt/h/vir/ST/results/step8_strokeniche_perturbmap/track_dynamic_marker_regulator_65b_kmeans_gene_auto
Step65_track_dynamic_markers_regulators	supplementary_or_qc	/mnt/h/vir/ST/results/step8_strokeniche_perturbmap/track_dynamic_marker_regulator_65b_kmeans_gene_auto/Fig_StrokeNiche_TrackDynamicMarkerRegulator_clean_no_text.png	Fig_StrokeNiche_TrackDynamicMarkerRegulator_clean_no_text.png	.png	152823	ecad89be0f99a9a058813603bf081a7ce36b1b01b58264fa439458b930679c4f	zenodo_data_results_bundle/figures/Step65_track_dynamic_markers_regulators/Fig_StrokeNiche_TrackDynamicMarkerRegulator_clean_no_text.png	/mnt/h/vir/ST/results/step8_strokeniche_perturbmap/track_dynamic_marker_regulator_65b_kmeans_gene_auto
Step65_track_dynamic_markers_regulators	supplementary_or_qc	/mnt/h/vir/ST/results/step8_strokeniche_perturbmap/track_dynamic_marker_regulator_65b_kmeans_gene_auto/Fig_StrokeNiche_TrackDynamicMarkerRegulator_clean_no_text.svg	Fig_StrokeNiche_TrackDynamicMarkerRegulator_clean_no_text.svg	.svg	24745	47de030c627b5b53a3eb51622262fea9c50385ea0b290a0cbf62b0fea8683024	zenodo_data_results_bundle/figures/Step65_track_dynamic_markers_regulators/Fig_StrokeNiche_TrackDynamicMarkerRegulator_clean_no_text.svg	/mnt/h/vir/ST/results/step8_strokeniche_perturbmap/track_dynamic_marker_regulator_65b_kmeans_gene_auto
Step65_track_dynamic_markers_regulators	supplementary_or_qc	/mnt/h/vir/ST/results/step8_strokeniche_perturbmap/track_dynamic_marker_regulator_65b_state_celltype_gene_auto/Fig_StrokeNiche_TrackDynamicMarkerRegulator_annotated.pdf	Fig_StrokeNiche_TrackDynamicMarkerRegulator_annotated.pdf	.pdf	37974	bd80ade0decb443ec27e1d33273180d06ef0ba82eef15d1b6ef9e289db6e34bc	zenodo_data_results_bundle/figures/Step65_track_dynamic_markers_regulators/Fig_StrokeNiche_TrackDynamicMarkerRegulator_annotated.pdf	/mnt/h/vir/ST/results/step8_strokeniche_perturbmap/track_dynamic_marker_regulator_65b_state_celltype_gene_auto
Step65_track_dynamic_markers_regulators	supplementary_or_qc	/mnt/h/vir/ST/results/step8_strokeniche_perturbmap/track_dynamic_marker_regulator_65b_state_celltype_gene_auto/Fig_StrokeNiche_TrackDynamicMarkerRegulator_annotated.png	Fig_StrokeNiche_TrackDynamicMarkerRegulator_annotated.png	.png	1562414	5d2d6447843b9852c5f541b337f868655b8195f98b6feb35d280bee2e44857b4	zenodo_data_results_bundle/figures/Step65_track_dynamic_markers_regulators/Fig_StrokeNiche_TrackDynamicMarkerRegulator_annotated.png	/mnt/h/vir/ST/results/step8_strokeniche_perturbmap/track_dynamic_marker_regulator_65b_state_celltype_gene_auto
Step65_track_dynamic_markers_regulators	supplementary_or_qc	/mnt/h/vir/ST/results/step8_strokeniche_perturbmap/track_dynamic_marker_regulator_65b_state_celltype_gene_auto/Fig_StrokeNiche_TrackDynamicMarkerRegulator_annotated.svg	Fig_StrokeNiche_TrackDynamicMarkerRegulator_annotated.svg	.svg	205394	3bfc26425418efd955b1edf7297f52c0873c9bb85952e54054b117020bd6c53e	zenodo_data_results_bundle/figures/Step65_track_dynamic_markers_regulators/Fig_StrokeNiche_TrackDynamicMarkerRegulator_annotated.svg	/mnt/h/vir/ST/results/step8_strokeniche_perturbmap/track_dynamic_marker_regulator_65b_state_celltype_gene_auto
Step65_track_dynamic_markers_regulators	supplementary_or_qc	/mnt/h/vir/ST/results/step8_strokeniche_perturbmap/track_dynamic_marker_regulator_65b_state_celltype_gene_auto/Fig_StrokeNiche_TrackDynamicMarkerRegulator_clean_no_text.pdf	Fig_StrokeNiche_TrackDynamicMarkerRegulator_clean_no_text.pdf	.pdf	5183	bb4c5d756bea03d420193dd8e8ee50d36cb558690e2663e5168aeb53f5b9d3cb	zenodo_data_results_bundle/figures/Step65_track_dynamic_markers_regulators/Fig_StrokeNiche_TrackDynamicMarkerRegulator_clean_no_text.pdf	/mnt/h/vir/ST/results/step8_strokeniche_perturbmap/track_dynamic_marker_regulator_65b_state_celltype_gene_auto
Step65_track_dynamic_markers_regulators	supplementary_or_qc	/mnt/h/vir/ST/results/step8_strokeniche_perturbmap/track_dynamic_marker_regulator_65b_state_celltype_gene_auto/Fig_StrokeNiche_TrackDynamicMarkerRegulator_clean_no_text.png	Fig_StrokeNiche_TrackDynamicMarkerRegulator_clean_no_text.png	.png	152781	59b3997f9f4d18043809d892f397275fc60d5cc5b104015797c0c0d43967d623	zenodo_data_results_bundle/figures/Step65_track_dynamic_markers_regulators/Fig_StrokeNiche_TrackDynamicMarkerRegulator_clean_no_text.png	/mnt/h/vir/ST/results/step8_strokeniche_perturbmap/track_dynamic_marker_regulator_65b_state_celltype_gene_auto
Step65_track_dynamic_markers_regulators	supplementary_or_qc	/mnt/h/vir/ST/results/step8_strokeniche_perturbmap/track_dynamic_marker_regulator_65b_state_celltype_gene_auto/Fig_StrokeNiche_TrackDynamicMarkerRegulator_clean_no_text.svg	Fig_StrokeNiche_TrackDynamicMarkerRegulator_clean_no_text.svg	.svg	24634	9c75fce9de62abd5a12ade6140eed7ff2b8ee461f3b39a7eab2bacd49df471b8	zenodo_data_results_bundle/figures/Step65_track_dynamic_markers_regulators/Fig_StrokeNiche_TrackDynamicMarkerRegulator_clean_no_text.svg	/mnt/h/vir/ST/results/step8_strokeniche_perturbmap/track_dynamic_marker_regulator_65b_state_celltype_gene_auto
Step65_track_dynamic_markers_regulators	supplementary_or_qc	/mnt/h/vir/ST/results/step8_strokeniche_perturbmap/track_dynamic_marker_regulator_65c_state_celltype_gene_clean_stroke_no_externaldb/Fig_StrokeNiche_TrackDynamicMarkerRegulator_annotated.pdf	Fig_StrokeNiche_TrackDynamicMarkerRegulator_annotated.pdf	.pdf	38061	1f91f244634397f2026a35d8598ab947d611558a70d16f8b308aaa15679fcd43	zenodo_data_results_bundle/figures/Step65_track_dynamic_markers_regulators/Fig_StrokeNiche_TrackDynamicMarkerRegulator_annotated.pdf	/mnt/h/vir/ST/results/step8_strokeniche_perturbmap/track_dynamic_marker_regulator_65c_state_celltype_gene_clean_stroke_no_externaldb
Step65_track_dynamic_markers_regulators	supplementary_or_qc	/mnt/h/vir/ST/results/step8_strokeniche_perturbmap/track_dynamic_marker_regulator_65c_state_celltype_gene_clean_stroke_no_externaldb/Fig_StrokeNiche_TrackDynamicMarkerRegulator_annotated.png	Fig_StrokeNiche_TrackDynamicMarkerRegulator_annotated.png	.png	1568370	a32dd2ed88feb3c9d01da8f73b3da3b4e06291b6caf6a270cdda01170be48ac7	zenodo_data_results_bundle/figures/Step65_track_dynamic_markers_regulators/Fig_StrokeNiche_TrackDynamicMarkerRegulator_annotated.png	/mnt/h/vir/ST/results/step8_strokeniche_perturbmap/track_dynamic_marker_regulator_65c_state_celltype_gene_clean_stroke_no_externaldb
Step65_track_dynamic_markers_regulators	supplementary_or_qc	/mnt/h/vir/ST/results/step8_strokeniche_perturbmap/track_dynamic_marker_regulator_65c_state_celltype_gene_clean_stroke_no_externaldb/Fig_StrokeNiche_TrackDynamicMarkerRegulator_annotated.svg	Fig_StrokeNiche_TrackDynamicMarkerRegulator_annotated.svg	.svg	204324	dbb75de0f079e06f74a30a99b15419e85f095034b0f8534d59e4b34387dfc3e0	zenodo_data_results_bundle/figures/Step65_track_dynamic_markers_regulators/Fig_StrokeNiche_TrackDynamicMarkerRegulator_annotated.svg	/mnt/h/vir/ST/results/step8_strokeniche_perturbmap/track_dynamic_marker_regulator_65c_state_celltype_gene_clean_stroke_no_externaldb
Step65_track_dynamic_markers_regulators	supplementary_or_qc	/mnt/h/vir/ST/results/step8_strokeniche_perturbmap/track_dynamic_marker_regulator_65c_state_celltype_gene_clean_stroke_no_externaldb/Fig_StrokeNiche_TrackDynamicMarkerRegulator_clean_no_text.pdf	Fig_StrokeNiche_TrackDynamicMarkerRegulator_clean_no_text.pdf	.pdf	5190	c8c1caf95b1160d2b4688f035f700b20378f0fc7e619b1fe2c24a9786bac1e71	zenodo_data_results_bundle/figures/Step65_track_dynamic_markers_regulators/Fig_StrokeNiche_TrackDynamicMarkerRegulator_clean_no_text.pdf	/mnt/h/vir/ST/results/step8_strokeniche_perturbmap/track_dynamic_marker_regulator_65c_state_celltype_gene_clean_stroke_no_externaldb
Step65_track_dynamic_markers_regulators	supplementary_or_qc	/mnt/h/vir/ST/results/step8_strokeniche_perturbmap/track_dynamic_marker_regulator_65c_state_celltype_gene_clean_stroke_no_externaldb/Fig_StrokeNiche_TrackDynamicMarkerRegulator_clean_no_text.png	Fig_StrokeNiche_TrackDynamicMarkerRegulator_clean_no_text.png	.png	152784	034a53a07357ace1eca5b88a93deb90d7f2a1a88c5eb588d53c97f98b364a67e	zenodo_data_results_bundle/figures/Step65_track_dynamic_markers_regulators/Fig_StrokeNiche_TrackDynamicMarkerRegulator_clean_no_text.png	/mnt/h/vir/ST/results/step8_strokeniche_perturbmap/track_dynamic_marker_regulator_65c_state_celltype_gene_clean_stroke_no_externaldb
Step65_track_dynamic_markers_regulators	supplementary_or_qc	/mnt/h/vir/ST/results/step8_strokeniche_perturbmap/track_dynamic_marker_regulator_65c_state_celltype_gene_clean_stroke_no_externaldb/Fig_StrokeNiche_TrackDynamicMarkerRegulator_clean_no_text.svg	Fig_StrokeNiche_TrackDynamicMarkerRegulator_clean_no_text.svg	.svg	24632	686ca2cd9292c582734e85a724577bb07dd375eab7fbaede91dc6111204a724f	zenodo_data_results_bundle/figures/Step65_track_dynamic_markers_regulators/Fig_StrokeNiche_TrackDynamicMarkerRegulator_clean_no_text.svg	/mnt/h/vir/ST/results/step8_strokeniche_perturbmap/track_dynamic_marker_regulator_65c_state_celltype_gene_clean_stroke_no_externaldb
Step65_track_dynamic_markers_regulators	supplementary_or_qc	/mnt/h/vir/ST/results/step8_strokeniche_perturbmap/track_dynamic_marker_regulator_65c_state_celltype_gene_clean_stroke_real_externaldb/Fig_StrokeNiche_TrackDynamicMarkerRegulator_annotated.pdf	Fig_StrokeNiche_TrackDynamicMarkerRegulator_annotated.pdf	.pdf	40742	a21d1fb8dc308d9d22698274794d3879e4575463a1653630ac2dabc4187146fe	zenodo_data_results_bundle/figures/Step65_track_dynamic_markers_regulators/Fig_StrokeNiche_TrackDynamicMarkerRegulator_annotated.pdf	/mnt/h/vir/ST/results/step8_strokeniche_perturbmap/track_dynamic_marker_regulator_65c_state_celltype_gene_clean_stroke_real_externaldb
Step65_track_dynamic_markers_regulators	supplementary_or_qc	/mnt/h/vir/ST/results/step8_strokeniche_perturbmap/track_dynamic_marker_regulator_65c_state_celltype_gene_clean_stroke_real_externaldb/Fig_StrokeNiche_TrackDynamicMarkerRegulator_annotated.png	Fig_StrokeNiche_TrackDynamicMarkerRegulator_annotated.png	.png	1646644	30fe6b9fcb85355713ae31dd4c650b80f24657eb389ed7918357d001146df2ca	zenodo_data_results_bundle/figures/Step65_track_dynamic_markers_regulators/Fig_StrokeNiche_TrackDynamicMarkerRegulator_annotated.png	/mnt/h/vir/ST/results/step8_strokeniche_perturbmap/track_dynamic_marker_regulator_65c_state_celltype_gene_clean_stroke_real_externaldb
Step65_track_dynamic_markers_regulators	supplementary_or_qc	/mnt/h/vir/ST/results/step8_strokeniche_perturbmap/track_dynamic_marker_regulator_65c_state_celltype_gene_clean_stroke_real_externaldb/Fig_StrokeNiche_TrackDynamicMarkerRegulator_annotated.svg	Fig_StrokeNiche_TrackDynamicMarkerRegulator_annotated.svg	.svg	218527	e90ea0307ff24cbfe99f35e4c24becb4f586b5beb63f64a8798b1eb21d4cf48e	zenodo_data_results_bundle/figures/Step65_track_dynamic_markers_regulators/Fig_StrokeNiche_TrackDynamicMarkerRegulator_annotated.svg	/mnt/h/vir/ST/results/step8_strokeniche_perturbmap/track_dynamic_marker_regulator_65c_state_celltype_gene_clean_stroke_real_externaldb
Step65_track_dynamic_markers_regulators	supplementary_or_qc	/mnt/h/vir/ST/results/step8_strokeniche_perturbmap/track_dynamic_marker_regulator_65c_state_celltype_gene_clean_stroke_real_externaldb/Fig_StrokeNiche_TrackDynamicMarkerRegulator_clean_no_text.pdf	Fig_StrokeNiche_TrackDynamicMarkerRegulator_clean_no_text.pdf	.pdf	5187	c8d3e23ab4f246c8fb7e434d29974f49fa525f06b4c0984ac28cb455ca6ed87b	zenodo_data_results_bundle/figures/Step65_track_dynamic_markers_regulators/Fig_StrokeNiche_TrackDynamicMarkerRegulator_clean_no_text.pdf	/mnt/h/vir/ST/results/step8_strokeniche_perturbmap/track_dynamic_marker_regulator_65c_state_celltype_gene_clean_stroke_real_externaldb
Step65_track_dynamic_markers_regulators	supplementary_or_qc	/mnt/h/vir/ST/results/step8_strokeniche_perturbmap/track_dynamic_marker_regulator_65c_state_celltype_gene_clean_stroke_real_externaldb/Fig_StrokeNiche_TrackDynamicMarkerRegulator_clean_no_text.png	Fig_StrokeNiche_TrackDynamicMarkerRegulator_clean_no_text.png	.png	152782	5e6a4c96a15977f29125b876906e51902985791a5f4ba5d54b25e8b8216ccf95	zenodo_data_results_bundle/figures/Step65_track_dynamic_markers_regulators/Fig_StrokeNiche_TrackDynamicMarkerRegulator_clean_no_text.png	/mnt/h/vir/ST/results/step8_strokeniche_perturbmap/track_dynamic_marker_regulator_65c_state_celltype_gene_clean_stroke_real_externaldb
Step65_track_dynamic_markers_regulators	supplementary_or_qc	/mnt/h/vir/ST/results/step8_strokeniche_perturbmap/track_dynamic_marker_regulator_65c_state_celltype_gene_clean_stroke_real_externaldb/Fig_StrokeNiche_TrackDynamicMarkerRegulator_clean_no_text.svg	Fig_StrokeNiche_TrackDynamicMarkerRegulator_clean_no_text.svg	.svg	24630	9a520f2aca6759d0b0063d0ef75a7f6d91542d3a00726c7fbf8761f40ee8c566	zenodo_data_results_bundle/figures/Step65_track_dynamic_markers_regulators/Fig_StrokeNiche_TrackDynamicMarkerRegulator_clean_no_text.svg	/mnt/h/vir/ST/results/step8_strokeniche_perturbmap/track_dynamic_marker_regulator_65c_state_celltype_gene_clean_stroke_real_externaldb
Step65_track_dynamic_markers_regulators	supplementary_or_qc	/mnt/h/vir/ST/results/step8_strokeniche_perturbmap/track_dynamic_marker_regulator_65c_state_celltype_gene_clean_stroke_real_externaldb_no_encode_metadata/Fig_StrokeNiche_TrackDynamicMarkerRegulator_annotated.pdf	Fig_StrokeNiche_TrackDynamicMarkerRegulator_annotated.pdf	.pdf	40742	69851a3a6fca9ffc414fbb2f521a300a19fd37dd4177d51ba0489d621a7a46a3	zenodo_data_results_bundle/figures/Step65_track_dynamic_markers_regulators/Fig_StrokeNiche_TrackDynamicMarkerRegulator_annotated.pdf	/mnt/h/vir/ST/results/step8_strokeniche_perturbmap/track_dynamic_marker_regulator_65c_state_celltype_gene_clean_stroke_real_externaldb_no_encode_metadata
Step65_track_dynamic_markers_regulators	supplementary_or_qc	/mnt/h/vir/ST/results/step8_strokeniche_perturbmap/track_dynamic_marker_regulator_65c_state_celltype_gene_clean_stroke_real_externaldb_no_encode_metadata/Fig_StrokeNiche_TrackDynamicMarkerRegulator_annotated.png	Fig_StrokeNiche_TrackDynamicMarkerRegulator_annotated.png	.png	1646644	30fe6b9fcb85355713ae31dd4c650b80f24657eb389ed7918357d001146df2ca	zenodo_data_results_bundle/figures/Step65_track_dynamic_markers_regulators/Fig_StrokeNiche_TrackDynamicMarkerRegulator_annotated.png	/mnt/h/vir/ST/results/step8_strokeniche_perturbmap/track_dynamic_marker_regulator_65c_state_celltype_gene_clean_stroke_real_externaldb_no_encode_metadata
Step65_track_dynamic_markers_regulators	supplementary_or_qc	/mnt/h/vir/ST/results/step8_strokeniche_perturbmap/track_dynamic_marker_regulator_65c_state_celltype_gene_clean_stroke_real_externaldb_no_encode_metadata/Fig_StrokeNiche_TrackDynamicMarkerRegulator_annotated.svg	Fig_StrokeNiche_TrackDynamicMarkerRegulator_annotated.svg	.svg	218527	74e1477656fc0f35932ce0f7488be74acf3567ab2856e58dc961cc6c932718aa	zenodo_data_results_bundle/figures/Step65_track_dynamic_markers_regulators/Fig_StrokeNiche_TrackDynamicMarkerRegulator_annotated.svg	/mnt/h/vir/ST/results/step8_strokeniche_perturbmap/track_dynamic_marker_regulator_65c_state_celltype_gene_clean_stroke_real_externaldb_no_encode_metadata
Step65_track_dynamic_markers_regulators	supplementary_or_qc	/mnt/h/vir/ST/results/step8_strokeniche_perturbmap/track_dynamic_marker_regulator_65c_state_celltype_gene_clean_stroke_real_externaldb_no_encode_metadata/Fig_StrokeNiche_TrackDynamicMarkerRegulator_clean_no_text.pdf	Fig_StrokeNiche_TrackDynamicMarkerRegulator_clean_no_text.pdf	.pdf	5187	8191f972a50f5509ba0a7915b9a9864ed26a4a1a7128044ba5d0ecef8eca0727	zenodo_data_results_bundle/figures/Step65_track_dynamic_markers_regulators/Fig_StrokeNiche_TrackDynamicMarkerRegulator_clean_no_text.pdf	/mnt/h/vir/ST/results/step8_strokeniche_perturbmap/track_dynamic_marker_regulator_65c_state_celltype_gene_clean_stroke_real_externaldb_no_encode_metadata
Step65_track_dynamic_markers_regulators	supplementary_or_qc	/mnt/h/vir/ST/results/step8_strokeniche_perturbmap/track_dynamic_marker_regulator_65c_state_celltype_gene_clean_stroke_real_externaldb_no_encode_metadata/Fig_StrokeNiche_TrackDynamicMarkerRegulator_clean_no_text.png	Fig_StrokeNiche_TrackDynamicMarkerRegulator_clean_no_text.png	.png	152782	5e6a4c96a15977f29125b876906e51902985791a5f4ba5d54b25e8b8216ccf95	zenodo_data_results_bundle/figures/Step65_track_dynamic_markers_regulators/Fig_StrokeNiche_TrackDynamicMarkerRegulator_clean_no_text.png	/mnt/h/vir/ST/results/step8_strokeniche_perturbmap/track_dynamic_marker_regulator_65c_state_celltype_gene_clean_stroke_real_externaldb_no_encode_metadata
Step65_track_dynamic_markers_regulators	supplementary_or_qc	/mnt/h/vir/ST/results/step8_strokeniche_perturbmap/track_dynamic_marker_regulator_65c_state_celltype_gene_clean_stroke_real_externaldb_no_encode_metadata/Fig_StrokeNiche_TrackDynamicMarkerRegulator_clean_no_text.svg	Fig_StrokeNiche_TrackDynamicMarkerRegulator_clean_no_text.svg	.svg	24630	bdd41c3e4aaf4365ce1e19c5520e6a8bf1cd43d25595a1662c31647a2b793bd7	zenodo_data_results_bundle/figures/Step65_track_dynamic_markers_regulators/Fig_StrokeNiche_TrackDynamicMarkerRegulator_clean_no_text.svg	/mnt/h/vir/ST/results/step8_strokeniche_perturbmap/track_dynamic_marker_regulator_65c_state_celltype_gene_clean_stroke_real_externaldb_no_encode_metadata
Step65_track_dynamic_markers_regulators	supplementary_or_qc	/mnt/h/vir/ST/results/step8_strokeniche_perturbmap/track_dynamic_marker_regulator_65e_encode_chipseq_housekeeping_filtered/Fig_Step65E_EncodeChipseq_HousekeepingFiltered_annotated.pdf	Fig_Step65E_EncodeChipseq_HousekeepingFiltered_annotated.pdf	.pdf	35557	9fa972c38ce059759d8e72c2f3cafd8a1f9166aeb77278a39252535e2389dec1	zenodo_data_results_bundle/figures/Step65_track_dynamic_markers_regulators/Fig_Step65E_EncodeChipseq_HousekeepingFiltered_annotated.pdf	/mnt/h/vir/ST/results/step8_strokeniche_perturbmap/track_dynamic_marker_regulator_65e_encode_chipseq_housekeeping_filtered
Step65_track_dynamic_markers_regulators	supplementary_or_qc	/mnt/h/vir/ST/results/step8_strokeniche_perturbmap/track_dynamic_marker_regulator_65e_encode_chipseq_housekeeping_filtered/Fig_Step65E_EncodeChipseq_HousekeepingFiltered_annotated.png	Fig_Step65E_EncodeChipseq_HousekeepingFiltered_annotated.png	.png	1085050	7113a6c4a5f0c543c2c4aa74f68be2411a25b572bc44d9dae7e50336ef270a1f	zenodo_data_results_bundle/figures/Step65_track_dynamic_markers_regulators/Fig_Step65E_EncodeChipseq_HousekeepingFiltered_annotated.png	/mnt/h/vir/ST/results/step8_strokeniche_perturbmap/track_dynamic_marker_regulator_65e_encode_chipseq_housekeeping_filtered
Step65_track_dynamic_markers_regulators	supplementary_or_qc	/mnt/h/vir/ST/results/step8_strokeniche_perturbmap/track_dynamic_marker_regulator_65e_encode_chipseq_housekeeping_filtered/Fig_Step65E_EncodeChipseq_HousekeepingFiltered_annotated.svg	Fig_Step65E_EncodeChipseq_HousekeepingFiltered_annotated.svg	.svg	174620	685c4dc211f2aff29c567aab81d08165ce57b45bafb834d6c68ae0fe5c4dd72b	zenodo_data_results_bundle/figures/Step65_track_dynamic_markers_regulators/Fig_Step65E_EncodeChipseq_HousekeepingFiltered_annotated.svg	/mnt/h/vir/ST/results/step8_strokeniche_perturbmap/track_dynamic_marker_regulator_65e_encode_chipseq_housekeeping_filtered
Step65_track_dynamic_markers_regulators	supplementary_or_qc	/mnt/h/vir/ST/results/step8_strokeniche_perturbmap/track_dynamic_marker_regulator_65e_encode_chipseq_housekeeping_filtered/Fig_Step65E_EncodeChipseq_HousekeepingFiltered_clean_no_text.pdf	Fig_Step65E_EncodeChipseq_HousekeepingFiltered_clean_no_text.pdf	.pdf	2478	ae41f4ccbe117121609e1eccfb8e2d93c297703e8ea709b6e23fee6ebe2787eb	zenodo_data_results_bundle/figures/Step65_track_dynamic_markers_regulators/Fig_Step65E_EncodeChipseq_HousekeepingFiltered_clean_no_text.pdf	/mnt/h/vir/ST/results/step8_strokeniche_perturbmap/track_dynamic_marker_regulator_65e_encode_chipseq_housekeeping_filtered
Step65_track_dynamic_markers_regulators	supplementary_or_qc	/mnt/h/vir/ST/results/step8_strokeniche_perturbmap/track_dynamic_marker_regulator_65e_encode_chipseq_housekeeping_filtered/Fig_Step65E_EncodeChipseq_HousekeepingFiltered_clean_no_text.png	Fig_Step65E_EncodeChipseq_HousekeepingFiltered_clean_no_text.png	.png	127698	929f3c4bf82607d8dc4e496edb94e549dea4bffbd8f48f0be1bf2dca37127311	zenodo_data_results_bundle/figures/Step65_track_dynamic_markers_regulators/Fig_Step65E_EncodeChipseq_HousekeepingFiltered_clean_no_text.png	/mnt/h/vir/ST/results/step8_strokeniche_perturbmap/track_dynamic_marker_regulator_65e_encode_chipseq_housekeeping_filtered
Step65_track_dynamic_markers_regulators	supplementary_or_qc	/mnt/h/vir/ST/results/step8_strokeniche_perturbmap/track_dynamic_marker_regulator_65e_encode_chipseq_housekeeping_filtered/Fig_Step65E_EncodeChipseq_HousekeepingFiltered_clean_no_text.svg	Fig_Step65E_EncodeChipseq_HousekeepingFiltered_clean_no_text.svg	.svg	10688	32edf8d46add66fdf50dba6300d3c9a2309dd0d2babf0d305b96e688000c3128	zenodo_data_results_bundle/figures/Step65_track_dynamic_markers_regulators/Fig_Step65E_EncodeChipseq_HousekeepingFiltered_clean_no_text.svg	/mnt/h/vir/ST/results/step8_strokeniche_perturbmap/track_dynamic_marker_regulator_65e_encode_chipseq_housekeeping_filtered
Step66_perturbation_fdr_summary	supplementary_or_qc	/mnt/h/vir/ST/results/step8_strokeniche_perturbmap/codex_handoff_strokeniche_UNAGI_like_63_68_20260602_011244/figures/track_level_perturbation_fdr_66f_manuscript_ready_summary/Fig_Step66F_ManuscriptReadyPerturbationSummary_annotated.pdf	Fig_Step66F_ManuscriptReadyPerturbationSummary_annotated.pdf	.pdf	35957	795ea74505b2bb91b09a4381c3e854a8775ecd768ecb0c064ebed4034a85fa7c	zenodo_data_results_bundle/figures/Step66_perturbation_fdr_summary/Fig_Step66F_ManuscriptReadyPerturbationSummary_annotated.pdf	/mnt/h/vir/ST/results/step8_strokeniche_perturbmap/codex_handoff_strokeniche_UNAGI_like_63_68_20260602_011244/figures/track_level_perturbation_fdr_66f_manuscript_ready_summary
Step66_perturbation_fdr_summary	supplementary_or_qc	/mnt/h/vir/ST/results/step8_strokeniche_perturbmap/codex_handoff_strokeniche_UNAGI_like_63_68_20260602_011244/figures/track_level_perturbation_fdr_66f_manuscript_ready_summary/Fig_Step66F_ManuscriptReadyPerturbationSummary_annotated.png	Fig_Step66F_ManuscriptReadyPerturbationSummary_annotated.png	.png	1555255	aaa7db3fa33f643c70555d2b94909d2f6d744dd9cf5f53ab8e1a4a45f4886691	zenodo_data_results_bundle/figures/Step66_perturbation_fdr_summary/Fig_Step66F_ManuscriptReadyPerturbationSummary_annotated.png	/mnt/h/vir/ST/results/step8_strokeniche_perturbmap/codex_handoff_strokeniche_UNAGI_like_63_68_20260602_011244/figures/track_level_perturbation_fdr_66f_manuscript_ready_summary
Step66_perturbation_fdr_summary	supplementary_or_qc	/mnt/h/vir/ST/results/step8_strokeniche_perturbmap/codex_handoff_strokeniche_UNAGI_like_63_68_20260602_011244/figures/track_level_perturbation_fdr_66f_manuscript_ready_summary/Fig_Step66F_ManuscriptReadyPerturbationSummary_annotated.svg	Fig_Step66F_ManuscriptReadyPerturbationSummary_annotated.svg	.svg	182131	198fb37a894731af686bfc9438ff8f0f32b26e5eac8cdd9bc7a69367272f6b45	zenodo_data_results_bundle/figures/Step66_perturbation_fdr_summary/Fig_Step66F_ManuscriptReadyPerturbationSummary_annotated.svg	/mnt/h/vir/ST/results/step8_strokeniche_perturbmap/codex_handoff_strokeniche_UNAGI_like_63_68_20260602_011244/figures/track_level_perturbation_fdr_66f_manuscript_ready_summary
Step66_perturbation_fdr_summary	supplementary_or_qc	/mnt/h/vir/ST/results/step8_strokeniche_perturbmap/codex_handoff_strokeniche_UNAGI_like_63_68_20260602_011244/figures/track_level_perturbation_fdr_66f_manuscript_ready_summary/Fig_Step66F_ManuscriptReadyPerturbationSummary_clean_no_text.pdf	Fig_Step66F_ManuscriptReadyPerturbationSummary_clean_no_text.pdf	.pdf	3832	a1f9a5fc7c81855c173a99a1a49ec7b9d80d75d0e7d90e61388c9b1e201ee2ee	zenodo_data_results_bundle/figures/Step66_perturbation_fdr_summary/Fig_Step66F_ManuscriptReadyPerturbationSummary_clean_no_text.pdf	/mnt/h/vir/ST/results/step8_strokeniche_perturbmap/codex_handoff_strokeniche_UNAGI_like_63_68_20260602_011244/figures/track_level_perturbation_fdr_66f_manuscript_ready_summary
Step66_perturbation_fdr_summary	supplementary_or_qc	/mnt/h/vir/ST/results/step8_strokeniche_perturbmap/codex_handoff_strokeniche_UNAGI_like_63_68_20260602_011244/figures/track_level_perturbation_fdr_66f_manuscript_ready_summary/Fig_Step66F_ManuscriptReadyPerturbationSummary_clean_no_text.png	Fig_Step66F_ManuscriptReadyPerturbationSummary_clean_no_text.png	.png	181091	fe88cce604a3ff5308cb6b8c10bed44b85b8aef84c06e404904ad17f5bd98f17	zenodo_data_results_bundle/figures/Step66_perturbation_fdr_summary/Fig_Step66F_ManuscriptReadyPerturbationSummary_clean_no_text.png	/mnt/h/vir/ST/results/step8_strokeniche_perturbmap/codex_handoff_strokeniche_UNAGI_like_63_68_20260602_011244/figures/track_level_perturbation_fdr_66f_manuscript_ready_summary
Step66_perturbation_fdr_summary	supplementary_or_qc	/mnt/h/vir/ST/results/step8_strokeniche_perturbmap/codex_handoff_strokeniche_UNAGI_like_63_68_20260602_011244/figures/track_level_perturbation_fdr_66f_manuscript_ready_summary/Fig_Step66F_ManuscriptReadyPerturbationSummary_clean_no_text.svg	Fig_Step66F_ManuscriptReadyPerturbationSummary_clean_no_text.svg	.svg	19422	045382a7b2828c7d40c6ba90578e2ce6578aa906a918383d19b4c2213d2c6e8c	zenodo_data_results_bundle/figures/Step66_perturbation_fdr_summary/Fig_Step66F_ManuscriptReadyPerturbationSummary_clean_no_text.svg	/mnt/h/vir/ST/results/step8_strokeniche_perturbmap/codex_handoff_strokeniche_UNAGI_like_63_68_20260602_011244/figures/track_level_perturbation_fdr_66f_manuscript_ready_summary
Step66_perturbation_fdr_summary	supplementary_or_qc	/mnt/h/vir/ST/results/step8_strokeniche_perturbmap/track_level_perturbation_fdr_66f_manuscript_ready_summary/Fig_Step66F_ManuscriptReadyPerturbationSummary_annotated.pdf	Fig_Step66F_ManuscriptReadyPerturbationSummary_annotated.pdf	.pdf	35957	795ea74505b2bb91b09a4381c3e854a8775ecd768ecb0c064ebed4034a85fa7c	zenodo_data_results_bundle/figures/Step66_perturbation_fdr_summary/Fig_Step66F_ManuscriptReadyPerturbationSummary_annotated.pdf	/mnt/h/vir/ST/results/step8_strokeniche_perturbmap/track_level_perturbation_fdr_66f_manuscript_ready_summary
Step66_perturbation_fdr_summary	supplementary_or_qc	/mnt/h/vir/ST/results/step8_strokeniche_perturbmap/track_level_perturbation_fdr_66f_manuscript_ready_summary/Fig_Step66F_ManuscriptReadyPerturbationSummary_annotated.png	Fig_Step66F_ManuscriptReadyPerturbationSummary_annotated.png	.png	1555255	aaa7db3fa33f643c70555d2b94909d2f6d744dd9cf5f53ab8e1a4a45f4886691	zenodo_data_results_bundle/figures/Step66_perturbation_fdr_summary/Fig_Step66F_ManuscriptReadyPerturbationSummary_annotated.png	/mnt/h/vir/ST/results/step8_strokeniche_perturbmap/track_level_perturbation_fdr_66f_manuscript_ready_summary
Step66_perturbation_fdr_summary	supplementary_or_qc	/mnt/h/vir/ST/results/step8_strokeniche_perturbmap/track_level_perturbation_fdr_66f_manuscript_ready_summary/Fig_Step66F_ManuscriptReadyPerturbationSummary_annotated.svg	Fig_Step66F_ManuscriptReadyPerturbationSummary_annotated.svg	.svg	182131	198fb37a894731af686bfc9438ff8f0f32b26e5eac8cdd9bc7a69367272f6b45	zenodo_data_results_bundle/figures/Step66_perturbation_fdr_summary/Fig_Step66F_ManuscriptReadyPerturbationSummary_annotated.svg	/mnt/h/vir/ST/results/step8_strokeniche_perturbmap/track_level_perturbation_fdr_66f_manuscript_ready_summary
Step66_perturbation_fdr_summary	supplementary_or_qc	/mnt/h/vir/ST/results/step8_strokeniche_perturbmap/track_level_perturbation_fdr_66f_manuscript_ready_summary/Fig_Step66F_ManuscriptReadyPerturbationSummary_clean_no_text.pdf	Fig_Step66F_ManuscriptReadyPerturbationSummary_clean_no_text.pdf	.pdf	3832	a1f9a5fc7c81855c173a99a1a49ec7b9d80d75d0e7d90e61388c9b1e201ee2ee	zenodo_data_results_bundle/figures/Step66_perturbation_fdr_summary/Fig_Step66F_ManuscriptReadyPerturbationSummary_clean_no_text.pdf	/mnt/h/vir/ST/results/step8_strokeniche_perturbmap/track_level_perturbation_fdr_66f_manuscript_ready_summary
Step66_perturbation_fdr_summary	supplementary_or_qc	/mnt/h/vir/ST/results/step8_strokeniche_perturbmap/track_level_perturbation_fdr_66f_manuscript_ready_summary/Fig_Step66F_ManuscriptReadyPerturbationSummary_clean_no_text.png	Fig_Step66F_ManuscriptReadyPerturbationSummary_clean_no_text.png	.png	181091	fe88cce604a3ff5308cb6b8c10bed44b85b8aef84c06e404904ad17f5bd98f17	zenodo_data_results_bundle/figures/Step66_perturbation_fdr_summary/Fig_Step66F_ManuscriptReadyPerturbationSummary_clean_no_text.png	/mnt/h/vir/ST/results/step8_strokeniche_perturbmap/track_level_perturbation_fdr_66f_manuscript_ready_summary
Step66_perturbation_fdr_summary	supplementary_or_qc	/mnt/h/vir/ST/results/step8_strokeniche_perturbmap/track_level_perturbation_fdr_66f_manuscript_ready_summary/Fig_Step66F_ManuscriptReadyPerturbationSummary_clean_no_text.svg	Fig_Step66F_ManuscriptReadyPerturbationSummary_clean_no_text.svg	.svg	19422	045382a7b2828c7d40c6ba90578e2ce6578aa906a918383d19b4c2213d2c6e8c	zenodo_data_results_bundle/figures/Step66_perturbation_fdr_summary/Fig_Step66F_ManuscriptReadyPerturbationSummary_clean_no_text.svg	/mnt/h/vir/ST/results/step8_strokeniche_perturbmap/track_level_perturbation_fdr_66f_manuscript_ready_summary
Step68_validation_layer	supplementary_or_qc	/mnt/h/vir/ST/results/step8_strokeniche_perturbmap/codex_handoff_strokeniche_UNAGI_like_63_68_20260602_011244/figures/validation_layer_68h_compartment_aware_debug/Fig_Step68H_CompartmentAwareValidation_annotated.pdf	Fig_Step68H_CompartmentAwareValidation_annotated.pdf	.pdf	34000	907eb17d684f2ddf440a7109f9676459bfc622fae64d9214004feeedf8333bab	zenodo_data_results_bundle/figures/Step68_validation_layer/Fig_Step68H_CompartmentAwareValidation_annotated.pdf	/mnt/h/vir/ST/results/step8_strokeniche_perturbmap/codex_handoff_strokeniche_UNAGI_like_63_68_20260602_011244/figures/validation_layer_68h_compartment_aware_debug
Step68_validation_layer	supplementary_or_qc	/mnt/h/vir/ST/results/step8_strokeniche_perturbmap/codex_handoff_strokeniche_UNAGI_like_63_68_20260602_011244/figures/validation_layer_68h_compartment_aware_debug/Fig_Step68H_CompartmentAwareValidation_annotated.png	Fig_Step68H_CompartmentAwareValidation_annotated.png	.png	1538204	8cf079b44a1c2d5fad0283551d1dab8a9c0d26899fcbffd68ef745490cac844a	zenodo_data_results_bundle/figures/Step68_validation_layer/Fig_Step68H_CompartmentAwareValidation_annotated.png	/mnt/h/vir/ST/results/step8_strokeniche_perturbmap/codex_handoff_strokeniche_UNAGI_like_63_68_20260602_011244/figures/validation_layer_68h_compartment_aware_debug
Step68_validation_layer	supplementary_or_qc	/mnt/h/vir/ST/results/step8_strokeniche_perturbmap/codex_handoff_strokeniche_UNAGI_like_63_68_20260602_011244/figures/validation_layer_68h_compartment_aware_debug/Fig_Step68H_CompartmentAwareValidation_annotated.svg	Fig_Step68H_CompartmentAwareValidation_annotated.svg	.svg	184033	f773bf57828c3b90493aebd8b8fe90a6a5d42c59a4b5d44ec22bf32e121eb4b0	zenodo_data_results_bundle/figures/Step68_validation_layer/Fig_Step68H_CompartmentAwareValidation_annotated.svg	/mnt/h/vir/ST/results/step8_strokeniche_perturbmap/codex_handoff_strokeniche_UNAGI_like_63_68_20260602_011244/figures/validation_layer_68h_compartment_aware_debug
Step68_validation_layer	supplementary_or_qc	/mnt/h/vir/ST/results/step8_strokeniche_perturbmap/codex_handoff_strokeniche_UNAGI_like_63_68_20260602_011244/figures/validation_layer_68h_compartment_aware_debug/Fig_Step68H_CompartmentAwareValidation_clean_no_text.pdf	Fig_Step68H_CompartmentAwareValidation_clean_no_text.pdf	.pdf	4019	8ee73d7d104adb6c7456f03cfc6e6956e1be5d72596fe494c827c85f52fe8214	zenodo_data_results_bundle/figures/Step68_validation_layer/Fig_Step68H_CompartmentAwareValidation_clean_no_text.pdf	/mnt/h/vir/ST/results/step8_strokeniche_perturbmap/codex_handoff_strokeniche_UNAGI_like_63_68_20260602_011244/figures/validation_layer_68h_compartment_aware_debug
Step68_validation_layer	supplementary_or_qc	/mnt/h/vir/ST/results/step8_strokeniche_perturbmap/codex_handoff_strokeniche_UNAGI_like_63_68_20260602_011244/figures/validation_layer_68h_compartment_aware_debug/Fig_Step68H_CompartmentAwareValidation_clean_no_text.png	Fig_Step68H_CompartmentAwareValidation_clean_no_text.png	.png	187745	4345cfd0334273391250ad54322670247aea95ef41def5c65c785b567eae1510	zenodo_data_results_bundle/figures/Step68_validation_layer/Fig_Step68H_CompartmentAwareValidation_clean_no_text.png	/mnt/h/vir/ST/results/step8_strokeniche_perturbmap/codex_handoff_strokeniche_UNAGI_like_63_68_20260602_011244/figures/validation_layer_68h_compartment_aware_debug
Step68_validation_layer	supplementary_or_qc	/mnt/h/vir/ST/results/step8_strokeniche_perturbmap/codex_handoff_strokeniche_UNAGI_like_63_68_20260602_011244/figures/validation_layer_68h_compartment_aware_debug/Fig_Step68H_CompartmentAwareValidation_clean_no_text.svg	Fig_Step68H_CompartmentAwareValidation_clean_no_text.svg	.svg	9841	a8801025303f1b67b4fc7674511ed16e2b9d7f985e748e045ff13abb75c700f0	zenodo_data_results_bundle/figures/Step68_validation_layer/Fig_Step68H_CompartmentAwareValidation_clean_no_text.svg	/mnt/h/vir/ST/results/step8_strokeniche_perturbmap/codex_handoff_strokeniche_UNAGI_like_63_68_20260602_011244/figures/validation_layer_68h_compartment_aware_debug
Step68_validation_layer	supplementary_or_qc	/mnt/h/vir/ST/results/step8_strokeniche_perturbmap/codex_handoff_strokeniche_UNAGI_like_63_68_20260602_011244/figures/validation_layer_68h_compartment_aware_debug_dryrun/Fig_Step68H_CompartmentAwareValidation_annotated.pdf	Fig_Step68H_CompartmentAwareValidation_annotated.pdf	.pdf	33978	bf7fa99f9ebc433d47469b8cf2c01b549c06f712f1b131a8e2f54f8d6a192233	zenodo_data_results_bundle/figures/Step68_validation_layer/Fig_Step68H_CompartmentAwareValidation_annotated.pdf	/mnt/h/vir/ST/results/step8_strokeniche_perturbmap/codex_handoff_strokeniche_UNAGI_like_63_68_20260602_011244/figures/validation_layer_68h_compartment_aware_debug_dryrun
Step68_validation_layer	supplementary_or_qc	/mnt/h/vir/ST/results/step8_strokeniche_perturbmap/codex_handoff_strokeniche_UNAGI_like_63_68_20260602_011244/figures/validation_layer_68h_compartment_aware_debug_dryrun/Fig_Step68H_CompartmentAwareValidation_annotated.png	Fig_Step68H_CompartmentAwareValidation_annotated.png	.png	720053	b0923a7e9f24e5b2d679d3d2e191ceef34fdf2980c7bf83bd354a6aa93be4469	zenodo_data_results_bundle/figures/Step68_validation_layer/Fig_Step68H_CompartmentAwareValidation_annotated.png	/mnt/h/vir/ST/results/step8_strokeniche_perturbmap/codex_handoff_strokeniche_UNAGI_like_63_68_20260602_011244/figures/validation_layer_68h_compartment_aware_debug_dryrun
Step68_validation_layer	supplementary_or_qc	/mnt/h/vir/ST/results/step8_strokeniche_perturbmap/codex_handoff_strokeniche_UNAGI_like_63_68_20260602_011244/figures/validation_layer_68h_compartment_aware_debug_dryrun/Fig_Step68H_CompartmentAwareValidation_annotated.svg	Fig_Step68H_CompartmentAwareValidation_annotated.svg	.svg	182678	7020e21540edf99293d434bb0e28a9e0e34585db2949d19b6a6960126cb18bca	zenodo_data_results_bundle/figures/Step68_validation_layer/Fig_Step68H_CompartmentAwareValidation_annotated.svg	/mnt/h/vir/ST/results/step8_strokeniche_perturbmap/codex_handoff_strokeniche_UNAGI_like_63_68_20260602_011244/figures/validation_layer_68h_compartment_aware_debug_dryrun
Step68_validation_layer	supplementary_or_qc	/mnt/h/vir/ST/results/step8_strokeniche_perturbmap/codex_handoff_strokeniche_UNAGI_like_63_68_20260602_011244/figures/validation_layer_68h_compartment_aware_debug_dryrun/Fig_Step68H_CompartmentAwareValidation_clean_no_text.pdf	Fig_Step68H_CompartmentAwareValidation_clean_no_text.pdf	.pdf	4012	5f08efa5a05093d5566494bb72fce7d9a34e559f8b6a242219af140be12cf375	zenodo_data_results_bundle/figures/Step68_validation_layer/Fig_Step68H_CompartmentAwareValidation_clean_no_text.pdf	/mnt/h/vir/ST/results/step8_strokeniche_perturbmap/codex_handoff_strokeniche_UNAGI_like_63_68_20260602_011244/figures/validation_layer_68h_compartment_aware_debug_dryrun
Step68_validation_layer	supplementary_or_qc	/mnt/h/vir/ST/results/step8_strokeniche_perturbmap/codex_handoff_strokeniche_UNAGI_like_63_68_20260602_011244/figures/validation_layer_68h_compartment_aware_debug_dryrun/Fig_Step68H_CompartmentAwareValidation_clean_no_text.png	Fig_Step68H_CompartmentAwareValidation_clean_no_text.png	.png	55220	89f9c27952acb4d9904ed43b0eb4044f479c5ace3decf2cc170ecbb1de8a872c	zenodo_data_results_bundle/figures/Step68_validation_layer/Fig_Step68H_CompartmentAwareValidation_clean_no_text.png	/mnt/h/vir/ST/results/step8_strokeniche_perturbmap/codex_handoff_strokeniche_UNAGI_like_63_68_20260602_011244/figures/validation_layer_68h_compartment_aware_debug_dryrun
Step68_validation_layer	supplementary_or_qc	/mnt/h/vir/ST/results/step8_strokeniche_perturbmap/codex_handoff_strokeniche_UNAGI_like_63_68_20260602_011244/figures/validation_layer_68h_compartment_aware_debug_dryrun/Fig_Step68H_CompartmentAwareValidation_clean_no_text.svg	Fig_Step68H_CompartmentAwareValidation_clean_no_text.svg	.svg	9841	67b9ed45dd18182970af871fcc9d8816b3bf12afc69ae5a40595a41f91315d2e	zenodo_data_results_bundle/figures/Step68_validation_layer/Fig_Step68H_CompartmentAwareValidation_clean_no_text.svg	/mnt/h/vir/ST/results/step8_strokeniche_perturbmap/codex_handoff_strokeniche_UNAGI_like_63_68_20260602_011244/figures/validation_layer_68h_compartment_aware_debug_dryrun
Step68_validation_layer	supplementary_or_qc	/mnt/h/vir/ST/results/step8_strokeniche_perturbmap/validation_layer_68h_compartment_aware_debug/Fig_Step68H_CompartmentAwareValidation_annotated.pdf	Fig_Step68H_CompartmentAwareValidation_annotated.pdf	.pdf	34000	907eb17d684f2ddf440a7109f9676459bfc622fae64d9214004feeedf8333bab	zenodo_data_results_bundle/figures/Step68_validation_layer/Fig_Step68H_CompartmentAwareValidation_annotated.pdf	/mnt/h/vir/ST/results/step8_strokeniche_perturbmap/validation_layer_68h_compartment_aware_debug
Step68_validation_layer	supplementary_or_qc	/mnt/h/vir/ST/results/step8_strokeniche_perturbmap/validation_layer_68h_compartment_aware_debug/Fig_Step68H_CompartmentAwareValidation_annotated.png	Fig_Step68H_CompartmentAwareValidation_annotated.png	.png	1538204	8cf079b44a1c2d5fad0283551d1dab8a9c0d26899fcbffd68ef745490cac844a	zenodo_data_results_bundle/figures/Step68_validation_layer/Fig_Step68H_CompartmentAwareValidation_annotated.png	/mnt/h/vir/ST/results/step8_strokeniche_perturbmap/validation_layer_68h_compartment_aware_debug
Step68_validation_layer	supplementary_or_qc	/mnt/h/vir/ST/results/step8_strokeniche_perturbmap/validation_layer_68h_compartment_aware_debug/Fig_Step68H_CompartmentAwareValidation_annotated.svg	Fig_Step68H_CompartmentAwareValidation_annotated.svg	.svg	184033	f773bf57828c3b90493aebd8b8fe90a6a5d42c59a4b5d44ec22bf32e121eb4b0	zenodo_data_results_bundle/figures/Step68_validation_layer/Fig_Step68H_CompartmentAwareValidation_annotated.svg	/mnt/h/vir/ST/results/step8_strokeniche_perturbmap/validation_layer_68h_compartment_aware_debug
Step68_validation_layer	supplementary_or_qc	/mnt/h/vir/ST/results/step8_strokeniche_perturbmap/validation_layer_68h_compartment_aware_debug/Fig_Step68H_CompartmentAwareValidation_clean_no_text.pdf	Fig_Step68H_CompartmentAwareValidation_clean_no_text.pdf	.pdf	4019	8ee73d7d104adb6c7456f03cfc6e6956e1be5d72596fe494c827c85f52fe8214	zenodo_data_results_bundle/figures/Step68_validation_layer/Fig_Step68H_CompartmentAwareValidation_clean_no_text.pdf	/mnt/h/vir/ST/results/step8_strokeniche_perturbmap/validation_layer_68h_compartment_aware_debug
Step68_validation_layer	supplementary_or_qc	/mnt/h/vir/ST/results/step8_strokeniche_perturbmap/validation_layer_68h_compartment_aware_debug/Fig_Step68H_CompartmentAwareValidation_clean_no_text.png	Fig_Step68H_CompartmentAwareValidation_clean_no_text.png	.png	187745	4345cfd0334273391250ad54322670247aea95ef41def5c65c785b567eae1510	zenodo_data_results_bundle/figures/Step68_validation_layer/Fig_Step68H_CompartmentAwareValidation_clean_no_text.png	/mnt/h/vir/ST/results/step8_strokeniche_perturbmap/validation_layer_68h_compartment_aware_debug
Step68_validation_layer	supplementary_or_qc	/mnt/h/vir/ST/results/step8_strokeniche_perturbmap/validation_layer_68h_compartment_aware_debug/Fig_Step68H_CompartmentAwareValidation_clean_no_text.svg	Fig_Step68H_CompartmentAwareValidation_clean_no_text.svg	.svg	9841	a8801025303f1b67b4fc7674511ed16e2b9d7f985e748e045ff13abb75c700f0	zenodo_data_results_bundle/figures/Step68_validation_layer/Fig_Step68H_CompartmentAwareValidation_clean_no_text.svg	/mnt/h/vir/ST/results/step8_strokeniche_perturbmap/validation_layer_68h_compartment_aware_debug
Step68_validation_layer	supplementary_or_qc	/mnt/h/vir/ST/results/step8_strokeniche_perturbmap/validation_layer_68h_compartment_aware_debug_dryrun/Fig_Step68H_CompartmentAwareValidation_annotated.pdf	Fig_Step68H_CompartmentAwareValidation_annotated.pdf	.pdf	33978	bf7fa99f9ebc433d47469b8cf2c01b549c06f712f1b131a8e2f54f8d6a192233	zenodo_data_results_bundle/figures/Step68_validation_layer/Fig_Step68H_CompartmentAwareValidation_annotated.pdf	/mnt/h/vir/ST/results/step8_strokeniche_perturbmap/validation_layer_68h_compartment_aware_debug_dryrun
Step68_validation_layer	supplementary_or_qc	/mnt/h/vir/ST/results/step8_strokeniche_perturbmap/validation_layer_68h_compartment_aware_debug_dryrun/Fig_Step68H_CompartmentAwareValidation_annotated.png	Fig_Step68H_CompartmentAwareValidation_annotated.png	.png	720053	b0923a7e9f24e5b2d679d3d2e191ceef34fdf2980c7bf83bd354a6aa93be4469	zenodo_data_results_bundle/figures/Step68_validation_layer/Fig_Step68H_CompartmentAwareValidation_annotated.png	/mnt/h/vir/ST/results/step8_strokeniche_perturbmap/validation_layer_68h_compartment_aware_debug_dryrun
Step68_validation_layer	supplementary_or_qc	/mnt/h/vir/ST/results/step8_strokeniche_perturbmap/validation_layer_68h_compartment_aware_debug_dryrun/Fig_Step68H_CompartmentAwareValidation_annotated.svg	Fig_Step68H_CompartmentAwareValidation_annotated.svg	.svg	182678	7020e21540edf99293d434bb0e28a9e0e34585db2949d19b6a6960126cb18bca	zenodo_data_results_bundle/figures/Step68_validation_layer/Fig_Step68H_CompartmentAwareValidation_annotated.svg	/mnt/h/vir/ST/results/step8_strokeniche_perturbmap/validation_layer_68h_compartment_aware_debug_dryrun
Step68_validation_layer	supplementary_or_qc	/mnt/h/vir/ST/results/step8_strokeniche_perturbmap/validation_layer_68h_compartment_aware_debug_dryrun/Fig_Step68H_CompartmentAwareValidation_clean_no_text.pdf	Fig_Step68H_CompartmentAwareValidation_clean_no_text.pdf	.pdf	4012	5f08efa5a05093d5566494bb72fce7d9a34e559f8b6a242219af140be12cf375	zenodo_data_results_bundle/figures/Step68_validation_layer/Fig_Step68H_CompartmentAwareValidation_clean_no_text.pdf	/mnt/h/vir/ST/results/step8_strokeniche_perturbmap/validation_layer_68h_compartment_aware_debug_dryrun
Step68_validation_layer	supplementary_or_qc	/mnt/h/vir/ST/results/step8_strokeniche_perturbmap/validation_layer_68h_compartment_aware_debug_dryrun/Fig_Step68H_CompartmentAwareValidation_clean_no_text.png	Fig_Step68H_CompartmentAwareValidation_clean_no_text.png	.png	55220	89f9c27952acb4d9904ed43b0eb4044f479c5ace3decf2cc170ecbb1de8a872c	zenodo_data_results_bundle/figures/Step68_validation_layer/Fig_Step68H_CompartmentAwareValidation_clean_no_text.png	/mnt/h/vir/ST/results/step8_strokeniche_perturbmap/validation_layer_68h_compartment_aware_debug_dryrun
Step68_validation_layer	supplementary_or_qc	/mnt/h/vir/ST/results/step8_strokeniche_perturbmap/validation_layer_68h_compartment_aware_debug_dryrun/Fig_Step68H_CompartmentAwareValidation_clean_no_text.svg	Fig_Step68H_CompartmentAwareValidation_clean_no_text.svg	.svg	9841	67b9ed45dd18182970af871fcc9d8816b3bf12afc69ae5a40595a41f91315d2e	zenodo_data_results_bundle/figures/Step68_validation_layer/Fig_Step68H_CompartmentAwareValidation_clean_no_text.svg	/mnt/h/vir/ST/results/step8_strokeniche_perturbmap/validation_layer_68h_compartment_aware_debug_dryrun
Step69_trajectory_virtual_perturbation_main	supplementary_virtual_perturbation_qc	/mnt/h/vir/ST/results/step8_strokeniche_perturbmap/main_figure_69_trajectory_aware_virtual_perturbation_manual_v2/Fig_TrajectoryAwareVirtualPerturbation_StrokeNiche_annotated.pdf	Fig_TrajectoryAwareVirtualPerturbation_StrokeNiche_annotated.pdf	.pdf	180330	5cb4f5437d7a3b7ea479aacb636c341cb8e12984946b672b55ae0dda2e2c838c	zenodo_data_results_bundle/figures/Step69_trajectory_virtual_perturbation_main/Fig_TrajectoryAwareVirtualPerturbation_StrokeNiche_annotated.pdf	/mnt/h/vir/ST/results/step8_strokeniche_perturbmap/main_figure_69_trajectory_aware_virtual_perturbation_manual_v2
Step69_trajectory_virtual_perturbation_main	supplementary_virtual_perturbation_qc	/mnt/h/vir/ST/results/step8_strokeniche_perturbmap/main_figure_69_trajectory_aware_virtual_perturbation_manual_v2/Fig_TrajectoryAwareVirtualPerturbation_StrokeNiche_annotated.png	Fig_TrajectoryAwareVirtualPerturbation_StrokeNiche_annotated.png	.png	3997586	3c681e7cf75701746bf6bd8aeb9866226c67394185a238c90d81307fa0178001	zenodo_data_results_bundle/figures/Step69_trajectory_virtual_perturbation_main/Fig_TrajectoryAwareVirtualPerturbation_StrokeNiche_annotated.png	/mnt/h/vir/ST/results/step8_strokeniche_perturbmap/main_figure_69_trajectory_aware_virtual_perturbation_manual_v2
Step69_trajectory_virtual_perturbation_main	supplementary_virtual_perturbation_qc	/mnt/h/vir/ST/results/step8_strokeniche_perturbmap/main_figure_69_trajectory_aware_virtual_perturbation_manual_v2/Fig_TrajectoryAwareVirtualPerturbation_StrokeNiche_annotated.svg	Fig_TrajectoryAwareVirtualPerturbation_StrokeNiche_annotated.svg	.svg	1029337	26e206f70bb61134d3b133c386d9d32d7ebbc4e1984c456ac80c1d05164f90ce	zenodo_data_results_bundle/figures/Step69_trajectory_virtual_perturbation_main/Fig_TrajectoryAwareVirtualPerturbation_StrokeNiche_annotated.svg	/mnt/h/vir/ST/results/step8_strokeniche_perturbmap/main_figure_69_trajectory_aware_virtual_perturbation_manual_v2
Step69_trajectory_virtual_perturbation_main	supplementary_virtual_perturbation_qc	/mnt/h/vir/ST/results/step8_strokeniche_perturbmap/main_figure_69_trajectory_aware_virtual_perturbation_manual_v2/Fig_TrajectoryAwareVirtualPerturbation_StrokeNiche_clean_no_text.pdf	Fig_TrajectoryAwareVirtualPerturbation_StrokeNiche_clean_no_text.pdf	.pdf	143824	7f34ed7f59dde134c1f67dfc4bc8adb8d126cb0259e7bf595a50f5dafe69a100	zenodo_data_results_bundle/figures/Step69_trajectory_virtual_perturbation_main/Fig_TrajectoryAwareVirtualPerturbation_StrokeNiche_clean_no_text.pdf	/mnt/h/vir/ST/results/step8_strokeniche_perturbmap/main_figure_69_trajectory_aware_virtual_perturbation_manual_v2
Step69_trajectory_virtual_perturbation_main	supplementary_virtual_perturbation_qc	/mnt/h/vir/ST/results/step8_strokeniche_perturbmap/main_figure_69_trajectory_aware_virtual_perturbation_manual_v2/Fig_TrajectoryAwareVirtualPerturbation_StrokeNiche_clean_no_text.png	Fig_TrajectoryAwareVirtualPerturbation_StrokeNiche_clean_no_text.png	.png	1829497	f790838f832a58e8667f9d6b36fa04b75dcd72846fbc9efdb3b763ca9139b070	zenodo_data_results_bundle/figures/Step69_trajectory_virtual_perturbation_main/Fig_TrajectoryAwareVirtualPerturbation_StrokeNiche_clean_no_text.png	/mnt/h/vir/ST/results/step8_strokeniche_perturbmap/main_figure_69_trajectory_aware_virtual_perturbation_manual_v2
Step69_trajectory_virtual_perturbation_main	supplementary_virtual_perturbation_qc	/mnt/h/vir/ST/results/step8_strokeniche_perturbmap/main_figure_69_trajectory_aware_virtual_perturbation_manual_v2/Fig_TrajectoryAwareVirtualPerturbation_StrokeNiche_clean_no_text.svg	Fig_TrajectoryAwareVirtualPerturbation_StrokeNiche_clean_no_text.svg	.svg	940385	2c17fca90c4d83893b1e9979649d583c5a9c8bd47aa1681697474962c3188c3a	zenodo_data_results_bundle/figures/Step69_trajectory_virtual_perturbation_main/Fig_TrajectoryAwareVirtualPerturbation_StrokeNiche_clean_no_text.svg	/mnt/h/vir/ST/results/step8_strokeniche_perturbmap/main_figure_69_trajectory_aware_virtual_perturbation_manual_v2
Step69_trajectory_virtual_perturbation_main	supplementary_virtual_perturbation_qc	/mnt/h/vir/ST/results/step8_strokeniche_perturbmap/main_figure_69b_trajectory_aware_virtual_perturbation_polished/Fig_TrajectoryAwareVirtualPerturbation_StrokeNiche_annotated.pdf	Fig_TrajectoryAwareVirtualPerturbation_StrokeNiche_annotated.pdf	.pdf	240668	3f6f257cc9213a97ca3fff40da11e949b9deb8d2240edc56cdef82d0797a984d	zenodo_data_results_bundle/figures/Step69_trajectory_virtual_perturbation_main/Fig_TrajectoryAwareVirtualPerturbation_StrokeNiche_annotated.pdf	/mnt/h/vir/ST/results/step8_strokeniche_perturbmap/main_figure_69b_trajectory_aware_virtual_perturbation_polished
Step69_trajectory_virtual_perturbation_main	supplementary_virtual_perturbation_qc	/mnt/h/vir/ST/results/step8_strokeniche_perturbmap/main_figure_69b_trajectory_aware_virtual_perturbation_polished/Fig_TrajectoryAwareVirtualPerturbation_StrokeNiche_annotated.png	Fig_TrajectoryAwareVirtualPerturbation_StrokeNiche_annotated.png	.png	4885617	c9c45b80a8788bda05d2d4da23421bccaaa642139f9b2596f279f1b49505196a	zenodo_data_results_bundle/figures/Step69_trajectory_virtual_perturbation_main/Fig_TrajectoryAwareVirtualPerturbation_StrokeNiche_annotated.png	/mnt/h/vir/ST/results/step8_strokeniche_perturbmap/main_figure_69b_trajectory_aware_virtual_perturbation_polished
Step69_trajectory_virtual_perturbation_main	supplementary_virtual_perturbation_qc	/mnt/h/vir/ST/results/step8_strokeniche_perturbmap/main_figure_69b_trajectory_aware_virtual_perturbation_polished/Fig_TrajectoryAwareVirtualPerturbation_StrokeNiche_annotated.svg	Fig_TrajectoryAwareVirtualPerturbation_StrokeNiche_annotated.svg	.svg	1085235	fef96b9badb9ecc3bcb510878e869eb3572cc0923121af18a9fc1ab7f0988d4f	zenodo_data_results_bundle/figures/Step69_trajectory_virtual_perturbation_main/Fig_TrajectoryAwareVirtualPerturbation_StrokeNiche_annotated.svg	/mnt/h/vir/ST/results/step8_strokeniche_perturbmap/main_figure_69b_trajectory_aware_virtual_perturbation_polished
Step69_trajectory_virtual_perturbation_main	supplementary_virtual_perturbation_qc	/mnt/h/vir/ST/results/step8_strokeniche_perturbmap/main_figure_69b_trajectory_aware_virtual_perturbation_polished/Fig_TrajectoryAwareVirtualPerturbation_StrokeNiche_clean_no_text.pdf	Fig_TrajectoryAwareVirtualPerturbation_StrokeNiche_clean_no_text.pdf	.pdf	205497	4e698a5e8603ab1f447c1fc8cbe27302ca1f104712d0dd119ffc40be90ed4971	zenodo_data_results_bundle/figures/Step69_trajectory_virtual_perturbation_main/Fig_TrajectoryAwareVirtualPerturbation_StrokeNiche_clean_no_text.pdf	/mnt/h/vir/ST/results/step8_strokeniche_perturbmap/main_figure_69b_trajectory_aware_virtual_perturbation_polished
Step69_trajectory_virtual_perturbation_main	supplementary_virtual_perturbation_qc	/mnt/h/vir/ST/results/step8_strokeniche_perturbmap/main_figure_69b_trajectory_aware_virtual_perturbation_polished/Fig_TrajectoryAwareVirtualPerturbation_StrokeNiche_clean_no_text.png	Fig_TrajectoryAwareVirtualPerturbation_StrokeNiche_clean_no_text.png	.png	3031414	51ffb3ad5892c0c54e9d23bfe83f0f6aeb73ea39a93c8a064e09eb163f84c4e0	zenodo_data_results_bundle/figures/Step69_trajectory_virtual_perturbation_main/Fig_TrajectoryAwareVirtualPerturbation_StrokeNiche_clean_no_text.png	/mnt/h/vir/ST/results/step8_strokeniche_perturbmap/main_figure_69b_trajectory_aware_virtual_perturbation_polished
Step69_trajectory_virtual_perturbation_main	supplementary_virtual_perturbation_qc	/mnt/h/vir/ST/results/step8_strokeniche_perturbmap/main_figure_69b_trajectory_aware_virtual_perturbation_polished/Fig_TrajectoryAwareVirtualPerturbation_StrokeNiche_clean_no_text.svg	Fig_TrajectoryAwareVirtualPerturbation_StrokeNiche_clean_no_text.svg	.svg	1013489	a6e4cbb923d2acfc5441db0a263b8bcc5020c34f63defd611e08cb77472a4a3e	zenodo_data_results_bundle/figures/Step69_trajectory_virtual_perturbation_main/Fig_TrajectoryAwareVirtualPerturbation_StrokeNiche_clean_no_text.svg	/mnt/h/vir/ST/results/step8_strokeniche_perturbmap/main_figure_69b_trajectory_aware_virtual_perturbation_polished
Step69_trajectory_virtual_perturbation_main	supplementary_virtual_perturbation_qc	/mnt/h/vir/ST/results/step8_strokeniche_perturbmap/main_figure_69c_trajectory_aware_virtual_perturbation_polished/Fig_TrajectoryAwareVirtualPerturbation_StrokeNiche_annotated.pdf	Fig_TrajectoryAwareVirtualPerturbation_StrokeNiche_annotated.pdf	.pdf	240752	613343be68fb75cf6c3be30a9ede65e903ad18f4814db96f5585f30a06a90ae6	zenodo_data_results_bundle/figures/Step69_trajectory_virtual_perturbation_main/Fig_TrajectoryAwareVirtualPerturbation_StrokeNiche_annotated.pdf	/mnt/h/vir/ST/results/step8_strokeniche_perturbmap/main_figure_69c_trajectory_aware_virtual_perturbation_polished
Step69_trajectory_virtual_perturbation_main	supplementary_virtual_perturbation_qc	/mnt/h/vir/ST/results/step8_strokeniche_perturbmap/main_figure_69c_trajectory_aware_virtual_perturbation_polished/Fig_TrajectoryAwareVirtualPerturbation_StrokeNiche_annotated.png	Fig_TrajectoryAwareVirtualPerturbation_StrokeNiche_annotated.png	.png	4864797	f2d8e7be156cd173164c33de2abd373b178020875579adae07deb73389a556f0	zenodo_data_results_bundle/figures/Step69_trajectory_virtual_perturbation_main/Fig_TrajectoryAwareVirtualPerturbation_StrokeNiche_annotated.png	/mnt/h/vir/ST/results/step8_strokeniche_perturbmap/main_figure_69c_trajectory_aware_virtual_perturbation_polished
Step69_trajectory_virtual_perturbation_main	supplementary_virtual_perturbation_qc	/mnt/h/vir/ST/results/step8_strokeniche_perturbmap/main_figure_69c_trajectory_aware_virtual_perturbation_polished/Fig_TrajectoryAwareVirtualPerturbation_StrokeNiche_annotated.svg	Fig_TrajectoryAwareVirtualPerturbation_StrokeNiche_annotated.svg	.svg	1085642	6af3762c92cabfeac3a9b72b11063cc34cec8dfc3442d08a6617046b9f436bf6	zenodo_data_results_bundle/figures/Step69_trajectory_virtual_perturbation_main/Fig_TrajectoryAwareVirtualPerturbation_StrokeNiche_annotated.svg	/mnt/h/vir/ST/results/step8_strokeniche_perturbmap/main_figure_69c_trajectory_aware_virtual_perturbation_polished
Step69_trajectory_virtual_perturbation_main	supplementary_virtual_perturbation_qc	/mnt/h/vir/ST/results/step8_strokeniche_perturbmap/main_figure_69c_trajectory_aware_virtual_perturbation_polished/Fig_TrajectoryAwareVirtualPerturbation_StrokeNiche_clean_no_text.pdf	Fig_TrajectoryAwareVirtualPerturbation_StrokeNiche_clean_no_text.pdf	.pdf	205687	99b71e31c85bcd83f256b2ccd5247966217615f4c0aa6a87a292c2bf5e8e966b	zenodo_data_results_bundle/figures/Step69_trajectory_virtual_perturbation_main/Fig_TrajectoryAwareVirtualPerturbation_StrokeNiche_clean_no_text.pdf	/mnt/h/vir/ST/results/step8_strokeniche_perturbmap/main_figure_69c_trajectory_aware_virtual_perturbation_polished
Step69_trajectory_virtual_perturbation_main	supplementary_virtual_perturbation_qc	/mnt/h/vir/ST/results/step8_strokeniche_perturbmap/main_figure_69c_trajectory_aware_virtual_perturbation_polished/Fig_TrajectoryAwareVirtualPerturbation_StrokeNiche_clean_no_text.png	Fig_TrajectoryAwareVirtualPerturbation_StrokeNiche_clean_no_text.png	.png	3057632	ef2a3a0cd68176e8c0cbab2a9356880d7800745473a98c5e05838a7103b6f226	zenodo_data_results_bundle/figures/Step69_trajectory_virtual_perturbation_main/Fig_TrajectoryAwareVirtualPerturbation_StrokeNiche_clean_no_text.png	/mnt/h/vir/ST/results/step8_strokeniche_perturbmap/main_figure_69c_trajectory_aware_virtual_perturbation_polished
Step69_trajectory_virtual_perturbation_main	supplementary_virtual_perturbation_qc	/mnt/h/vir/ST/results/step8_strokeniche_perturbmap/main_figure_69c_trajectory_aware_virtual_perturbation_polished/Fig_TrajectoryAwareVirtualPerturbation_StrokeNiche_clean_no_text.svg	Fig_TrajectoryAwareVirtualPerturbation_StrokeNiche_clean_no_text.svg	.svg	1013993	2db7eb798bdfd93c8bf9806c8674898be3fbc803417950053f30303bfde0a64b	zenodo_data_results_bundle/figures/Step69_trajectory_virtual_perturbation_main/Fig_TrajectoryAwareVirtualPerturbation_StrokeNiche_clean_no_text.svg	/mnt/h/vir/ST/results/step8_strokeniche_perturbmap/main_figure_69c_trajectory_aware_virtual_perturbation_polished
Step70_virtual_KO_spatial_rescue	supplementary_virtual_perturbation_qc	/mnt/h/vir/ST/results/step8_strokeniche_perturbmap/virtual_ko_spatial_rescue_70/Fig_Step70_VirtualKO_BlockadeSpatialRescue_annotated.pdf	Fig_Step70_VirtualKO_BlockadeSpatialRescue_annotated.pdf	.pdf	447500	156c4905dd5d920743eedc0a0146cebe6893425cad904ad9edda7fdf2b76eeae	zenodo_data_results_bundle/figures/Step70_virtual_KO_spatial_rescue/Fig_Step70_VirtualKO_BlockadeSpatialRescue_annotated.pdf	/mnt/h/vir/ST/results/step8_strokeniche_perturbmap/virtual_ko_spatial_rescue_70
Step70_virtual_KO_spatial_rescue	supplementary_virtual_perturbation_qc	/mnt/h/vir/ST/results/step8_strokeniche_perturbmap/virtual_ko_spatial_rescue_70/Fig_Step70_VirtualKO_BlockadeSpatialRescue_annotated.png	Fig_Step70_VirtualKO_BlockadeSpatialRescue_annotated.png	.png	6804566	68b93f74fa235bfcd8d2f0a93267807c5dd36a187b219d807d73e4cb113cd5f5	zenodo_data_results_bundle/figures/Step70_virtual_KO_spatial_rescue/Fig_Step70_VirtualKO_BlockadeSpatialRescue_annotated.png	/mnt/h/vir/ST/results/step8_strokeniche_perturbmap/virtual_ko_spatial_rescue_70
Step70_virtual_KO_spatial_rescue	supplementary_virtual_perturbation_qc	/mnt/h/vir/ST/results/step8_strokeniche_perturbmap/virtual_ko_spatial_rescue_70/Fig_Step70_VirtualKO_BlockadeSpatialRescue_annotated.svg	Fig_Step70_VirtualKO_BlockadeSpatialRescue_annotated.svg	.svg	604606	71a29f60fa0e19c35236bbaca523812cdac0d0542042083e1a6e28be5db888ab	zenodo_data_results_bundle/figures/Step70_virtual_KO_spatial_rescue/Fig_Step70_VirtualKO_BlockadeSpatialRescue_annotated.svg	/mnt/h/vir/ST/results/step8_strokeniche_perturbmap/virtual_ko_spatial_rescue_70
Step70_virtual_KO_spatial_rescue	supplementary_virtual_perturbation_qc	/mnt/h/vir/ST/results/step8_strokeniche_perturbmap/virtual_ko_spatial_rescue_70/Fig_Step70_VirtualKO_BlockadeSpatialRescue_clean_no_text.pdf	Fig_Step70_VirtualKO_BlockadeSpatialRescue_clean_no_text.pdf	.pdf	420235	8596bda0afd680243812cbc993aa625da97276f299de21850f0fe50df3428e34	zenodo_data_results_bundle/figures/Step70_virtual_KO_spatial_rescue/Fig_Step70_VirtualKO_BlockadeSpatialRescue_clean_no_text.pdf	/mnt/h/vir/ST/results/step8_strokeniche_perturbmap/virtual_ko_spatial_rescue_70
Step70_virtual_KO_spatial_rescue	supplementary_virtual_perturbation_qc	/mnt/h/vir/ST/results/step8_strokeniche_perturbmap/virtual_ko_spatial_rescue_70/Fig_Step70_VirtualKO_BlockadeSpatialRescue_clean_no_text.png	Fig_Step70_VirtualKO_BlockadeSpatialRescue_clean_no_text.png	.png	6264907	b6c23bc27947bf400b6c9f53d653bef1e971610d34b4bb296a4f52bfa44dfc07	zenodo_data_results_bundle/figures/Step70_virtual_KO_spatial_rescue/Fig_Step70_VirtualKO_BlockadeSpatialRescue_clean_no_text.png	/mnt/h/vir/ST/results/step8_strokeniche_perturbmap/virtual_ko_spatial_rescue_70
Step70_virtual_KO_spatial_rescue	supplementary_virtual_perturbation_qc	/mnt/h/vir/ST/results/step8_strokeniche_perturbmap/virtual_ko_spatial_rescue_70/Fig_Step70_VirtualKO_BlockadeSpatialRescue_clean_no_text.svg	Fig_Step70_VirtualKO_BlockadeSpatialRescue_clean_no_text.svg	.svg	589582	eb449c5e9d90eb45f2169885dce9efa12ed9889356cf8453c6c4294ecf735fc7	zenodo_data_results_bundle/figures/Step70_virtual_KO_spatial_rescue/Fig_Step70_VirtualKO_BlockadeSpatialRescue_clean_no_text.svg	/mnt/h/vir/ST/results/step8_strokeniche_perturbmap/virtual_ko_spatial_rescue_70
Step70_virtual_KO_spatial_rescue	supplementary_virtual_perturbation_qc	/mnt/h/vir/ST/results/step8_strokeniche_perturbmap/virtual_ko_spatial_rescue_70b_label_corrected/Fig_Step70_VirtualKO_BlockadeSpatialRescue_annotated.pdf	Fig_Step70_VirtualKO_BlockadeSpatialRescue_annotated.pdf	.pdf	448085	479527551a906649b1b9d94cedfc77c6c31dadb388d749ff683c4000a367fade	zenodo_data_results_bundle/figures/Step70_virtual_KO_spatial_rescue/Fig_Step70_VirtualKO_BlockadeSpatialRescue_annotated.pdf	/mnt/h/vir/ST/results/step8_strokeniche_perturbmap/virtual_ko_spatial_rescue_70b_label_corrected
Step70_virtual_KO_spatial_rescue	supplementary_virtual_perturbation_qc	/mnt/h/vir/ST/results/step8_strokeniche_perturbmap/virtual_ko_spatial_rescue_70b_label_corrected/Fig_Step70_VirtualKO_BlockadeSpatialRescue_annotated.png	Fig_Step70_VirtualKO_BlockadeSpatialRescue_annotated.png	.png	6791976	b6a2b1c1d660a837a30d0a3b2609eddfdce086be76ab45021bfffa20b128b711	zenodo_data_results_bundle/figures/Step70_virtual_KO_spatial_rescue/Fig_Step70_VirtualKO_BlockadeSpatialRescue_annotated.png	/mnt/h/vir/ST/results/step8_strokeniche_perturbmap/virtual_ko_spatial_rescue_70b_label_corrected
Step70_virtual_KO_spatial_rescue	supplementary_virtual_perturbation_qc	/mnt/h/vir/ST/results/step8_strokeniche_perturbmap/virtual_ko_spatial_rescue_70b_label_corrected/Fig_Step70_VirtualKO_BlockadeSpatialRescue_annotated.svg	Fig_Step70_VirtualKO_BlockadeSpatialRescue_annotated.svg	.svg	604571	d919c7bad5a4e186d5532fec73ed4a16ea950d90b85c6863827d43dceb143837	zenodo_data_results_bundle/figures/Step70_virtual_KO_spatial_rescue/Fig_Step70_VirtualKO_BlockadeSpatialRescue_annotated.svg	/mnt/h/vir/ST/results/step8_strokeniche_perturbmap/virtual_ko_spatial_rescue_70b_label_corrected
Step70_virtual_KO_spatial_rescue	supplementary_virtual_perturbation_qc	/mnt/h/vir/ST/results/step8_strokeniche_perturbmap/virtual_ko_spatial_rescue_70b_label_corrected/Fig_Step70_VirtualKO_BlockadeSpatialRescue_clean_no_text.pdf	Fig_Step70_VirtualKO_BlockadeSpatialRescue_clean_no_text.pdf	.pdf	420235	124dc28fad96b0996fd7e20b04ccbbf9cb3ff5702bb65a27defd97b0f07289c3	zenodo_data_results_bundle/figures/Step70_virtual_KO_spatial_rescue/Fig_Step70_VirtualKO_BlockadeSpatialRescue_clean_no_text.pdf	/mnt/h/vir/ST/results/step8_strokeniche_perturbmap/virtual_ko_spatial_rescue_70b_label_corrected
Step70_virtual_KO_spatial_rescue	supplementary_virtual_perturbation_qc	/mnt/h/vir/ST/results/step8_strokeniche_perturbmap/virtual_ko_spatial_rescue_70b_label_corrected/Fig_Step70_VirtualKO_BlockadeSpatialRescue_clean_no_text.png	Fig_Step70_VirtualKO_BlockadeSpatialRescue_clean_no_text.png	.png	6264907	b6c23bc27947bf400b6c9f53d653bef1e971610d34b4bb296a4f52bfa44dfc07	zenodo_data_results_bundle/figures/Step70_virtual_KO_spatial_rescue/Fig_Step70_VirtualKO_BlockadeSpatialRescue_clean_no_text.png	/mnt/h/vir/ST/results/step8_strokeniche_perturbmap/virtual_ko_spatial_rescue_70b_label_corrected
Step70_virtual_KO_spatial_rescue	supplementary_virtual_perturbation_qc	/mnt/h/vir/ST/results/step8_strokeniche_perturbmap/virtual_ko_spatial_rescue_70b_label_corrected/Fig_Step70_VirtualKO_BlockadeSpatialRescue_clean_no_text.svg	Fig_Step70_VirtualKO_BlockadeSpatialRescue_clean_no_text.svg	.svg	589582	ed556688709159bfc92507d0554f5fd04e5e2a32c51e3f12181e039759856905	zenodo_data_results_bundle/figures/Step70_virtual_KO_spatial_rescue/Fig_Step70_VirtualKO_BlockadeSpatialRescue_clean_no_text.svg	/mnt/h/vir/ST/results/step8_strokeniche_perturbmap/virtual_ko_spatial_rescue_70b_label_corrected
Step71_state_probability_shift_sensitivity	supplementary_sensitivity_or_surrogate_qc	/mnt/h/vir/ST/results/step8_strokeniche_perturbmap/state_probability_shift_71_from66e/Fig_Step71_StateProbabilityShift_annotated.pdf	Fig_Step71_StateProbabilityShift_annotated.pdf	.pdf	35907	e7c3fab1a3d89bf9cca2c82aebddf91ba2d1ec42fa48a51275ab7f8e739df7b5	zenodo_data_results_bundle/figures/Step71_state_probability_shift_sensitivity/Fig_Step71_StateProbabilityShift_annotated.pdf	/mnt/h/vir/ST/results/step8_strokeniche_perturbmap/state_probability_shift_71_from66e
Step71_state_probability_shift_sensitivity	supplementary_sensitivity_or_surrogate_qc	/mnt/h/vir/ST/results/step8_strokeniche_perturbmap/state_probability_shift_71_from66e/Fig_Step71_StateProbabilityShift_annotated.png	Fig_Step71_StateProbabilityShift_annotated.png	.png	1643675	9491afd9ae563da890f34cfc9d11dd4e38686d21504017f4d73d29d7d9a543ad	zenodo_data_results_bundle/figures/Step71_state_probability_shift_sensitivity/Fig_Step71_StateProbabilityShift_annotated.png	/mnt/h/vir/ST/results/step8_strokeniche_perturbmap/state_probability_shift_71_from66e
Step71_state_probability_shift_sensitivity	supplementary_sensitivity_or_surrogate_qc	/mnt/h/vir/ST/results/step8_strokeniche_perturbmap/state_probability_shift_71_from66e/Fig_Step71_StateProbabilityShift_clean_no_text.pdf	Fig_Step71_StateProbabilityShift_clean_no_text.pdf	.pdf	10234	cb8ab3d40fceccbe1b6f0f122ed9c6cdce4498a6999e5ea05ef988d1cbec65b8	zenodo_data_results_bundle/figures/Step71_state_probability_shift_sensitivity/Fig_Step71_StateProbabilityShift_clean_no_text.pdf	/mnt/h/vir/ST/results/step8_strokeniche_perturbmap/state_probability_shift_71_from66e
Step71_state_probability_shift_sensitivity	supplementary_sensitivity_or_surrogate_qc	/mnt/h/vir/ST/results/step8_strokeniche_perturbmap/state_probability_shift_71_from66e/Fig_Step71_StateProbabilityShift_clean_no_text.png	Fig_Step71_StateProbabilityShift_clean_no_text.png	.png	717624	dd09ae29fc558de58ac3c281c81ee60a1f06010807fa3a6b49ba9b0f33a7f5b7	zenodo_data_results_bundle/figures/Step71_state_probability_shift_sensitivity/Fig_Step71_StateProbabilityShift_clean_no_text.png	/mnt/h/vir/ST/results/step8_strokeniche_perturbmap/state_probability_shift_71_from66e
Step71_state_probability_shift_sensitivity	supplementary_sensitivity_or_surrogate_qc	/mnt/h/vir/ST/results/step8_strokeniche_perturbmap/state_probability_shift_71_from66e/per_candidate_alluvial/BBB_leakage_down.alluvial.pdf	BBB_leakage_down.alluvial.pdf	.pdf	17722	fa9b8e190d545ce65704170e854913de13ac086c2a2da64682ac65072a6b4580	zenodo_data_results_bundle/figures/Step71_state_probability_shift_sensitivity/BBB_leakage_down.alluvial.pdf	/mnt/h/vir/ST/results/step8_strokeniche_perturbmap/state_probability_shift_71_from66e
Step71_state_probability_shift_sensitivity	supplementary_sensitivity_or_surrogate_qc	/mnt/h/vir/ST/results/step8_strokeniche_perturbmap/state_probability_shift_71_from66e/per_candidate_alluvial/BBB_leakage_down.alluvial.png	BBB_leakage_down.alluvial.png	.png	366882	7667f4537977255d2af6c3dd70c857e46f2bdd92d2be917907894e3d56b7ddb1	zenodo_data_results_bundle/figures/Step71_state_probability_shift_sensitivity/BBB_leakage_down.alluvial.png	/mnt/h/vir/ST/results/step8_strokeniche_perturbmap/state_probability_shift_71_from66e
Step71_state_probability_shift_sensitivity	supplementary_sensitivity_or_surrogate_qc	/mnt/h/vir/ST/results/step8_strokeniche_perturbmap/state_probability_shift_71_from66e/per_candidate_alluvial/astrocyte_reactive_down.alluvial.pdf	astrocyte_reactive_down.alluvial.pdf	.pdf	17639	5dfe1a6b409dc838ada95d93589618919645b1a80f169469562be43a91b8d4cf	zenodo_data_results_bundle/figures/Step71_state_probability_shift_sensitivity/astrocyte_reactive_down.alluvial.pdf	/mnt/h/vir/ST/results/step8_strokeniche_perturbmap/state_probability_shift_71_from66e
Step71_state_probability_shift_sensitivity	supplementary_sensitivity_or_surrogate_qc	/mnt/h/vir/ST/results/step8_strokeniche_perturbmap/state_probability_shift_71_from66e/per_candidate_alluvial/astrocyte_reactive_down.alluvial.png	astrocyte_reactive_down.alluvial.png	.png	363118	63fce5113c7e5fca27042b9a3db04b6c02bc39a627a2049875762235bdfaa818	zenodo_data_results_bundle/figures/Step71_state_probability_shift_sensitivity/astrocyte_reactive_down.alluvial.png	/mnt/h/vir/ST/results/step8_strokeniche_perturbmap/state_probability_shift_71_from66e
Step71_state_probability_shift_sensitivity	supplementary_sensitivity_or_surrogate_qc	/mnt/h/vir/ST/results/step8_strokeniche_perturbmap/state_probability_shift_71_from66e/per_candidate_alluvial/ferroptosis_down.alluvial.pdf	ferroptosis_down.alluvial.pdf	.pdf	17295	a66c3cc8bc19a2e10dd38ec3ea8dc8c6ce672b72ce93a436a80432f59f606d08	zenodo_data_results_bundle/figures/Step71_state_probability_shift_sensitivity/ferroptosis_down.alluvial.pdf	/mnt/h/vir/ST/results/step8_strokeniche_perturbmap/state_probability_shift_71_from66e
Step71_state_probability_shift_sensitivity	supplementary_sensitivity_or_surrogate_qc	/mnt/h/vir/ST/results/step8_strokeniche_perturbmap/state_probability_shift_71_from66e/per_candidate_alluvial/ferroptosis_down.alluvial.png	ferroptosis_down.alluvial.png	.png	366354	d9a462dd1b4b43ef5234d9e7c7bcb30f09cb7773b82270117e5b596b29639728	zenodo_data_results_bundle/figures/Step71_state_probability_shift_sensitivity/ferroptosis_down.alluvial.png	/mnt/h/vir/ST/results/step8_strokeniche_perturbmap/state_probability_shift_71_from66e
Step71_state_probability_shift_sensitivity	supplementary_sensitivity_or_surrogate_qc	/mnt/h/vir/ST/results/step8_strokeniche_perturbmap/state_probability_shift_71_from66e/per_candidate_alluvial/repair_ECM_up.alluvial.pdf	repair_ECM_up.alluvial.pdf	.pdf	17951	2aee6007feee07885d3f297f64f01e2071b844de6c64cc894fe0fd9664573d27	zenodo_data_results_bundle/figures/Step71_state_probability_shift_sensitivity/repair_ECM_up.alluvial.pdf	/mnt/h/vir/ST/results/step8_strokeniche_perturbmap/state_probability_shift_71_from66e
Step71_state_probability_shift_sensitivity	supplementary_sensitivity_or_surrogate_qc	/mnt/h/vir/ST/results/step8_strokeniche_perturbmap/state_probability_shift_71_from66e/per_candidate_alluvial/repair_ECM_up.alluvial.png	repair_ECM_up.alluvial.png	.png	362890	d83ed249ad1d860680435e3ec26fbf92e80c85f62f2ee642fe680de6797fc522	zenodo_data_results_bundle/figures/Step71_state_probability_shift_sensitivity/repair_ECM_up.alluvial.png	/mnt/h/vir/ST/results/step8_strokeniche_perturbmap/state_probability_shift_71_from66e
Step71_state_probability_shift_sensitivity	supplementary_sensitivity_or_surrogate_qc	/mnt/h/vir/ST/results/step8_strokeniche_perturbmap/state_probability_shift_71_from66e/per_candidate_alluvial/synaptic_recovery_up.alluvial.pdf	synaptic_recovery_up.alluvial.pdf	.pdf	17060	172f41fc2ea40df7f7e2d8459b24ed5ba41a483e60fdae8f02ea906c00c1215d	zenodo_data_results_bundle/figures/Step71_state_probability_shift_sensitivity/synaptic_recovery_up.alluvial.pdf	/mnt/h/vir/ST/results/step8_strokeniche_perturbmap/state_probability_shift_71_from66e
Step71_state_probability_shift_sensitivity	supplementary_sensitivity_or_surrogate_qc	/mnt/h/vir/ST/results/step8_strokeniche_perturbmap/state_probability_shift_71_from66e/per_candidate_alluvial/synaptic_recovery_up.alluvial.png	synaptic_recovery_up.alluvial.png	.png	367777	811c2e7e747a9df7c82bbc56b251c438bf2d615c0d8c29fb52954a2ecd7083cb	zenodo_data_results_bundle/figures/Step71_state_probability_shift_sensitivity/synaptic_recovery_up.alluvial.png	/mnt/h/vir/ST/results/step8_strokeniche_perturbmap/state_probability_shift_71_from66e
Step71_state_probability_shift_sensitivity	supplementary_sensitivity_or_surrogate_qc	/mnt/h/vir/ST/results/step8_strokeniche_perturbmap/state_probability_shift_71b_from66e_polished/Fig_Step71B_StateProbabilityShift_Polished_annotated.pdf	Fig_Step71B_StateProbabilityShift_Polished_annotated.pdf	.pdf	32496	d8cc9662dbaa9d805b3ff1e6088bfe16bc9767af676105c3115eea81b0df1505	zenodo_data_results_bundle/figures/Step71_state_probability_shift_sensitivity/Fig_Step71B_StateProbabilityShift_Polished_annotated.pdf	/mnt/h/vir/ST/results/step8_strokeniche_perturbmap/state_probability_shift_71b_from66e_polished
Step71_state_probability_shift_sensitivity	supplementary_sensitivity_or_surrogate_qc	/mnt/h/vir/ST/results/step8_strokeniche_perturbmap/state_probability_shift_71b_from66e_polished/Fig_Step71B_StateProbabilityShift_Polished_annotated.png	Fig_Step71B_StateProbabilityShift_Polished_annotated.png	.png	1196183	b8e9b40b52614e631c246617e90e780709da888584110d187ac7affdf641f959	zenodo_data_results_bundle/figures/Step71_state_probability_shift_sensitivity/Fig_Step71B_StateProbabilityShift_Polished_annotated.png	/mnt/h/vir/ST/results/step8_strokeniche_perturbmap/state_probability_shift_71b_from66e_polished
Step71_state_probability_shift_sensitivity	supplementary_sensitivity_or_surrogate_qc	/mnt/h/vir/ST/results/step8_strokeniche_perturbmap/state_probability_shift_71b_from66e_polished/Fig_Step71B_StateProbabilityShift_Polished_annotated.svg	Fig_Step71B_StateProbabilityShift_Polished_annotated.svg	.svg	48363	fa524fbf235c17f7c5dafc93f6b086f3a574e4fae703997db12c1a230edde45f	zenodo_data_results_bundle/figures/Step71_state_probability_shift_sensitivity/Fig_Step71B_StateProbabilityShift_Polished_annotated.svg	/mnt/h/vir/ST/results/step8_strokeniche_perturbmap/state_probability_shift_71b_from66e_polished
Step71_state_probability_shift_sensitivity	supplementary_sensitivity_or_surrogate_qc	/mnt/h/vir/ST/results/step8_strokeniche_perturbmap/state_probability_shift_71b_from66e_polished/Fig_Step71B_StateProbabilityShift_Polished_clean_no_text.pdf	Fig_Step71B_StateProbabilityShift_Polished_clean_no_text.pdf	.pdf	5367	4424ac1e45a25e62f892ddf14f16cb8db4acda83ad13d1250a6f40560a1b0c50	zenodo_data_results_bundle/figures/Step71_state_probability_shift_sensitivity/Fig_Step71B_StateProbabilityShift_Polished_clean_no_text.pdf	/mnt/h/vir/ST/results/step8_strokeniche_perturbmap/state_probability_shift_71b_from66e_polished
Step71_state_probability_shift_sensitivity	supplementary_sensitivity_or_surrogate_qc	/mnt/h/vir/ST/results/step8_strokeniche_perturbmap/state_probability_shift_71b_from66e_polished/Fig_Step71B_StateProbabilityShift_Polished_clean_no_text.png	Fig_Step71B_StateProbabilityShift_Polished_clean_no_text.png	.png	409861	c7f6cc399b9b7e982c9112c320ac0d32dfb600aa7d944f11bfa245b7d91b51e3	zenodo_data_results_bundle/figures/Step71_state_probability_shift_sensitivity/Fig_Step71B_StateProbabilityShift_Polished_clean_no_text.png	/mnt/h/vir/ST/results/step8_strokeniche_perturbmap/state_probability_shift_71b_from66e_polished
Step71_state_probability_shift_sensitivity	supplementary_sensitivity_or_surrogate_qc	/mnt/h/vir/ST/results/step8_strokeniche_perturbmap/state_probability_shift_71b_from66e_polished/Fig_Step71B_StateProbabilityShift_Polished_clean_no_text.svg	Fig_Step71B_StateProbabilityShift_Polished_clean_no_text.svg	.svg	26632	58113693386fa8862f322d35cec9c059e5ba3819e8b452b1ac40b99e4188a8e6	zenodo_data_results_bundle/figures/Step71_state_probability_shift_sensitivity/Fig_Step71B_StateProbabilityShift_Polished_clean_no_text.svg	/mnt/h/vir/ST/results/step8_strokeniche_perturbmap/state_probability_shift_71b_from66e_polished
Step71_state_probability_shift_sensitivity	supplementary_sensitivity_or_surrogate_qc	/mnt/h/vir/ST/results/step8_strokeniche_perturbmap/state_probability_shift_71b_from66e_polished/per_candidate_minimal_flow_alluvial/BBB_leakage_down.minimal_flow_alluvial.annotated.pdf	BBB_leakage_down.minimal_flow_alluvial.annotated.pdf	.pdf	18882	cd6a328043e0c49489da0f1c84c05d3bcd30603e4d50fb5f795f1339e96e08f4	zenodo_data_results_bundle/figures/Step71_state_probability_shift_sensitivity/BBB_leakage_down.minimal_flow_alluvial.annotated.pdf	/mnt/h/vir/ST/results/step8_strokeniche_perturbmap/state_probability_shift_71b_from66e_polished
Step71_state_probability_shift_sensitivity	supplementary_sensitivity_or_surrogate_qc	/mnt/h/vir/ST/results/step8_strokeniche_perturbmap/state_probability_shift_71b_from66e_polished/per_candidate_minimal_flow_alluvial/BBB_leakage_down.minimal_flow_alluvial.annotated.png	BBB_leakage_down.minimal_flow_alluvial.annotated.png	.png	246376	5cbe5a97ae8d8c220ab00b7972cba85d1e3b81fc73b9197a9cfcbeea107b2d26	zenodo_data_results_bundle/figures/Step71_state_probability_shift_sensitivity/BBB_leakage_down.minimal_flow_alluvial.annotated.png	/mnt/h/vir/ST/results/step8_strokeniche_perturbmap/state_probability_shift_71b_from66e_polished
Step71_state_probability_shift_sensitivity	supplementary_sensitivity_or_surrogate_qc	/mnt/h/vir/ST/results/step8_strokeniche_perturbmap/state_probability_shift_71b_from66e_polished/per_candidate_minimal_flow_alluvial/BBB_leakage_down.minimal_flow_alluvial.annotated.svg	BBB_leakage_down.minimal_flow_alluvial.annotated.svg	.svg	6157	e8f4f8e424691a7fc40aec869b05ababf9b83a8e88b87d6d0045452b11eeee74	zenodo_data_results_bundle/figures/Step71_state_probability_shift_sensitivity/BBB_leakage_down.minimal_flow_alluvial.annotated.svg	/mnt/h/vir/ST/results/step8_strokeniche_perturbmap/state_probability_shift_71b_from66e_polished
Step71_state_probability_shift_sensitivity	supplementary_sensitivity_or_surrogate_qc	/mnt/h/vir/ST/results/step8_strokeniche_perturbmap/state_probability_shift_71b_from66e_polished/per_candidate_minimal_flow_alluvial/BBB_leakage_down.minimal_flow_alluvial.clean_no_text.pdf	BBB_leakage_down.minimal_flow_alluvial.clean_no_text.pdf	.pdf	1734	df5ec8683f3ddfa1d148791bfe81dfdcb87ffe58a05fdde553805a425c0419a1	zenodo_data_results_bundle/figures/Step71_state_probability_shift_sensitivity/BBB_leakage_down.minimal_flow_alluvial.clean_no_text.pdf	/mnt/h/vir/ST/results/step8_strokeniche_perturbmap/state_probability_shift_71b_from66e_polished
Step71_state_probability_shift_sensitivity	supplementary_sensitivity_or_surrogate_qc	/mnt/h/vir/ST/results/step8_strokeniche_perturbmap/state_probability_shift_71b_from66e_polished/per_candidate_minimal_flow_alluvial/BBB_leakage_down.minimal_flow_alluvial.clean_no_text.png	BBB_leakage_down.minimal_flow_alluvial.clean_no_text.png	.png	118317	e9993a6a45dcecc5a8d98b26e5414c512c75ef1715c56cbf4ec553f12a6ec0da	zenodo_data_results_bundle/figures/Step71_state_probability_shift_sensitivity/BBB_leakage_down.minimal_flow_alluvial.clean_no_text.png	/mnt/h/vir/ST/results/step8_strokeniche_perturbmap/state_probability_shift_71b_from66e_polished
Step71_state_probability_shift_sensitivity	supplementary_sensitivity_or_surrogate_qc	/mnt/h/vir/ST/results/step8_strokeniche_perturbmap/state_probability_shift_71b_from66e_polished/per_candidate_minimal_flow_alluvial/BBB_leakage_down.minimal_flow_alluvial.clean_no_text.svg	BBB_leakage_down.minimal_flow_alluvial.clean_no_text.svg	.svg	4000	041e38e12c9e72e469094832dd7de590d52b844d865a2427bafa6519cd0392f2	zenodo_data_results_bundle/figures/Step71_state_probability_shift_sensitivity/BBB_leakage_down.minimal_flow_alluvial.clean_no_text.svg	/mnt/h/vir/ST/results/step8_strokeniche_perturbmap/state_probability_shift_71b_from66e_polished
Step71_state_probability_shift_sensitivity	supplementary_sensitivity_or_surrogate_qc	/mnt/h/vir/ST/results/step8_strokeniche_perturbmap/state_probability_shift_71b_from66e_polished/per_candidate_minimal_flow_alluvial/ferroptosis_down.minimal_flow_alluvial.annotated.pdf	ferroptosis_down.minimal_flow_alluvial.annotated.pdf	.pdf	18685	da2a90bca1a973e12903c62e1ce2744ab0a69e93a14a47ba906b06061903e098	zenodo_data_results_bundle/figures/Step71_state_probability_shift_sensitivity/ferroptosis_down.minimal_flow_alluvial.annotated.pdf	/mnt/h/vir/ST/results/step8_strokeniche_perturbmap/state_probability_shift_71b_from66e_polished
Step71_state_probability_shift_sensitivity	supplementary_sensitivity_or_surrogate_qc	/mnt/h/vir/ST/results/step8_strokeniche_perturbmap/state_probability_shift_71b_from66e_polished/per_candidate_minimal_flow_alluvial/ferroptosis_down.minimal_flow_alluvial.annotated.png	ferroptosis_down.minimal_flow_alluvial.annotated.png	.png	248692	d748a7271d3c41d602f0e747097608837da059d98437f40cfce64f2ba430d1e5	zenodo_data_results_bundle/figures/Step71_state_probability_shift_sensitivity/ferroptosis_down.minimal_flow_alluvial.annotated.png	/mnt/h/vir/ST/results/step8_strokeniche_perturbmap/state_probability_shift_71b_from66e_polished
Step71_state_probability_shift_sensitivity	supplementary_sensitivity_or_surrogate_qc	/mnt/h/vir/ST/results/step8_strokeniche_perturbmap/state_probability_shift_71b_from66e_polished/per_candidate_minimal_flow_alluvial/ferroptosis_down.minimal_flow_alluvial.annotated.svg	ferroptosis_down.minimal_flow_alluvial.annotated.svg	.svg	6149	fd69cbbdd60571e7a2c7ea8e092a9e60518a374924975c8481bc76838204f7ac	zenodo_data_results_bundle/figures/Step71_state_probability_shift_sensitivity/ferroptosis_down.minimal_flow_alluvial.annotated.svg	/mnt/h/vir/ST/results/step8_strokeniche_perturbmap/state_probability_shift_71b_from66e_polished
Step71_state_probability_shift_sensitivity	supplementary_sensitivity_or_surrogate_qc	/mnt/h/vir/ST/results/step8_strokeniche_perturbmap/state_probability_shift_71b_from66e_polished/per_candidate_minimal_flow_alluvial/ferroptosis_down.minimal_flow_alluvial.clean_no_text.pdf	ferroptosis_down.minimal_flow_alluvial.clean_no_text.pdf	.pdf	1730	6ec9aa2a5e149c12e0abfed727acb3df39ee88e268ec426422cec40719785991	zenodo_data_results_bundle/figures/Step71_state_probability_shift_sensitivity/ferroptosis_down.minimal_flow_alluvial.clean_no_text.pdf	/mnt/h/vir/ST/results/step8_strokeniche_perturbmap/state_probability_shift_71b_from66e_polished
Step71_state_probability_shift_sensitivity	supplementary_sensitivity_or_surrogate_qc	/mnt/h/vir/ST/results/step8_strokeniche_perturbmap/state_probability_shift_71b_from66e_polished/per_candidate_minimal_flow_alluvial/ferroptosis_down.minimal_flow_alluvial.clean_no_text.png	ferroptosis_down.minimal_flow_alluvial.clean_no_text.png	.png	121419	b83ebd2d7487c8fca3f394ddd5e51826d5067ea76585aec099a87ec146e5338f	zenodo_data_results_bundle/figures/Step71_state_probability_shift_sensitivity/ferroptosis_down.minimal_flow_alluvial.clean_no_text.png	/mnt/h/vir/ST/results/step8_strokeniche_perturbmap/state_probability_shift_71b_from66e_polished
Step71_state_probability_shift_sensitivity	supplementary_sensitivity_or_surrogate_qc	/mnt/h/vir/ST/results/step8_strokeniche_perturbmap/state_probability_shift_71b_from66e_polished/per_candidate_minimal_flow_alluvial/ferroptosis_down.minimal_flow_alluvial.clean_no_text.svg	ferroptosis_down.minimal_flow_alluvial.clean_no_text.svg	.svg	3992	4ac3a3d4a5644b5068a406111540b0e7c626ffb13bc5c21663adba1a68b043d1	zenodo_data_results_bundle/figures/Step71_state_probability_shift_sensitivity/ferroptosis_down.minimal_flow_alluvial.clean_no_text.svg	/mnt/h/vir/ST/results/step8_strokeniche_perturbmap/state_probability_shift_71b_from66e_polished
Step71_state_probability_shift_sensitivity	supplementary_sensitivity_or_surrogate_qc	/mnt/h/vir/ST/results/step8_strokeniche_perturbmap/state_probability_shift_71b_from66e_polished/per_candidate_minimal_flow_alluvial/hypoxia_down.minimal_flow_alluvial.annotated.pdf	hypoxia_down.minimal_flow_alluvial.annotated.pdf	.pdf	18965	093ef88950d15d1855b38a34d58d269f1ff704abda7c3109d98d644fb0cb1933	zenodo_data_results_bundle/figures/Step71_state_probability_shift_sensitivity/hypoxia_down.minimal_flow_alluvial.annotated.pdf	/mnt/h/vir/ST/results/step8_strokeniche_perturbmap/state_probability_shift_71b_from66e_polished
Step71_state_probability_shift_sensitivity	supplementary_sensitivity_or_surrogate_qc	/mnt/h/vir/ST/results/step8_strokeniche_perturbmap/state_probability_shift_71b_from66e_polished/per_candidate_minimal_flow_alluvial/hypoxia_down.minimal_flow_alluvial.annotated.png	hypoxia_down.minimal_flow_alluvial.annotated.png	.png	190883	eeb52abda5673e3275a925daa4efe28b9980b88551573596bd52f8b853920bed	zenodo_data_results_bundle/figures/Step71_state_probability_shift_sensitivity/hypoxia_down.minimal_flow_alluvial.annotated.png	/mnt/h/vir/ST/results/step8_strokeniche_perturbmap/state_probability_shift_71b_from66e_polished
Step71_state_probability_shift_sensitivity	supplementary_sensitivity_or_surrogate_qc	/mnt/h/vir/ST/results/step8_strokeniche_perturbmap/state_probability_shift_71b_from66e_polished/per_candidate_minimal_flow_alluvial/hypoxia_down.minimal_flow_alluvial.annotated.svg	hypoxia_down.minimal_flow_alluvial.annotated.svg	.svg	6153	23e40802a73d8f1a784e7327e4ae9542dd1535d9fa1644844ef4f490bbbe0e8b	zenodo_data_results_bundle/figures/Step71_state_probability_shift_sensitivity/hypoxia_down.minimal_flow_alluvial.annotated.svg	/mnt/h/vir/ST/results/step8_strokeniche_perturbmap/state_probability_shift_71b_from66e_polished
Step71_state_probability_shift_sensitivity	supplementary_sensitivity_or_surrogate_qc	/mnt/h/vir/ST/results/step8_strokeniche_perturbmap/state_probability_shift_71b_from66e_polished/per_candidate_minimal_flow_alluvial/hypoxia_down.minimal_flow_alluvial.clean_no_text.pdf	hypoxia_down.minimal_flow_alluvial.clean_no_text.pdf	.pdf	1730	14cdb83bc6db1a4ddf1130c23f3c6a09005207d61e44db6bd6ba431598d4e29f	zenodo_data_results_bundle/figures/Step71_state_probability_shift_sensitivity/hypoxia_down.minimal_flow_alluvial.clean_no_text.pdf	/mnt/h/vir/ST/results/step8_strokeniche_perturbmap/state_probability_shift_71b_from66e_polished
Step71_state_probability_shift_sensitivity	supplementary_sensitivity_or_surrogate_qc	/mnt/h/vir/ST/results/step8_strokeniche_perturbmap/state_probability_shift_71b_from66e_polished/per_candidate_minimal_flow_alluvial/hypoxia_down.minimal_flow_alluvial.clean_no_text.png	hypoxia_down.minimal_flow_alluvial.clean_no_text.png	.png	81062	cb83a3c231a5691945de9c540e0b024599eeb0386be963640308c5d79e6a8875	zenodo_data_results_bundle/figures/Step71_state_probability_shift_sensitivity/hypoxia_down.minimal_flow_alluvial.clean_no_text.png	/mnt/h/vir/ST/results/step8_strokeniche_perturbmap/state_probability_shift_71b_from66e_polished
Step71_state_probability_shift_sensitivity	supplementary_sensitivity_or_surrogate_qc	/mnt/h/vir/ST/results/step8_strokeniche_perturbmap/state_probability_shift_71b_from66e_polished/per_candidate_minimal_flow_alluvial/hypoxia_down.minimal_flow_alluvial.clean_no_text.svg	hypoxia_down.minimal_flow_alluvial.clean_no_text.svg	.svg	3992	26a606b2959a2250b4b4eb16be97af643c5f3d67c0bb4812c1ebf4c03b7fb6e7	zenodo_data_results_bundle/figures/Step71_state_probability_shift_sensitivity/hypoxia_down.minimal_flow_alluvial.clean_no_text.svg	/mnt/h/vir/ST/results/step8_strokeniche_perturbmap/state_probability_shift_71b_from66e_polished
Step71_state_probability_shift_sensitivity	supplementary_sensitivity_or_surrogate_qc	/mnt/h/vir/ST/results/step8_strokeniche_perturbmap/state_probability_shift_71b_from66e_polished/per_candidate_minimal_flow_alluvial/inflammation_down.minimal_flow_alluvial.annotated.pdf	inflammation_down.minimal_flow_alluvial.annotated.pdf	.pdf	18621	88b4439232759726dc2252efeb02086824e929f6225035b89158e27855d0de68	zenodo_data_results_bundle/figures/Step71_state_probability_shift_sensitivity/inflammation_down.minimal_flow_alluvial.annotated.pdf	/mnt/h/vir/ST/results/step8_strokeniche_perturbmap/state_probability_shift_71b_from66e_polished
Step71_state_probability_shift_sensitivity	supplementary_sensitivity_or_surrogate_qc	/mnt/h/vir/ST/results/step8_strokeniche_perturbmap/state_probability_shift_71b_from66e_polished/per_candidate_minimal_flow_alluvial/inflammation_down.minimal_flow_alluvial.annotated.png	inflammation_down.minimal_flow_alluvial.annotated.png	.png	193853	177e9ab274a74defc89705ef18899fbf1809d3d51647d047737839c74ee24657	zenodo_data_results_bundle/figures/Step71_state_probability_shift_sensitivity/inflammation_down.minimal_flow_alluvial.annotated.png	/mnt/h/vir/ST/results/step8_strokeniche_perturbmap/state_probability_shift_71b_from66e_polished
Step71_state_probability_shift_sensitivity	supplementary_sensitivity_or_surrogate_qc	/mnt/h/vir/ST/results/step8_strokeniche_perturbmap/state_probability_shift_71b_from66e_polished/per_candidate_minimal_flow_alluvial/inflammation_down.minimal_flow_alluvial.annotated.svg	inflammation_down.minimal_flow_alluvial.annotated.svg	.svg	6158	3c8c8d04236ff772c5a16838cbd591db22534c5032192812845561d397789a7c	zenodo_data_results_bundle/figures/Step71_state_probability_shift_sensitivity/inflammation_down.minimal_flow_alluvial.annotated.svg	/mnt/h/vir/ST/results/step8_strokeniche_perturbmap/state_probability_shift_71b_from66e_polished
Step71_state_probability_shift_sensitivity	supplementary_sensitivity_or_surrogate_qc	/mnt/h/vir/ST/results/step8_strokeniche_perturbmap/state_probability_shift_71b_from66e_polished/per_candidate_minimal_flow_alluvial/inflammation_down.minimal_flow_alluvial.clean_no_text.pdf	inflammation_down.minimal_flow_alluvial.clean_no_text.pdf	.pdf	1726	f7f48d774a0c278512482ffa2fc15f94ddc9c8bb626cfc530b69e94eecc4cb00	zenodo_data_results_bundle/figures/Step71_state_probability_shift_sensitivity/inflammation_down.minimal_flow_alluvial.clean_no_text.pdf	/mnt/h/vir/ST/results/step8_strokeniche_perturbmap/state_probability_shift_71b_from66e_polished
Step71_state_probability_shift_sensitivity	supplementary_sensitivity_or_surrogate_qc	/mnt/h/vir/ST/results/step8_strokeniche_perturbmap/state_probability_shift_71b_from66e_polished/per_candidate_minimal_flow_alluvial/inflammation_down.minimal_flow_alluvial.clean_no_text.png	inflammation_down.minimal_flow_alluvial.clean_no_text.png	.png	83218	adba533d00a5b198c3889b22c3ea01167f0a245bd344c84af7bac3fcf5f97656	zenodo_data_results_bundle/figures/Step71_state_probability_shift_sensitivity/inflammation_down.minimal_flow_alluvial.clean_no_text.png	/mnt/h/vir/ST/results/step8_strokeniche_perturbmap/state_probability_shift_71b_from66e_polished
Step71_state_probability_shift_sensitivity	supplementary_sensitivity_or_surrogate_qc	/mnt/h/vir/ST/results/step8_strokeniche_perturbmap/state_probability_shift_71b_from66e_polished/per_candidate_minimal_flow_alluvial/inflammation_down.minimal_flow_alluvial.clean_no_text.svg	inflammation_down.minimal_flow_alluvial.clean_no_text.svg	.svg	3984	74cbb6ec7d7eb06b91e9d348680df7a2160119becb7d8282db0dc1e549033a22	zenodo_data_results_bundle/figures/Step71_state_probability_shift_sensitivity/inflammation_down.minimal_flow_alluvial.clean_no_text.svg	/mnt/h/vir/ST/results/step8_strokeniche_perturbmap/state_probability_shift_71b_from66e_polished
Step71_state_probability_shift_sensitivity	supplementary_sensitivity_or_surrogate_qc	/mnt/h/vir/ST/results/step8_strokeniche_perturbmap/state_probability_shift_71b_from66e_polished/per_candidate_minimal_flow_alluvial/repair_ECM_up.minimal_flow_alluvial.annotated.pdf	repair_ECM_up.minimal_flow_alluvial.annotated.pdf	.pdf	18879	aa39f543fe682a81ec886af4dd9bdfd6c5600749f42ce774b10c54dbf77cdf66	zenodo_data_results_bundle/figures/Step71_state_probability_shift_sensitivity/repair_ECM_up.minimal_flow_alluvial.annotated.pdf	/mnt/h/vir/ST/results/step8_strokeniche_perturbmap/state_probability_shift_71b_from66e_polished
Step71_state_probability_shift_sensitivity	supplementary_sensitivity_or_surrogate_qc	/mnt/h/vir/ST/results/step8_strokeniche_perturbmap/state_probability_shift_71b_from66e_polished/per_candidate_minimal_flow_alluvial/repair_ECM_up.minimal_flow_alluvial.annotated.png	repair_ECM_up.minimal_flow_alluvial.annotated.png	.png	247262	fd604b75aab2db08e921a1b88471c27e63575ef70404456f378431c39e5089a2	zenodo_data_results_bundle/figures/Step71_state_probability_shift_sensitivity/repair_ECM_up.minimal_flow_alluvial.annotated.png	/mnt/h/vir/ST/results/step8_strokeniche_perturbmap/state_probability_shift_71b_from66e_polished
Step71_state_probability_shift_sensitivity	supplementary_sensitivity_or_surrogate_qc	/mnt/h/vir/ST/results/step8_strokeniche_perturbmap/state_probability_shift_71b_from66e_polished/per_candidate_minimal_flow_alluvial/repair_ECM_up.minimal_flow_alluvial.annotated.svg	repair_ECM_up.minimal_flow_alluvial.annotated.svg	.svg	6142	9f5c0e080e05b43793d1c8e75135de0f8cad99d6a2aa87366fc4c7dd9a13770b	zenodo_data_results_bundle/figures/Step71_state_probability_shift_sensitivity/repair_ECM_up.minimal_flow_alluvial.annotated.svg	/mnt/h/vir/ST/results/step8_strokeniche_perturbmap/state_probability_shift_71b_from66e_polished
Step71_state_probability_shift_sensitivity	supplementary_sensitivity_or_surrogate_qc	/mnt/h/vir/ST/results/step8_strokeniche_perturbmap/state_probability_shift_71b_from66e_polished/per_candidate_minimal_flow_alluvial/repair_ECM_up.minimal_flow_alluvial.clean_no_text.pdf	repair_ECM_up.minimal_flow_alluvial.clean_no_text.pdf	.pdf	1734	b72ed25850f5ea30c7162596970210a59c41901cf6b02c6175b68f6217bc6d2c	zenodo_data_results_bundle/figures/Step71_state_probability_shift_sensitivity/repair_ECM_up.minimal_flow_alluvial.clean_no_text.pdf	/mnt/h/vir/ST/results/step8_strokeniche_perturbmap/state_probability_shift_71b_from66e_polished
Step71_state_probability_shift_sensitivity	supplementary_sensitivity_or_surrogate_qc	/mnt/h/vir/ST/results/step8_strokeniche_perturbmap/state_probability_shift_71b_from66e_polished/per_candidate_minimal_flow_alluvial/repair_ECM_up.minimal_flow_alluvial.clean_no_text.png	repair_ECM_up.minimal_flow_alluvial.clean_no_text.png	.png	122595	c23d7e4638feffe59046ec3f1d05fa90b9ab6a949b1cc95133bc0127551fb8fc	zenodo_data_results_bundle/figures/Step71_state_probability_shift_sensitivity/repair_ECM_up.minimal_flow_alluvial.clean_no_text.png	/mnt/h/vir/ST/results/step8_strokeniche_perturbmap/state_probability_shift_71b_from66e_polished
Step71_state_probability_shift_sensitivity	supplementary_sensitivity_or_surrogate_qc	/mnt/h/vir/ST/results/step8_strokeniche_perturbmap/state_probability_shift_71b_from66e_polished/per_candidate_minimal_flow_alluvial/repair_ECM_up.minimal_flow_alluvial.clean_no_text.svg	repair_ECM_up.minimal_flow_alluvial.clean_no_text.svg	.svg	4000	d8d3ec75105bbae25805cc1e4a1338af4b4c63d592e7e9a07d3ad1be09bb2080	zenodo_data_results_bundle/figures/Step71_state_probability_shift_sensitivity/repair_ECM_up.minimal_flow_alluvial.clean_no_text.svg	/mnt/h/vir/ST/results/step8_strokeniche_perturbmap/state_probability_shift_71b_from66e_polished
Step71_state_probability_shift_sensitivity	supplementary_sensitivity_or_surrogate_qc	/mnt/h/vir/ST/results/step8_strokeniche_perturbmap/state_probability_shift_71b_polished/Fig_Step71B_StateProbabilityShift_Polished_annotated.pdf	Fig_Step71B_StateProbabilityShift_Polished_annotated.pdf	.pdf	32544	521a9258b7a6097c7c2f20e484c2ab8e842fd17ad54a9ae61b6303ae6e4acb82	zenodo_data_results_bundle/figures/Step71_state_probability_shift_sensitivity/Fig_Step71B_StateProbabilityShift_Polished_annotated.pdf	/mnt/h/vir/ST/results/step8_strokeniche_perturbmap/state_probability_shift_71b_polished
Step71_state_probability_shift_sensitivity	supplementary_sensitivity_or_surrogate_qc	/mnt/h/vir/ST/results/step8_strokeniche_perturbmap/state_probability_shift_71b_polished/Fig_Step71B_StateProbabilityShift_Polished_annotated.png	Fig_Step71B_StateProbabilityShift_Polished_annotated.png	.png	1280475	ef3305374217a1cae56752192551a3cbf0c2f3e6e29c3f02baac91a6417007a7	zenodo_data_results_bundle/figures/Step71_state_probability_shift_sensitivity/Fig_Step71B_StateProbabilityShift_Polished_annotated.png	/mnt/h/vir/ST/results/step8_strokeniche_perturbmap/state_probability_shift_71b_polished
Step71_state_probability_shift_sensitivity	supplementary_sensitivity_or_surrogate_qc	/mnt/h/vir/ST/results/step8_strokeniche_perturbmap/state_probability_shift_71b_polished/Fig_Step71B_StateProbabilityShift_Polished_annotated.svg	Fig_Step71B_StateProbabilityShift_Polished_annotated.svg	.svg	48392	ef6d2c13ed66008eaf43270111982c591dfd85a45737c355d189ace516bc662b	zenodo_data_results_bundle/figures/Step71_state_probability_shift_sensitivity/Fig_Step71B_StateProbabilityShift_Polished_annotated.svg	/mnt/h/vir/ST/results/step8_strokeniche_perturbmap/state_probability_shift_71b_polished
Step71_state_probability_shift_sensitivity	supplementary_sensitivity_or_surrogate_qc	/mnt/h/vir/ST/results/step8_strokeniche_perturbmap/state_probability_shift_71b_polished/Fig_Step71B_StateProbabilityShift_Polished_clean_no_text.pdf	Fig_Step71B_StateProbabilityShift_Polished_clean_no_text.pdf	.pdf	5272	1231443361e1d9b2f30c3c206db36e63a0760675be9f44b9ab4199ebf9ea23e7	zenodo_data_results_bundle/figures/Step71_state_probability_shift_sensitivity/Fig_Step71B_StateProbabilityShift_Polished_clean_no_text.pdf	/mnt/h/vir/ST/results/step8_strokeniche_perturbmap/state_probability_shift_71b_polished
Step71_state_probability_shift_sensitivity	supplementary_sensitivity_or_surrogate_qc	/mnt/h/vir/ST/results/step8_strokeniche_perturbmap/state_probability_shift_71b_polished/Fig_Step71B_StateProbabilityShift_Polished_clean_no_text.png	Fig_Step71B_StateProbabilityShift_Polished_clean_no_text.png	.png	462869	560bd073d16f9aacc3d6ddc48771ff0c3987674dd038d76d954b4d22c284db0c	zenodo_data_results_bundle/figures/Step71_state_probability_shift_sensitivity/Fig_Step71B_StateProbabilityShift_Polished_clean_no_text.png	/mnt/h/vir/ST/results/step8_strokeniche_perturbmap/state_probability_shift_71b_polished
Step71_state_probability_shift_sensitivity	supplementary_sensitivity_or_surrogate_qc	/mnt/h/vir/ST/results/step8_strokeniche_perturbmap/state_probability_shift_71b_polished/Fig_Step71B_StateProbabilityShift_Polished_clean_no_text.svg	Fig_Step71B_StateProbabilityShift_Polished_clean_no_text.svg	.svg	26647	9d5aa68655bec41e3c3d9ac8f332f6577ab32d5dc4a3894afe13dac8a2915325	zenodo_data_results_bundle/figures/Step71_state_probability_shift_sensitivity/Fig_Step71B_StateProbabilityShift_Polished_clean_no_text.svg	/mnt/h/vir/ST/results/step8_strokeniche_perturbmap/state_probability_shift_71b_polished
Step71_state_probability_shift_sensitivity	supplementary_sensitivity_or_surrogate_qc	/mnt/h/vir/ST/results/step8_strokeniche_perturbmap/state_probability_shift_71b_polished/per_candidate_minimal_flow_alluvial/BBB_leakage_down.minimal_flow_alluvial.annotated.pdf	BBB_leakage_down.minimal_flow_alluvial.annotated.pdf	.pdf	18887	91903d92ada0dc64df571e1d9ad806dbfde2603f6b971ddda7352985ba40aa57	zenodo_data_results_bundle/figures/Step71_state_probability_shift_sensitivity/BBB_leakage_down.minimal_flow_alluvial.annotated.pdf	/mnt/h/vir/ST/results/step8_strokeniche_perturbmap/state_probability_shift_71b_polished
Step71_state_probability_shift_sensitivity	supplementary_sensitivity_or_surrogate_qc	/mnt/h/vir/ST/results/step8_strokeniche_perturbmap/state_probability_shift_71b_polished/per_candidate_minimal_flow_alluvial/BBB_leakage_down.minimal_flow_alluvial.annotated.png	BBB_leakage_down.minimal_flow_alluvial.annotated.png	.png	257292	3d3bcd1780d7dd28936732ca611d060cb1f1a0a005e0ccb084f141140cfb9922	zenodo_data_results_bundle/figures/Step71_state_probability_shift_sensitivity/BBB_leakage_down.minimal_flow_alluvial.annotated.png	/mnt/h/vir/ST/results/step8_strokeniche_perturbmap/state_probability_shift_71b_polished
Step71_state_probability_shift_sensitivity	supplementary_sensitivity_or_surrogate_qc	/mnt/h/vir/ST/results/step8_strokeniche_perturbmap/state_probability_shift_71b_polished/per_candidate_minimal_flow_alluvial/BBB_leakage_down.minimal_flow_alluvial.annotated.svg	BBB_leakage_down.minimal_flow_alluvial.annotated.svg	.svg	6141	678e640371043543c5df6a97950685a184747d2fcc3b436b29a43d74154d0c52	zenodo_data_results_bundle/figures/Step71_state_probability_shift_sensitivity/BBB_leakage_down.minimal_flow_alluvial.annotated.svg	/mnt/h/vir/ST/results/step8_strokeniche_perturbmap/state_probability_shift_71b_polished
Step71_state_probability_shift_sensitivity	supplementary_sensitivity_or_surrogate_qc	/mnt/h/vir/ST/results/step8_strokeniche_perturbmap/state_probability_shift_71b_polished/per_candidate_minimal_flow_alluvial/BBB_leakage_down.minimal_flow_alluvial.clean_no_text.pdf	BBB_leakage_down.minimal_flow_alluvial.clean_no_text.pdf	.pdf	1734	bc7a7ee7ba925fab051cbee903a9e2ff1477ebb820dc42d6573ed54667ec5d9f	zenodo_data_results_bundle/figures/Step71_state_probability_shift_sensitivity/BBB_leakage_down.minimal_flow_alluvial.clean_no_text.pdf	/mnt/h/vir/ST/results/step8_strokeniche_perturbmap/state_probability_shift_71b_polished
Step71_state_probability_shift_sensitivity	supplementary_sensitivity_or_surrogate_qc	/mnt/h/vir/ST/results/step8_strokeniche_perturbmap/state_probability_shift_71b_polished/per_candidate_minimal_flow_alluvial/BBB_leakage_down.minimal_flow_alluvial.clean_no_text.png	BBB_leakage_down.minimal_flow_alluvial.clean_no_text.png	.png	128375	be91a981b41be489d4366e39e94b3c3878423001d1f0a7f2b627b6873733f72c	zenodo_data_results_bundle/figures/Step71_state_probability_shift_sensitivity/BBB_leakage_down.minimal_flow_alluvial.clean_no_text.png	/mnt/h/vir/ST/results/step8_strokeniche_perturbmap/state_probability_shift_71b_polished
Step71_state_probability_shift_sensitivity	supplementary_sensitivity_or_surrogate_qc	/mnt/h/vir/ST/results/step8_strokeniche_perturbmap/state_probability_shift_71b_polished/per_candidate_minimal_flow_alluvial/BBB_leakage_down.minimal_flow_alluvial.clean_no_text.svg	BBB_leakage_down.minimal_flow_alluvial.clean_no_text.svg	.svg	3996	8edb3b41a6dd7afc7703840412bf0db0a7634ca6f6e01876cec03b1361a1d15f	zenodo_data_results_bundle/figures/Step71_state_probability_shift_sensitivity/BBB_leakage_down.minimal_flow_alluvial.clean_no_text.svg	/mnt/h/vir/ST/results/step8_strokeniche_perturbmap/state_probability_shift_71b_polished
Step71_state_probability_shift_sensitivity	supplementary_sensitivity_or_surrogate_qc	/mnt/h/vir/ST/results/step8_strokeniche_perturbmap/state_probability_shift_71b_polished/per_candidate_minimal_flow_alluvial/ferroptosis_down.minimal_flow_alluvial.annotated.pdf	ferroptosis_down.minimal_flow_alluvial.annotated.pdf	.pdf	18683	ae859f489757ca7978edd860d2ffa83663193afc02f9774e833c993386324be5	zenodo_data_results_bundle/figures/Step71_state_probability_shift_sensitivity/ferroptosis_down.minimal_flow_alluvial.annotated.pdf	/mnt/h/vir/ST/results/step8_strokeniche_perturbmap/state_probability_shift_71b_polished
Step71_state_probability_shift_sensitivity	supplementary_sensitivity_or_surrogate_qc	/mnt/h/vir/ST/results/step8_strokeniche_perturbmap/state_probability_shift_71b_polished/per_candidate_minimal_flow_alluvial/ferroptosis_down.minimal_flow_alluvial.annotated.png	ferroptosis_down.minimal_flow_alluvial.annotated.png	.png	255954	411f64b1b9aaef216232decf3d5e3cfccf550f99bca80070aec33f6e691a619d	zenodo_data_results_bundle/figures/Step71_state_probability_shift_sensitivity/ferroptosis_down.minimal_flow_alluvial.annotated.png	/mnt/h/vir/ST/results/step8_strokeniche_perturbmap/state_probability_shift_71b_polished
Step71_state_probability_shift_sensitivity	supplementary_sensitivity_or_surrogate_qc	/mnt/h/vir/ST/results/step8_strokeniche_perturbmap/state_probability_shift_71b_polished/per_candidate_minimal_flow_alluvial/ferroptosis_down.minimal_flow_alluvial.annotated.svg	ferroptosis_down.minimal_flow_alluvial.annotated.svg	.svg	6143	a3ed2cf478645f3c10bb34987064758c7aea8e715a849ea689ce89478e7d0599	zenodo_data_results_bundle/figures/Step71_state_probability_shift_sensitivity/ferroptosis_down.minimal_flow_alluvial.annotated.svg	/mnt/h/vir/ST/results/step8_strokeniche_perturbmap/state_probability_shift_71b_polished
Step71_state_probability_shift_sensitivity	supplementary_sensitivity_or_surrogate_qc	/mnt/h/vir/ST/results/step8_strokeniche_perturbmap/state_probability_shift_71b_polished/per_candidate_minimal_flow_alluvial/ferroptosis_down.minimal_flow_alluvial.clean_no_text.pdf	ferroptosis_down.minimal_flow_alluvial.clean_no_text.pdf	.pdf	1733	538f0a142d5c3d0a335d829b74acd85ab4a3234e5b0b1e4c2fa319f73248827a	zenodo_data_results_bundle/figures/Step71_state_probability_shift_sensitivity/ferroptosis_down.minimal_flow_alluvial.clean_no_text.pdf	/mnt/h/vir/ST/results/step8_strokeniche_perturbmap/state_probability_shift_71b_polished
Step71_state_probability_shift_sensitivity	supplementary_sensitivity_or_surrogate_qc	/mnt/h/vir/ST/results/step8_strokeniche_perturbmap/state_probability_shift_71b_polished/per_candidate_minimal_flow_alluvial/ferroptosis_down.minimal_flow_alluvial.clean_no_text.png	ferroptosis_down.minimal_flow_alluvial.clean_no_text.png	.png	127527	0c6fa2ffc02bdc8f4a626f5e46014ffb28efc76ed27092d5cc353ac81b50a1c5	zenodo_data_results_bundle/figures/Step71_state_probability_shift_sensitivity/ferroptosis_down.minimal_flow_alluvial.clean_no_text.png	/mnt/h/vir/ST/results/step8_strokeniche_perturbmap/state_probability_shift_71b_polished
Step71_state_probability_shift_sensitivity	supplementary_sensitivity_or_surrogate_qc	/mnt/h/vir/ST/results/step8_strokeniche_perturbmap/state_probability_shift_71b_polished/per_candidate_minimal_flow_alluvial/ferroptosis_down.minimal_flow_alluvial.clean_no_text.svg	ferroptosis_down.minimal_flow_alluvial.clean_no_text.svg	.svg	4000	ba0b86f440c023d83599ee93907225ad129bc08beb90337856870dc68f081ac7	zenodo_data_results_bundle/figures/Step71_state_probability_shift_sensitivity/ferroptosis_down.minimal_flow_alluvial.clean_no_text.svg	/mnt/h/vir/ST/results/step8_strokeniche_perturbmap/state_probability_shift_71b_polished
Step71_state_probability_shift_sensitivity	supplementary_sensitivity_or_surrogate_qc	/mnt/h/vir/ST/results/step8_strokeniche_perturbmap/state_probability_shift_71b_polished/per_candidate_minimal_flow_alluvial/hypoxia_down.minimal_flow_alluvial.annotated.pdf	hypoxia_down.minimal_flow_alluvial.annotated.pdf	.pdf	18971	8d4f32862cd363737026cfcbf796f234654faa835d4600963aced60f97c946f2	zenodo_data_results_bundle/figures/Step71_state_probability_shift_sensitivity/hypoxia_down.minimal_flow_alluvial.annotated.pdf	/mnt/h/vir/ST/results/step8_strokeniche_perturbmap/state_probability_shift_71b_polished
Step71_state_probability_shift_sensitivity	supplementary_sensitivity_or_surrogate_qc	/mnt/h/vir/ST/results/step8_strokeniche_perturbmap/state_probability_shift_71b_polished/per_candidate_minimal_flow_alluvial/hypoxia_down.minimal_flow_alluvial.annotated.png	hypoxia_down.minimal_flow_alluvial.annotated.png	.png	254527	79ca050a0ddb731c9ccae35e5ce8e642d4e9ae4d5e90864e7eac6f9b3c3b5dab	zenodo_data_results_bundle/figures/Step71_state_probability_shift_sensitivity/hypoxia_down.minimal_flow_alluvial.annotated.png	/mnt/h/vir/ST/results/step8_strokeniche_perturbmap/state_probability_shift_71b_polished
Step71_state_probability_shift_sensitivity	supplementary_sensitivity_or_surrogate_qc	/mnt/h/vir/ST/results/step8_strokeniche_perturbmap/state_probability_shift_71b_polished/per_candidate_minimal_flow_alluvial/hypoxia_down.minimal_flow_alluvial.annotated.svg	hypoxia_down.minimal_flow_alluvial.annotated.svg	.svg	6133	6de8f0841d3a91ac7c9b962dbfb2ca8e7105a65a32ac60d0661bd86613b694ea	zenodo_data_results_bundle/figures/Step71_state_probability_shift_sensitivity/hypoxia_down.minimal_flow_alluvial.annotated.svg	/mnt/h/vir/ST/results/step8_strokeniche_perturbmap/state_probability_shift_71b_polished
Step71_state_probability_shift_sensitivity	supplementary_sensitivity_or_surrogate_qc	/mnt/h/vir/ST/results/step8_strokeniche_perturbmap/state_probability_shift_71b_polished/per_candidate_minimal_flow_alluvial/hypoxia_down.minimal_flow_alluvial.clean_no_text.pdf	hypoxia_down.minimal_flow_alluvial.clean_no_text.pdf	.pdf	1733	23089bbe8192f2f158839b6c9a93cc9f0a6beebc427ec365641f955ce5351c5e	zenodo_data_results_bundle/figures/Step71_state_probability_shift_sensitivity/hypoxia_down.minimal_flow_alluvial.clean_no_text.pdf	/mnt/h/vir/ST/results/step8_strokeniche_perturbmap/state_probability_shift_71b_polished
Step71_state_probability_shift_sensitivity	supplementary_sensitivity_or_surrogate_qc	/mnt/h/vir/ST/results/step8_strokeniche_perturbmap/state_probability_shift_71b_polished/per_candidate_minimal_flow_alluvial/hypoxia_down.minimal_flow_alluvial.clean_no_text.png	hypoxia_down.minimal_flow_alluvial.clean_no_text.png	.png	126397	d72e0b5a0c33b717d48e59ac336ad1eebab6beae1bcdd18aff151e04a0def7c1	zenodo_data_results_bundle/figures/Step71_state_probability_shift_sensitivity/hypoxia_down.minimal_flow_alluvial.clean_no_text.png	/mnt/h/vir/ST/results/step8_strokeniche_perturbmap/state_probability_shift_71b_polished
Step71_state_probability_shift_sensitivity	supplementary_sensitivity_or_surrogate_qc	/mnt/h/vir/ST/results/step8_strokeniche_perturbmap/state_probability_shift_71b_polished/per_candidate_minimal_flow_alluvial/hypoxia_down.minimal_flow_alluvial.clean_no_text.svg	hypoxia_down.minimal_flow_alluvial.clean_no_text.svg	.svg	4000	56066a7b07c287ab4b21431c0640d49c9b349d1d7f160ec1645b895143f3f9eb	zenodo_data_results_bundle/figures/Step71_state_probability_shift_sensitivity/hypoxia_down.minimal_flow_alluvial.clean_no_text.svg	/mnt/h/vir/ST/results/step8_strokeniche_perturbmap/state_probability_shift_71b_polished
Step71_state_probability_shift_sensitivity	supplementary_sensitivity_or_surrogate_qc	/mnt/h/vir/ST/results/step8_strokeniche_perturbmap/state_probability_shift_71b_polished/per_candidate_minimal_flow_alluvial/inflammation_down.minimal_flow_alluvial.annotated.pdf	inflammation_down.minimal_flow_alluvial.annotated.pdf	.pdf	18634	dc73ada1adf2ee2548ed4037a5cca711908a872d2849018c361c9fb20d6175c1	zenodo_data_results_bundle/figures/Step71_state_probability_shift_sensitivity/inflammation_down.minimal_flow_alluvial.annotated.pdf	/mnt/h/vir/ST/results/step8_strokeniche_perturbmap/state_probability_shift_71b_polished
Step71_state_probability_shift_sensitivity	supplementary_sensitivity_or_surrogate_qc	/mnt/h/vir/ST/results/step8_strokeniche_perturbmap/state_probability_shift_71b_polished/per_candidate_minimal_flow_alluvial/inflammation_down.minimal_flow_alluvial.annotated.png	inflammation_down.minimal_flow_alluvial.annotated.png	.png	253424	d9dee71d12f26a540843251140307e0eb618298a05b9474b0459dc0bf1791920	zenodo_data_results_bundle/figures/Step71_state_probability_shift_sensitivity/inflammation_down.minimal_flow_alluvial.annotated.png	/mnt/h/vir/ST/results/step8_strokeniche_perturbmap/state_probability_shift_71b_polished
Step71_state_probability_shift_sensitivity	supplementary_sensitivity_or_surrogate_qc	/mnt/h/vir/ST/results/step8_strokeniche_perturbmap/state_probability_shift_71b_polished/per_candidate_minimal_flow_alluvial/inflammation_down.minimal_flow_alluvial.annotated.svg	inflammation_down.minimal_flow_alluvial.annotated.svg	.svg	6154	0ed34d90b8cc3245918d55827b072d9fa94c689969722c9b0daa80c6b71dc718	zenodo_data_results_bundle/figures/Step71_state_probability_shift_sensitivity/inflammation_down.minimal_flow_alluvial.annotated.svg	/mnt/h/vir/ST/results/step8_strokeniche_perturbmap/state_probability_shift_71b_polished
Step71_state_probability_shift_sensitivity	supplementary_sensitivity_or_surrogate_qc	/mnt/h/vir/ST/results/step8_strokeniche_perturbmap/state_probability_shift_71b_polished/per_candidate_minimal_flow_alluvial/inflammation_down.minimal_flow_alluvial.clean_no_text.pdf	inflammation_down.minimal_flow_alluvial.clean_no_text.pdf	.pdf	1731	050334da8ed0a5429c63a91d99f50a688d7452c9287ebf1714bb9814c585cfe0	zenodo_data_results_bundle/figures/Step71_state_probability_shift_sensitivity/inflammation_down.minimal_flow_alluvial.clean_no_text.pdf	/mnt/h/vir/ST/results/step8_strokeniche_perturbmap/state_probability_shift_71b_polished
Step71_state_probability_shift_sensitivity	supplementary_sensitivity_or_surrogate_qc	/mnt/h/vir/ST/results/step8_strokeniche_perturbmap/state_probability_shift_71b_polished/per_candidate_minimal_flow_alluvial/inflammation_down.minimal_flow_alluvial.clean_no_text.png	inflammation_down.minimal_flow_alluvial.clean_no_text.png	.png	125504	957b1df7032ee9574466808755cae8d16ea24b9843eaa4333121eebc657bb881	zenodo_data_results_bundle/figures/Step71_state_probability_shift_sensitivity/inflammation_down.minimal_flow_alluvial.clean_no_text.png	/mnt/h/vir/ST/results/step8_strokeniche_perturbmap/state_probability_shift_71b_polished
Step71_state_probability_shift_sensitivity	supplementary_sensitivity_or_surrogate_qc	/mnt/h/vir/ST/results/step8_strokeniche_perturbmap/state_probability_shift_71b_polished/per_candidate_minimal_flow_alluvial/inflammation_down.minimal_flow_alluvial.clean_no_text.svg	inflammation_down.minimal_flow_alluvial.clean_no_text.svg	.svg	4000	ef4c39d9fb76247d181a86a45660fa84fe63d79d25e1cbc1c9e4a06602982270	zenodo_data_results_bundle/figures/Step71_state_probability_shift_sensitivity/inflammation_down.minimal_flow_alluvial.clean_no_text.svg	/mnt/h/vir/ST/results/step8_strokeniche_perturbmap/state_probability_shift_71b_polished
Step71_state_probability_shift_sensitivity	supplementary_sensitivity_or_surrogate_qc	/mnt/h/vir/ST/results/step8_strokeniche_perturbmap/state_probability_shift_71b_polished/per_candidate_minimal_flow_alluvial/repair_ECM_up.minimal_flow_alluvial.annotated.pdf	repair_ECM_up.minimal_flow_alluvial.annotated.pdf	.pdf	18877	d15255d982ca76b16d3f0ec3e5f6779248c9cb2fcdc1ce7bbab76b24f7364bd0	zenodo_data_results_bundle/figures/Step71_state_probability_shift_sensitivity/repair_ECM_up.minimal_flow_alluvial.annotated.pdf	/mnt/h/vir/ST/results/step8_strokeniche_perturbmap/state_probability_shift_71b_polished
Step71_state_probability_shift_sensitivity	supplementary_sensitivity_or_surrogate_qc	/mnt/h/vir/ST/results/step8_strokeniche_perturbmap/state_probability_shift_71b_polished/per_candidate_minimal_flow_alluvial/repair_ECM_up.minimal_flow_alluvial.annotated.png	repair_ECM_up.minimal_flow_alluvial.annotated.png	.png	253674	acd22e0bc2973d54d3cce5c5e9dcbf15f293d295c337cdc068448f85a2b5109d	zenodo_data_results_bundle/figures/Step71_state_probability_shift_sensitivity/repair_ECM_up.minimal_flow_alluvial.annotated.png	/mnt/h/vir/ST/results/step8_strokeniche_perturbmap/state_probability_shift_71b_polished
Step71_state_probability_shift_sensitivity	supplementary_sensitivity_or_surrogate_qc	/mnt/h/vir/ST/results/step8_strokeniche_perturbmap/state_probability_shift_71b_polished/per_candidate_minimal_flow_alluvial/repair_ECM_up.minimal_flow_alluvial.annotated.svg	repair_ECM_up.minimal_flow_alluvial.annotated.svg	.svg	6146	125fee6041a08ca8d124969e19bfed46e06c4d96601e202bf1be2587d9fa61f7	zenodo_data_results_bundle/figures/Step71_state_probability_shift_sensitivity/repair_ECM_up.minimal_flow_alluvial.annotated.svg	/mnt/h/vir/ST/results/step8_strokeniche_perturbmap/state_probability_shift_71b_polished
Step71_state_probability_shift_sensitivity	supplementary_sensitivity_or_surrogate_qc	/mnt/h/vir/ST/results/step8_strokeniche_perturbmap/state_probability_shift_71b_polished/per_candidate_minimal_flow_alluvial/repair_ECM_up.minimal_flow_alluvial.clean_no_text.pdf	repair_ECM_up.minimal_flow_alluvial.clean_no_text.pdf	.pdf	1732	dfb194691c0b59964cca3c04be19b98625e238cbf3c0c17a1628be3b620e7c3a	zenodo_data_results_bundle/figures/Step71_state_probability_shift_sensitivity/repair_ECM_up.minimal_flow_alluvial.clean_no_text.pdf	/mnt/h/vir/ST/results/step8_strokeniche_perturbmap/state_probability_shift_71b_polished
Step71_state_probability_shift_sensitivity	supplementary_sensitivity_or_surrogate_qc	/mnt/h/vir/ST/results/step8_strokeniche_perturbmap/state_probability_shift_71b_polished/per_candidate_minimal_flow_alluvial/repair_ECM_up.minimal_flow_alluvial.clean_no_text.png	repair_ECM_up.minimal_flow_alluvial.clean_no_text.png	.png	128047	e29c44e6c80f9ca3c0f7423cd40d383c326c495fd253249aab76f7c1616a93b6	zenodo_data_results_bundle/figures/Step71_state_probability_shift_sensitivity/repair_ECM_up.minimal_flow_alluvial.clean_no_text.png	/mnt/h/vir/ST/results/step8_strokeniche_perturbmap/state_probability_shift_71b_polished
Step71_state_probability_shift_sensitivity	supplementary_sensitivity_or_surrogate_qc	/mnt/h/vir/ST/results/step8_strokeniche_perturbmap/state_probability_shift_71b_polished/per_candidate_minimal_flow_alluvial/repair_ECM_up.minimal_flow_alluvial.clean_no_text.svg	repair_ECM_up.minimal_flow_alluvial.clean_no_text.svg	.svg	4000	56c26cc3cca8ca46eee690e5536dd28d7d63aa79880929f74028d2e389c18416	zenodo_data_results_bundle/figures/Step71_state_probability_shift_sensitivity/repair_ECM_up.minimal_flow_alluvial.clean_no_text.svg	/mnt/h/vir/ST/results/step8_strokeniche_perturbmap/state_probability_shift_71b_polished
Step71_state_probability_shift_sensitivity	supplementary_sensitivity_or_surrogate_qc	/mnt/h/vir/ST/results/step8_strokeniche_perturbmap/state_probability_shift_71c_from66e_net_redistribution/Fig_Step71C_StateProbabilityShift_NetRedistribution_annotated.pdf	Fig_Step71C_StateProbabilityShift_NetRedistribution_annotated.pdf	.pdf	36810	85ac06b38b0fecbd791bcd9cfd7ca352fbcb517d848b2f0fa2769f3855c1449f	zenodo_data_results_bundle/figures/Step71_state_probability_shift_sensitivity/Fig_Step71C_StateProbabilityShift_NetRedistribution_annotated.pdf	/mnt/h/vir/ST/results/step8_strokeniche_perturbmap/state_probability_shift_71c_from66e_net_redistribution
Step71_state_probability_shift_sensitivity	supplementary_sensitivity_or_surrogate_qc	/mnt/h/vir/ST/results/step8_strokeniche_perturbmap/state_probability_shift_71c_from66e_net_redistribution/Fig_Step71C_StateProbabilityShift_NetRedistribution_annotated.png	Fig_Step71C_StateProbabilityShift_NetRedistribution_annotated.png	.png	1509662	341536075281a9e49563c3fc16a9bb417bf19fe313727f8f56343869e4c0165e	zenodo_data_results_bundle/figures/Step71_state_probability_shift_sensitivity/Fig_Step71C_StateProbabilityShift_NetRedistribution_annotated.png	/mnt/h/vir/ST/results/step8_strokeniche_perturbmap/state_probability_shift_71c_from66e_net_redistribution
Step71_state_probability_shift_sensitivity	supplementary_sensitivity_or_surrogate_qc	/mnt/h/vir/ST/results/step8_strokeniche_perturbmap/state_probability_shift_71c_from66e_net_redistribution/Fig_Step71C_StateProbabilityShift_NetRedistribution_annotated.svg	Fig_Step71C_StateProbabilityShift_NetRedistribution_annotated.svg	.svg	61645	518e68b0a2d1d46ecedb7df7ecfb7e628e6929a7d823933b8a8d7a3bc3e73e8b	zenodo_data_results_bundle/figures/Step71_state_probability_shift_sensitivity/Fig_Step71C_StateProbabilityShift_NetRedistribution_annotated.svg	/mnt/h/vir/ST/results/step8_strokeniche_perturbmap/state_probability_shift_71c_from66e_net_redistribution
Step71_state_probability_shift_sensitivity	supplementary_sensitivity_or_surrogate_qc	/mnt/h/vir/ST/results/step8_strokeniche_perturbmap/state_probability_shift_71c_from66e_net_redistribution/Fig_Step71C_StateProbabilityShift_NetRedistribution_clean_no_text.pdf	Fig_Step71C_StateProbabilityShift_NetRedistribution_clean_no_text.pdf	.pdf	12406	82421a968077182a72548c1e36a5b572456c5b423d0be59f481303e736192bb8	zenodo_data_results_bundle/figures/Step71_state_probability_shift_sensitivity/Fig_Step71C_StateProbabilityShift_NetRedistribution_clean_no_text.pdf	/mnt/h/vir/ST/results/step8_strokeniche_perturbmap/state_probability_shift_71c_from66e_net_redistribution
Step71_state_probability_shift_sensitivity	supplementary_sensitivity_or_surrogate_qc	/mnt/h/vir/ST/results/step8_strokeniche_perturbmap/state_probability_shift_71c_from66e_net_redistribution/Fig_Step71C_StateProbabilityShift_NetRedistribution_clean_no_text.png	Fig_Step71C_StateProbabilityShift_NetRedistribution_clean_no_text.png	.png	507111	625e432eedd332c7a5ace34e4a24e499358c21d4e0ba0004fcf76a8d31d15d5d	zenodo_data_results_bundle/figures/Step71_state_probability_shift_sensitivity/Fig_Step71C_StateProbabilityShift_NetRedistribution_clean_no_text.png	/mnt/h/vir/ST/results/step8_strokeniche_perturbmap/state_probability_shift_71c_from66e_net_redistribution
Step71_state_probability_shift_sensitivity	supplementary_sensitivity_or_surrogate_qc	/mnt/h/vir/ST/results/step8_strokeniche_perturbmap/state_probability_shift_71c_from66e_net_redistribution/Fig_Step71C_StateProbabilityShift_NetRedistribution_clean_no_text.svg	Fig_Step71C_StateProbabilityShift_NetRedistribution_clean_no_text.svg	.svg	34355	4c0decbbc62dedbad8ca287c3502ddccd9c38ceb24b3050cf3700cbefbb9c1e2	zenodo_data_results_bundle/figures/Step71_state_probability_shift_sensitivity/Fig_Step71C_StateProbabilityShift_NetRedistribution_clean_no_text.svg	/mnt/h/vir/ST/results/step8_strokeniche_perturbmap/state_probability_shift_71c_from66e_net_redistribution
Step71_state_probability_shift_sensitivity	supplementary_sensitivity_or_surrogate_qc	/mnt/h/vir/ST/results/step8_strokeniche_perturbmap/state_probability_shift_71c_from66e_net_redistribution/per_candidate_net_redistribution_flow/BBB_leakage_down.net_redistribution.annotated.pdf	BBB_leakage_down.net_redistribution.annotated.pdf	.pdf	20206	f5375f850badfbd16434c8eb1c47355834272dcc8c6540d9de9aa36371a55099	zenodo_data_results_bundle/figures/Step71_state_probability_shift_sensitivity/BBB_leakage_down.net_redistribution.annotated.pdf	/mnt/h/vir/ST/results/step8_strokeniche_perturbmap/state_probability_shift_71c_from66e_net_redistribution
Step71_state_probability_shift_sensitivity	supplementary_sensitivity_or_surrogate_qc	/mnt/h/vir/ST/results/step8_strokeniche_perturbmap/state_probability_shift_71c_from66e_net_redistribution/per_candidate_net_redistribution_flow/BBB_leakage_down.net_redistribution.annotated.png	BBB_leakage_down.net_redistribution.annotated.png	.png	285602	78bf3cb6126081525640f14d775c886331c0cb554732895bed2230e1a1ba2681	zenodo_data_results_bundle/figures/Step71_state_probability_shift_sensitivity/BBB_leakage_down.net_redistribution.annotated.png	/mnt/h/vir/ST/results/step8_strokeniche_perturbmap/state_probability_shift_71c_from66e_net_redistribution
Step71_state_probability_shift_sensitivity	supplementary_sensitivity_or_surrogate_qc	/mnt/h/vir/ST/results/step8_strokeniche_perturbmap/state_probability_shift_71c_from66e_net_redistribution/per_candidate_net_redistribution_flow/BBB_leakage_down.net_redistribution.annotated.svg	BBB_leakage_down.net_redistribution.annotated.svg	.svg	6800	618dedbb3d5aa52f039551fa77a8fba05e532b1763889b6a90f146fe30445ab9	zenodo_data_results_bundle/figures/Step71_state_probability_shift_sensitivity/BBB_leakage_down.net_redistribution.annotated.svg	/mnt/h/vir/ST/results/step8_strokeniche_perturbmap/state_probability_shift_71c_from66e_net_redistribution
Step71_state_probability_shift_sensitivity	supplementary_sensitivity_or_surrogate_qc	/mnt/h/vir/ST/results/step8_strokeniche_perturbmap/state_probability_shift_71c_from66e_net_redistribution/per_candidate_net_redistribution_flow/BBB_leakage_down.net_redistribution.clean_no_text.pdf	BBB_leakage_down.net_redistribution.clean_no_text.pdf	.pdf	1689	38643957e71a0fc358c7ef4d6cea9d07bbfba73d5cf2f46781726e05dc00a6a7	zenodo_data_results_bundle/figures/Step71_state_probability_shift_sensitivity/BBB_leakage_down.net_redistribution.clean_no_text.pdf	/mnt/h/vir/ST/results/step8_strokeniche_perturbmap/state_probability_shift_71c_from66e_net_redistribution
Step71_state_probability_shift_sensitivity	supplementary_sensitivity_or_surrogate_qc	/mnt/h/vir/ST/results/step8_strokeniche_perturbmap/state_probability_shift_71c_from66e_net_redistribution/per_candidate_net_redistribution_flow/BBB_leakage_down.net_redistribution.clean_no_text.png	BBB_leakage_down.net_redistribution.clean_no_text.png	.png	121465	3be51125c60cd200332ab898a1a7dbe2c98863865f243d157bdeeba30b1ef7e9	zenodo_data_results_bundle/figures/Step71_state_probability_shift_sensitivity/BBB_leakage_down.net_redistribution.clean_no_text.png	/mnt/h/vir/ST/results/step8_strokeniche_perturbmap/state_probability_shift_71c_from66e_net_redistribution
Step71_state_probability_shift_sensitivity	supplementary_sensitivity_or_surrogate_qc	/mnt/h/vir/ST/results/step8_strokeniche_perturbmap/state_probability_shift_71c_from66e_net_redistribution/per_candidate_net_redistribution_flow/BBB_leakage_down.net_redistribution.clean_no_text.svg	BBB_leakage_down.net_redistribution.clean_no_text.svg	.svg	3366	1a1542cfddff15385e456f34a86b0871b2bb897f842f7b10da361b8bb940b304	zenodo_data_results_bundle/figures/Step71_state_probability_shift_sensitivity/BBB_leakage_down.net_redistribution.clean_no_text.svg	/mnt/h/vir/ST/results/step8_strokeniche_perturbmap/state_probability_shift_71c_from66e_net_redistribution
Step71_state_probability_shift_sensitivity	supplementary_sensitivity_or_surrogate_qc	/mnt/h/vir/ST/results/step8_strokeniche_perturbmap/state_probability_shift_71c_from66e_net_redistribution/per_candidate_net_redistribution_flow/ferroptosis_down.net_redistribution.annotated.pdf	ferroptosis_down.net_redistribution.annotated.pdf	.pdf	19940	f74bbee0ad94783ae47344d86dcf8726eb45b7c64fb92b3930eefc62a3efc1bf	zenodo_data_results_bundle/figures/Step71_state_probability_shift_sensitivity/ferroptosis_down.net_redistribution.annotated.pdf	/mnt/h/vir/ST/results/step8_strokeniche_perturbmap/state_probability_shift_71c_from66e_net_redistribution
Step71_state_probability_shift_sensitivity	supplementary_sensitivity_or_surrogate_qc	/mnt/h/vir/ST/results/step8_strokeniche_perturbmap/state_probability_shift_71c_from66e_net_redistribution/per_candidate_net_redistribution_flow/ferroptosis_down.net_redistribution.annotated.png	ferroptosis_down.net_redistribution.annotated.png	.png	289764	9acc8ec01f38ac47595fd243e9217c3e336d2347dc3dd9cc177d59043e6dc79a	zenodo_data_results_bundle/figures/Step71_state_probability_shift_sensitivity/ferroptosis_down.net_redistribution.annotated.png	/mnt/h/vir/ST/results/step8_strokeniche_perturbmap/state_probability_shift_71c_from66e_net_redistribution
Step71_state_probability_shift_sensitivity	supplementary_sensitivity_or_surrogate_qc	/mnt/h/vir/ST/results/step8_strokeniche_perturbmap/state_probability_shift_71c_from66e_net_redistribution/per_candidate_net_redistribution_flow/ferroptosis_down.net_redistribution.annotated.svg	ferroptosis_down.net_redistribution.annotated.svg	.svg	6800	7cef0c5dac4f0ae5d676c50c7a3947f2cb39b2ceccd257e25e2d8fbf849d67e0	zenodo_data_results_bundle/figures/Step71_state_probability_shift_sensitivity/ferroptosis_down.net_redistribution.annotated.svg	/mnt/h/vir/ST/results/step8_strokeniche_perturbmap/state_probability_shift_71c_from66e_net_redistribution
Step71_state_probability_shift_sensitivity	supplementary_sensitivity_or_surrogate_qc	/mnt/h/vir/ST/results/step8_strokeniche_perturbmap/state_probability_shift_71c_from66e_net_redistribution/per_candidate_net_redistribution_flow/ferroptosis_down.net_redistribution.clean_no_text.pdf	ferroptosis_down.net_redistribution.clean_no_text.pdf	.pdf	1686	5757027d0bcfcb74ce2d9c1096d2c147196202d7b3e40640a5e85b7cfe034089	zenodo_data_results_bundle/figures/Step71_state_probability_shift_sensitivity/ferroptosis_down.net_redistribution.clean_no_text.pdf	/mnt/h/vir/ST/results/step8_strokeniche_perturbmap/state_probability_shift_71c_from66e_net_redistribution
Step71_state_probability_shift_sensitivity	supplementary_sensitivity_or_surrogate_qc	/mnt/h/vir/ST/results/step8_strokeniche_perturbmap/state_probability_shift_71c_from66e_net_redistribution/per_candidate_net_redistribution_flow/ferroptosis_down.net_redistribution.clean_no_text.png	ferroptosis_down.net_redistribution.clean_no_text.png	.png	125476	fb1aa4aae2df3593b3c1ef6d554b7116e7ee926923e6805c9704fa526e4afa7a	zenodo_data_results_bundle/figures/Step71_state_probability_shift_sensitivity/ferroptosis_down.net_redistribution.clean_no_text.png	/mnt/h/vir/ST/results/step8_strokeniche_perturbmap/state_probability_shift_71c_from66e_net_redistribution
Step71_state_probability_shift_sensitivity	supplementary_sensitivity_or_surrogate_qc	/mnt/h/vir/ST/results/step8_strokeniche_perturbmap/state_probability_shift_71c_from66e_net_redistribution/per_candidate_net_redistribution_flow/ferroptosis_down.net_redistribution.clean_no_text.svg	ferroptosis_down.net_redistribution.clean_no_text.svg	.svg	3364	fd0ce6e6fa06547d580141a911a49521dc8e1c1537c9ceeb79b9ea4631e48222	zenodo_data_results_bundle/figures/Step71_state_probability_shift_sensitivity/ferroptosis_down.net_redistribution.clean_no_text.svg	/mnt/h/vir/ST/results/step8_strokeniche_perturbmap/state_probability_shift_71c_from66e_net_redistribution
Step71_state_probability_shift_sensitivity	supplementary_sensitivity_or_surrogate_qc	/mnt/h/vir/ST/results/step8_strokeniche_perturbmap/state_probability_shift_71c_from66e_net_redistribution/per_candidate_net_redistribution_flow/hypoxia_down.net_redistribution.annotated.pdf	hypoxia_down.net_redistribution.annotated.pdf	.pdf	20047	5a6d8de6e59ef03aa7576d117aa1f4fc22f1fbbeba46b085b408432023b0ba3f	zenodo_data_results_bundle/figures/Step71_state_probability_shift_sensitivity/hypoxia_down.net_redistribution.annotated.pdf	/mnt/h/vir/ST/results/step8_strokeniche_perturbmap/state_probability_shift_71c_from66e_net_redistribution
Step71_state_probability_shift_sensitivity	supplementary_sensitivity_or_surrogate_qc	/mnt/h/vir/ST/results/step8_strokeniche_perturbmap/state_probability_shift_71c_from66e_net_redistribution/per_candidate_net_redistribution_flow/hypoxia_down.net_redistribution.annotated.png	hypoxia_down.net_redistribution.annotated.png	.png	265056	33d0dd094d17d7c1cdd17e2035454b6beae8f7c7e513aa0cfd8e511ff93272e4	zenodo_data_results_bundle/figures/Step71_state_probability_shift_sensitivity/hypoxia_down.net_redistribution.annotated.png	/mnt/h/vir/ST/results/step8_strokeniche_perturbmap/state_probability_shift_71c_from66e_net_redistribution
Step71_state_probability_shift_sensitivity	supplementary_sensitivity_or_surrogate_qc	/mnt/h/vir/ST/results/step8_strokeniche_perturbmap/state_probability_shift_71c_from66e_net_redistribution/per_candidate_net_redistribution_flow/hypoxia_down.net_redistribution.annotated.svg	hypoxia_down.net_redistribution.annotated.svg	.svg	6809	ddb8ed5bbfeb89c3b98b65c83db495140a06a320d25b9964ed56d4d4ebbafecd	zenodo_data_results_bundle/figures/Step71_state_probability_shift_sensitivity/hypoxia_down.net_redistribution.annotated.svg	/mnt/h/vir/ST/results/step8_strokeniche_perturbmap/state_probability_shift_71c_from66e_net_redistribution
Step71_state_probability_shift_sensitivity	supplementary_sensitivity_or_surrogate_qc	/mnt/h/vir/ST/results/step8_strokeniche_perturbmap/state_probability_shift_71c_from66e_net_redistribution/per_candidate_net_redistribution_flow/hypoxia_down.net_redistribution.clean_no_text.pdf	hypoxia_down.net_redistribution.clean_no_text.pdf	.pdf	1689	196231d082c618be0f6d0352cc27bc90d34fd32e84ea6063a550d89ed565b4cf	zenodo_data_results_bundle/figures/Step71_state_probability_shift_sensitivity/hypoxia_down.net_redistribution.clean_no_text.pdf	/mnt/h/vir/ST/results/step8_strokeniche_perturbmap/state_probability_shift_71c_from66e_net_redistribution
Step71_state_probability_shift_sensitivity	supplementary_sensitivity_or_surrogate_qc	/mnt/h/vir/ST/results/step8_strokeniche_perturbmap/state_probability_shift_71c_from66e_net_redistribution/per_candidate_net_redistribution_flow/hypoxia_down.net_redistribution.clean_no_text.png	hypoxia_down.net_redistribution.clean_no_text.png	.png	114341	0c169c759bf16a1a57c1765f025d84ee4630672cbd27ccdc6bbff30432d89eb6	zenodo_data_results_bundle/figures/Step71_state_probability_shift_sensitivity/hypoxia_down.net_redistribution.clean_no_text.png	/mnt/h/vir/ST/results/step8_strokeniche_perturbmap/state_probability_shift_71c_from66e_net_redistribution
Step71_state_probability_shift_sensitivity	supplementary_sensitivity_or_surrogate_qc	/mnt/h/vir/ST/results/step8_strokeniche_perturbmap/state_probability_shift_71c_from66e_net_redistribution/per_candidate_net_redistribution_flow/hypoxia_down.net_redistribution.clean_no_text.svg	hypoxia_down.net_redistribution.clean_no_text.svg	.svg	3364	04aab6c6299b0efb89406d7ca5f4d32638b5222e7b80314ac19cac16cbf10503	zenodo_data_results_bundle/figures/Step71_state_probability_shift_sensitivity/hypoxia_down.net_redistribution.clean_no_text.svg	/mnt/h/vir/ST/results/step8_strokeniche_perturbmap/state_probability_shift_71c_from66e_net_redistribution
Step71_state_probability_shift_sensitivity	supplementary_sensitivity_or_surrogate_qc	/mnt/h/vir/ST/results/step8_strokeniche_perturbmap/state_probability_shift_71c_from66e_net_redistribution/per_candidate_net_redistribution_flow/inflammation_down.net_redistribution.annotated.pdf	inflammation_down.net_redistribution.annotated.pdf	.pdf	20462	ab42e7e4abd64f058e7a74064b39350e0465f1ab389d50faab09925c713f2173	zenodo_data_results_bundle/figures/Step71_state_probability_shift_sensitivity/inflammation_down.net_redistribution.annotated.pdf	/mnt/h/vir/ST/results/step8_strokeniche_perturbmap/state_probability_shift_71c_from66e_net_redistribution
Step71_state_probability_shift_sensitivity	supplementary_sensitivity_or_surrogate_qc	/mnt/h/vir/ST/results/step8_strokeniche_perturbmap/state_probability_shift_71c_from66e_net_redistribution/per_candidate_net_redistribution_flow/inflammation_down.net_redistribution.annotated.png	inflammation_down.net_redistribution.annotated.png	.png	264344	2f7c844e4ae6735ac60458dd7f04761123a0cffeb449fdb230f561e060ca4c53	zenodo_data_results_bundle/figures/Step71_state_probability_shift_sensitivity/inflammation_down.net_redistribution.annotated.png	/mnt/h/vir/ST/results/step8_strokeniche_perturbmap/state_probability_shift_71c_from66e_net_redistribution
Step71_state_probability_shift_sensitivity	supplementary_sensitivity_or_surrogate_qc	/mnt/h/vir/ST/results/step8_strokeniche_perturbmap/state_probability_shift_71c_from66e_net_redistribution/per_candidate_net_redistribution_flow/inflammation_down.net_redistribution.annotated.svg	inflammation_down.net_redistribution.annotated.svg	.svg	6816	7b229d20cd127edfbff1bd0174cb6316b53c507c8c394fcc687f04a724dafe0b	zenodo_data_results_bundle/figures/Step71_state_probability_shift_sensitivity/inflammation_down.net_redistribution.annotated.svg	/mnt/h/vir/ST/results/step8_strokeniche_perturbmap/state_probability_shift_71c_from66e_net_redistribution
Step71_state_probability_shift_sensitivity	supplementary_sensitivity_or_surrogate_qc	/mnt/h/vir/ST/results/step8_strokeniche_perturbmap/state_probability_shift_71c_from66e_net_redistribution/per_candidate_net_redistribution_flow/inflammation_down.net_redistribution.clean_no_text.pdf	inflammation_down.net_redistribution.clean_no_text.pdf	.pdf	1686	e0271ce159a200750cd9d7a83f9afff6f5356cf661021048f6ce0947826ef1c8	zenodo_data_results_bundle/figures/Step71_state_probability_shift_sensitivity/inflammation_down.net_redistribution.clean_no_text.pdf	/mnt/h/vir/ST/results/step8_strokeniche_perturbmap/state_probability_shift_71c_from66e_net_redistribution
Step71_state_probability_shift_sensitivity	supplementary_sensitivity_or_surrogate_qc	/mnt/h/vir/ST/results/step8_strokeniche_perturbmap/state_probability_shift_71c_from66e_net_redistribution/per_candidate_net_redistribution_flow/inflammation_down.net_redistribution.clean_no_text.png	inflammation_down.net_redistribution.clean_no_text.png	.png	114262	0f1d078dbecb417553c8003796d19c69d469faea891abf377ed4037d3fe4031e	zenodo_data_results_bundle/figures/Step71_state_probability_shift_sensitivity/inflammation_down.net_redistribution.clean_no_text.png	/mnt/h/vir/ST/results/step8_strokeniche_perturbmap/state_probability_shift_71c_from66e_net_redistribution
Step71_state_probability_shift_sensitivity	supplementary_sensitivity_or_surrogate_qc	/mnt/h/vir/ST/results/step8_strokeniche_perturbmap/state_probability_shift_71c_from66e_net_redistribution/per_candidate_net_redistribution_flow/inflammation_down.net_redistribution.clean_no_text.svg	inflammation_down.net_redistribution.clean_no_text.svg	.svg	3366	4186e21c926b96aa61df3984e3084b6f5d0f39eb464ff7d8cd18dbb89bfcea9b	zenodo_data_results_bundle/figures/Step71_state_probability_shift_sensitivity/inflammation_down.net_redistribution.clean_no_text.svg	/mnt/h/vir/ST/results/step8_strokeniche_perturbmap/state_probability_shift_71c_from66e_net_redistribution
Step71_state_probability_shift_sensitivity	supplementary_sensitivity_or_surrogate_qc	/mnt/h/vir/ST/results/step8_strokeniche_perturbmap/state_probability_shift_71c_from66e_net_redistribution/per_candidate_net_redistribution_flow/repair_ECM_up.net_redistribution.annotated.pdf	repair_ECM_up.net_redistribution.annotated.pdf	.pdf	20078	b319d31c87cfd08cf0f817add8e651cd3d1300e2b53b20cad7078300107bfd4e	zenodo_data_results_bundle/figures/Step71_state_probability_shift_sensitivity/repair_ECM_up.net_redistribution.annotated.pdf	/mnt/h/vir/ST/results/step8_strokeniche_perturbmap/state_probability_shift_71c_from66e_net_redistribution
Step71_state_probability_shift_sensitivity	supplementary_sensitivity_or_surrogate_qc	/mnt/h/vir/ST/results/step8_strokeniche_perturbmap/state_probability_shift_71c_from66e_net_redistribution/per_candidate_net_redistribution_flow/repair_ECM_up.net_redistribution.annotated.png	repair_ECM_up.net_redistribution.annotated.png	.png	290571	9b968e1c483603ac3c57cd93fad399596e79d13a589cc8cbbb86ff90846b23c1	zenodo_data_results_bundle/figures/Step71_state_probability_shift_sensitivity/repair_ECM_up.net_redistribution.annotated.png	/mnt/h/vir/ST/results/step8_strokeniche_perturbmap/state_probability_shift_71c_from66e_net_redistribution
Step71_state_probability_shift_sensitivity	supplementary_sensitivity_or_surrogate_qc	/mnt/h/vir/ST/results/step8_strokeniche_perturbmap/state_probability_shift_71c_from66e_net_redistribution/per_candidate_net_redistribution_flow/repair_ECM_up.net_redistribution.annotated.svg	repair_ECM_up.net_redistribution.annotated.svg	.svg	6802	dcc75d766d1d45476fcfa0985e359e6b328188874f660deff2a62cd21f56a15b	zenodo_data_results_bundle/figures/Step71_state_probability_shift_sensitivity/repair_ECM_up.net_redistribution.annotated.svg	/mnt/h/vir/ST/results/step8_strokeniche_perturbmap/state_probability_shift_71c_from66e_net_redistribution
Step71_state_probability_shift_sensitivity	supplementary_sensitivity_or_surrogate_qc	/mnt/h/vir/ST/results/step8_strokeniche_perturbmap/state_probability_shift_71c_from66e_net_redistribution/per_candidate_net_redistribution_flow/repair_ECM_up.net_redistribution.clean_no_text.pdf	repair_ECM_up.net_redistribution.clean_no_text.pdf	.pdf	1689	b8ece13178e5f170f66ac8acf46d85d751b79545c89f3d1cb8d509bc516e71ed	zenodo_data_results_bundle/figures/Step71_state_probability_shift_sensitivity/repair_ECM_up.net_redistribution.clean_no_text.pdf	/mnt/h/vir/ST/results/step8_strokeniche_perturbmap/state_probability_shift_71c_from66e_net_redistribution
Step71_state_probability_shift_sensitivity	supplementary_sensitivity_or_surrogate_qc	/mnt/h/vir/ST/results/step8_strokeniche_perturbmap/state_probability_shift_71c_from66e_net_redistribution/per_candidate_net_redistribution_flow/repair_ECM_up.net_redistribution.clean_no_text.png	repair_ECM_up.net_redistribution.clean_no_text.png	.png	125743	07777a8350a5715f1da741a88e710fa11c954d13cbb9253341b4f2f88296dc29	zenodo_data_results_bundle/figures/Step71_state_probability_shift_sensitivity/repair_ECM_up.net_redistribution.clean_no_text.png	/mnt/h/vir/ST/results/step8_strokeniche_perturbmap/state_probability_shift_71c_from66e_net_redistribution
Step71_state_probability_shift_sensitivity	supplementary_sensitivity_or_surrogate_qc	/mnt/h/vir/ST/results/step8_strokeniche_perturbmap/state_probability_shift_71c_from66e_net_redistribution/per_candidate_net_redistribution_flow/repair_ECM_up.net_redistribution.clean_no_text.svg	repair_ECM_up.net_redistribution.clean_no_text.svg	.svg	3366	72bc93f3a276ce1de3966d8e911e5135a74b53ec31d716f296d47c6589f2fa30	zenodo_data_results_bundle/figures/Step71_state_probability_shift_sensitivity/repair_ECM_up.net_redistribution.clean_no_text.svg	/mnt/h/vir/ST/results/step8_strokeniche_perturbmap/state_probability_shift_71c_from66e_net_redistribution
Step71_state_probability_shift_sensitivity	supplementary_sensitivity_or_surrogate_qc	/mnt/h/vir/ST/results/step8_strokeniche_perturbmap/state_probability_shift_71c_net_redistribution/Fig_Step71C_StateProbabilityShift_NetRedistribution_annotated.pdf	Fig_Step71C_StateProbabilityShift_NetRedistribution_annotated.pdf	.pdf	36865	1d118e8cf21521126f04ec19c65d31d9db75da736077d69e692aced713e6fb59	zenodo_data_results_bundle/figures/Step71_state_probability_shift_sensitivity/Fig_Step71C_StateProbabilityShift_NetRedistribution_annotated.pdf	/mnt/h/vir/ST/results/step8_strokeniche_perturbmap/state_probability_shift_71c_net_redistribution
Step71_state_probability_shift_sensitivity	supplementary_sensitivity_or_surrogate_qc	/mnt/h/vir/ST/results/step8_strokeniche_perturbmap/state_probability_shift_71c_net_redistribution/Fig_Step71C_StateProbabilityShift_NetRedistribution_annotated.png	Fig_Step71C_StateProbabilityShift_NetRedistribution_annotated.png	.png	1548379	80d52b252f56e71a0ea5f742f1246369d55b03675abf111d25d4569a3d63eeb9	zenodo_data_results_bundle/figures/Step71_state_probability_shift_sensitivity/Fig_Step71C_StateProbabilityShift_NetRedistribution_annotated.png	/mnt/h/vir/ST/results/step8_strokeniche_perturbmap/state_probability_shift_71c_net_redistribution
Step71_state_probability_shift_sensitivity	supplementary_sensitivity_or_surrogate_qc	/mnt/h/vir/ST/results/step8_strokeniche_perturbmap/state_probability_shift_71c_net_redistribution/Fig_Step71C_StateProbabilityShift_NetRedistribution_annotated.svg	Fig_Step71C_StateProbabilityShift_NetRedistribution_annotated.svg	.svg	61665	92629fc9d37e4c4a158e04e7692b124f201498dcd973642abc919534871a07fb	zenodo_data_results_bundle/figures/Step71_state_probability_shift_sensitivity/Fig_Step71C_StateProbabilityShift_NetRedistribution_annotated.svg	/mnt/h/vir/ST/results/step8_strokeniche_perturbmap/state_probability_shift_71c_net_redistribution
Step71_state_probability_shift_sensitivity	supplementary_sensitivity_or_surrogate_qc	/mnt/h/vir/ST/results/step8_strokeniche_perturbmap/state_probability_shift_71c_net_redistribution/Fig_Step71C_StateProbabilityShift_NetRedistribution_clean_no_text.pdf	Fig_Step71C_StateProbabilityShift_NetRedistribution_clean_no_text.pdf	.pdf	12346	4c4c32db71d6c2852d9423f30d12a0e5b6d26f60b6d1ddb95c9a0fe726e66634	zenodo_data_results_bundle/figures/Step71_state_probability_shift_sensitivity/Fig_Step71C_StateProbabilityShift_NetRedistribution_clean_no_text.pdf	/mnt/h/vir/ST/results/step8_strokeniche_perturbmap/state_probability_shift_71c_net_redistribution
Step71_state_probability_shift_sensitivity	supplementary_sensitivity_or_surrogate_qc	/mnt/h/vir/ST/results/step8_strokeniche_perturbmap/state_probability_shift_71c_net_redistribution/Fig_Step71C_StateProbabilityShift_NetRedistribution_clean_no_text.png	Fig_Step71C_StateProbabilityShift_NetRedistribution_clean_no_text.png	.png	522307	a997a2d8f7cb5c27fd8681d5cf6d03c248b7bfd3a116bcf9735d9a08ecec5691	zenodo_data_results_bundle/figures/Step71_state_probability_shift_sensitivity/Fig_Step71C_StateProbabilityShift_NetRedistribution_clean_no_text.png	/mnt/h/vir/ST/results/step8_strokeniche_perturbmap/state_probability_shift_71c_net_redistribution
Step71_state_probability_shift_sensitivity	supplementary_sensitivity_or_surrogate_qc	/mnt/h/vir/ST/results/step8_strokeniche_perturbmap/state_probability_shift_71c_net_redistribution/Fig_Step71C_StateProbabilityShift_NetRedistribution_clean_no_text.svg	Fig_Step71C_StateProbabilityShift_NetRedistribution_clean_no_text.svg	.svg	34388	407011efe65e450d92cd1081d4b6d71e70277022d2c92a1a3dfed6a4fcf9e2ef	zenodo_data_results_bundle/figures/Step71_state_probability_shift_sensitivity/Fig_Step71C_StateProbabilityShift_NetRedistribution_clean_no_text.svg	/mnt/h/vir/ST/results/step8_strokeniche_perturbmap/state_probability_shift_71c_net_redistribution
Step71_state_probability_shift_sensitivity	supplementary_sensitivity_or_surrogate_qc	/mnt/h/vir/ST/results/step8_strokeniche_perturbmap/state_probability_shift_71c_net_redistribution/per_candidate_net_redistribution_flow/BBB_leakage_down.net_redistribution.annotated.pdf	BBB_leakage_down.net_redistribution.annotated.pdf	.pdf	20288	bbbcb6f00a0f447be8e8b11b2cd6588804ff706d37475af07dfbbbf599e0a47b	zenodo_data_results_bundle/figures/Step71_state_probability_shift_sensitivity/BBB_leakage_down.net_redistribution.annotated.pdf	/mnt/h/vir/ST/results/step8_strokeniche_perturbmap/state_probability_shift_71c_net_redistribution
Step71_state_probability_shift_sensitivity	supplementary_sensitivity_or_surrogate_qc	/mnt/h/vir/ST/results/step8_strokeniche_perturbmap/state_probability_shift_71c_net_redistribution/per_candidate_net_redistribution_flow/BBB_leakage_down.net_redistribution.annotated.png	BBB_leakage_down.net_redistribution.annotated.png	.png	289806	8a5f7f05ce601af283a5dea3f6d998be524e1fddb810091d423fd4d3cc3e00e7	zenodo_data_results_bundle/figures/Step71_state_probability_shift_sensitivity/BBB_leakage_down.net_redistribution.annotated.png	/mnt/h/vir/ST/results/step8_strokeniche_perturbmap/state_probability_shift_71c_net_redistribution
Step71_state_probability_shift_sensitivity	supplementary_sensitivity_or_surrogate_qc	/mnt/h/vir/ST/results/step8_strokeniche_perturbmap/state_probability_shift_71c_net_redistribution/per_candidate_net_redistribution_flow/BBB_leakage_down.net_redistribution.annotated.svg	BBB_leakage_down.net_redistribution.annotated.svg	.svg	6802	d8390fb092d3fb2f01b7c3ce860b85b4a75404df7125f28c5fda8e23387aaa64	zenodo_data_results_bundle/figures/Step71_state_probability_shift_sensitivity/BBB_leakage_down.net_redistribution.annotated.svg	/mnt/h/vir/ST/results/step8_strokeniche_perturbmap/state_probability_shift_71c_net_redistribution
Step71_state_probability_shift_sensitivity	supplementary_sensitivity_or_surrogate_qc	/mnt/h/vir/ST/results/step8_strokeniche_perturbmap/state_probability_shift_71c_net_redistribution/per_candidate_net_redistribution_flow/BBB_leakage_down.net_redistribution.clean_no_text.pdf	BBB_leakage_down.net_redistribution.clean_no_text.pdf	.pdf	1691	857d578599b1a71f5ea333db8d0d7f7a74fdfbfcef47295df262f379bb65d7fc	zenodo_data_results_bundle/figures/Step71_state_probability_shift_sensitivity/BBB_leakage_down.net_redistribution.clean_no_text.pdf	/mnt/h/vir/ST/results/step8_strokeniche_perturbmap/state_probability_shift_71c_net_redistribution
Step71_state_probability_shift_sensitivity	supplementary_sensitivity_or_surrogate_qc	/mnt/h/vir/ST/results/step8_strokeniche_perturbmap/state_probability_shift_71c_net_redistribution/per_candidate_net_redistribution_flow/BBB_leakage_down.net_redistribution.clean_no_text.png	BBB_leakage_down.net_redistribution.clean_no_text.png	.png	122138	e096ce79fcc0236ea2da11538dc4eaedf179220b34af991ab1767b560e0d7a9a	zenodo_data_results_bundle/figures/Step71_state_probability_shift_sensitivity/BBB_leakage_down.net_redistribution.clean_no_text.png	/mnt/h/vir/ST/results/step8_strokeniche_perturbmap/state_probability_shift_71c_net_redistribution
Step71_state_probability_shift_sensitivity	supplementary_sensitivity_or_surrogate_qc	/mnt/h/vir/ST/results/step8_strokeniche_perturbmap/state_probability_shift_71c_net_redistribution/per_candidate_net_redistribution_flow/BBB_leakage_down.net_redistribution.clean_no_text.svg	BBB_leakage_down.net_redistribution.clean_no_text.svg	.svg	3366	d9b1e982e90a978be10bb413e4e4a933089fc986d4387a8aa9ac8f8e56ca6c4d	zenodo_data_results_bundle/figures/Step71_state_probability_shift_sensitivity/BBB_leakage_down.net_redistribution.clean_no_text.svg	/mnt/h/vir/ST/results/step8_strokeniche_perturbmap/state_probability_shift_71c_net_redistribution
Step71_state_probability_shift_sensitivity	supplementary_sensitivity_or_surrogate_qc	/mnt/h/vir/ST/results/step8_strokeniche_perturbmap/state_probability_shift_71c_net_redistribution/per_candidate_net_redistribution_flow/ferroptosis_down.net_redistribution.annotated.pdf	ferroptosis_down.net_redistribution.annotated.pdf	.pdf	20038	f1fde86646e0f22d3755c7bee1f4bfd5c71716e347520d45ffbdf93ac38a2ec7	zenodo_data_results_bundle/figures/Step71_state_probability_shift_sensitivity/ferroptosis_down.net_redistribution.annotated.pdf	/mnt/h/vir/ST/results/step8_strokeniche_perturbmap/state_probability_shift_71c_net_redistribution
Step71_state_probability_shift_sensitivity	supplementary_sensitivity_or_surrogate_qc	/mnt/h/vir/ST/results/step8_strokeniche_perturbmap/state_probability_shift_71c_net_redistribution/per_candidate_net_redistribution_flow/ferroptosis_down.net_redistribution.annotated.png	ferroptosis_down.net_redistribution.annotated.png	.png	287656	ebaa3b190f09078a3da6e475c34233ae1dd4de421a73c0c4e29067e84ea7ee32	zenodo_data_results_bundle/figures/Step71_state_probability_shift_sensitivity/ferroptosis_down.net_redistribution.annotated.png	/mnt/h/vir/ST/results/step8_strokeniche_perturbmap/state_probability_shift_71c_net_redistribution
Step71_state_probability_shift_sensitivity	supplementary_sensitivity_or_surrogate_qc	/mnt/h/vir/ST/results/step8_strokeniche_perturbmap/state_probability_shift_71c_net_redistribution/per_candidate_net_redistribution_flow/ferroptosis_down.net_redistribution.annotated.svg	ferroptosis_down.net_redistribution.annotated.svg	.svg	6809	fdbb73783c3a7766d21789edee1547d7807b883ef61daed738f24bf4cf0b8578	zenodo_data_results_bundle/figures/Step71_state_probability_shift_sensitivity/ferroptosis_down.net_redistribution.annotated.svg	/mnt/h/vir/ST/results/step8_strokeniche_perturbmap/state_probability_shift_71c_net_redistribution
Step71_state_probability_shift_sensitivity	supplementary_sensitivity_or_surrogate_qc	/mnt/h/vir/ST/results/step8_strokeniche_perturbmap/state_probability_shift_71c_net_redistribution/per_candidate_net_redistribution_flow/ferroptosis_down.net_redistribution.clean_no_text.pdf	ferroptosis_down.net_redistribution.clean_no_text.pdf	.pdf	1690	edf7fa9ac7f63260e07e28c147a13ee493e008a1810da46988608c6fab1545d3	zenodo_data_results_bundle/figures/Step71_state_probability_shift_sensitivity/ferroptosis_down.net_redistribution.clean_no_text.pdf	/mnt/h/vir/ST/results/step8_strokeniche_perturbmap/state_probability_shift_71c_net_redistribution
Step71_state_probability_shift_sensitivity	supplementary_sensitivity_or_surrogate_qc	/mnt/h/vir/ST/results/step8_strokeniche_perturbmap/state_probability_shift_71c_net_redistribution/per_candidate_net_redistribution_flow/ferroptosis_down.net_redistribution.clean_no_text.png	ferroptosis_down.net_redistribution.clean_no_text.png	.png	121690	25a83646b8d8d24798bfc35c97196054109ab52744694cc29caca2922d0b22e0	zenodo_data_results_bundle/figures/Step71_state_probability_shift_sensitivity/ferroptosis_down.net_redistribution.clean_no_text.png	/mnt/h/vir/ST/results/step8_strokeniche_perturbmap/state_probability_shift_71c_net_redistribution
Step71_state_probability_shift_sensitivity	supplementary_sensitivity_or_surrogate_qc	/mnt/h/vir/ST/results/step8_strokeniche_perturbmap/state_probability_shift_71c_net_redistribution/per_candidate_net_redistribution_flow/ferroptosis_down.net_redistribution.clean_no_text.svg	ferroptosis_down.net_redistribution.clean_no_text.svg	.svg	3364	8e595583397b23b8cfcc52f0774a21bfc0dc5e66bfbb56e24707397953898248	zenodo_data_results_bundle/figures/Step71_state_probability_shift_sensitivity/ferroptosis_down.net_redistribution.clean_no_text.svg	/mnt/h/vir/ST/results/step8_strokeniche_perturbmap/state_probability_shift_71c_net_redistribution
Step71_state_probability_shift_sensitivity	supplementary_sensitivity_or_surrogate_qc	/mnt/h/vir/ST/results/step8_strokeniche_perturbmap/state_probability_shift_71c_net_redistribution/per_candidate_net_redistribution_flow/hypoxia_down.net_redistribution.annotated.pdf	hypoxia_down.net_redistribution.annotated.pdf	.pdf	20530	efa75d9c5ae259bde478c65da6e00cca9724444a737376766d5ab6784a86fda0	zenodo_data_results_bundle/figures/Step71_state_probability_shift_sensitivity/hypoxia_down.net_redistribution.annotated.pdf	/mnt/h/vir/ST/results/step8_strokeniche_perturbmap/state_probability_shift_71c_net_redistribution
Step71_state_probability_shift_sensitivity	supplementary_sensitivity_or_surrogate_qc	/mnt/h/vir/ST/results/step8_strokeniche_perturbmap/state_probability_shift_71c_net_redistribution/per_candidate_net_redistribution_flow/hypoxia_down.net_redistribution.annotated.png	hypoxia_down.net_redistribution.annotated.png	.png	289792	3430efd95f6fadf6a627aba75c8abcf7dbdd24b1d0460da6ba488a12355cab01	zenodo_data_results_bundle/figures/Step71_state_probability_shift_sensitivity/hypoxia_down.net_redistribution.annotated.png	/mnt/h/vir/ST/results/step8_strokeniche_perturbmap/state_probability_shift_71c_net_redistribution
Step71_state_probability_shift_sensitivity	supplementary_sensitivity_or_surrogate_qc	/mnt/h/vir/ST/results/step8_strokeniche_perturbmap/state_probability_shift_71c_net_redistribution/per_candidate_net_redistribution_flow/hypoxia_down.net_redistribution.annotated.svg	hypoxia_down.net_redistribution.annotated.svg	.svg	6805	96c55f5c06db2a117499bcf78ce093931ab87201eb552a430080cb2e3b5db969	zenodo_data_results_bundle/figures/Step71_state_probability_shift_sensitivity/hypoxia_down.net_redistribution.annotated.svg	/mnt/h/vir/ST/results/step8_strokeniche_perturbmap/state_probability_shift_71c_net_redistribution
Step71_state_probability_shift_sensitivity	supplementary_sensitivity_or_surrogate_qc	/mnt/h/vir/ST/results/step8_strokeniche_perturbmap/state_probability_shift_71c_net_redistribution/per_candidate_net_redistribution_flow/hypoxia_down.net_redistribution.clean_no_text.pdf	hypoxia_down.net_redistribution.clean_no_text.pdf	.pdf	1691	1f06ee5fab47b45ec0069aaabd613e22b9bbb8f5e67fc378547b938fcc2c4493	zenodo_data_results_bundle/figures/Step71_state_probability_shift_sensitivity/hypoxia_down.net_redistribution.clean_no_text.pdf	/mnt/h/vir/ST/results/step8_strokeniche_perturbmap/state_probability_shift_71c_net_redistribution
Step71_state_probability_shift_sensitivity	supplementary_sensitivity_or_surrogate_qc	/mnt/h/vir/ST/results/step8_strokeniche_perturbmap/state_probability_shift_71c_net_redistribution/per_candidate_net_redistribution_flow/hypoxia_down.net_redistribution.clean_no_text.png	hypoxia_down.net_redistribution.clean_no_text.png	.png	122073	2b93eb61cad0dc60d354c8d99a5b546fd2314f8525b3e892df76ab75a5d709ec	zenodo_data_results_bundle/figures/Step71_state_probability_shift_sensitivity/hypoxia_down.net_redistribution.clean_no_text.png	/mnt/h/vir/ST/results/step8_strokeniche_perturbmap/state_probability_shift_71c_net_redistribution
Step71_state_probability_shift_sensitivity	supplementary_sensitivity_or_surrogate_qc	/mnt/h/vir/ST/results/step8_strokeniche_perturbmap/state_probability_shift_71c_net_redistribution/per_candidate_net_redistribution_flow/hypoxia_down.net_redistribution.clean_no_text.svg	hypoxia_down.net_redistribution.clean_no_text.svg	.svg	3366	006cdb67918c3fc3e55317b52b6d2deeb165be4dae0c865ae70dd42a004f9241	zenodo_data_results_bundle/figures/Step71_state_probability_shift_sensitivity/hypoxia_down.net_redistribution.clean_no_text.svg	/mnt/h/vir/ST/results/step8_strokeniche_perturbmap/state_probability_shift_71c_net_redistribution
Step71_state_probability_shift_sensitivity	supplementary_sensitivity_or_surrogate_qc	/mnt/h/vir/ST/results/step8_strokeniche_perturbmap/state_probability_shift_71c_net_redistribution/per_candidate_net_redistribution_flow/inflammation_down.net_redistribution.annotated.pdf	inflammation_down.net_redistribution.annotated.pdf	.pdf	20945	c56998b5f9f6a93cdeb74f051ffccc8040db60c06c41bb9b1c7191cb11f13bbf	zenodo_data_results_bundle/figures/Step71_state_probability_shift_sensitivity/inflammation_down.net_redistribution.annotated.pdf	/mnt/h/vir/ST/results/step8_strokeniche_perturbmap/state_probability_shift_71c_net_redistribution
Step71_state_probability_shift_sensitivity	supplementary_sensitivity_or_surrogate_qc	/mnt/h/vir/ST/results/step8_strokeniche_perturbmap/state_probability_shift_71c_net_redistribution/per_candidate_net_redistribution_flow/inflammation_down.net_redistribution.annotated.png	inflammation_down.net_redistribution.annotated.png	.png	288571	88d9799b331a84a6ccb0456824c82292eb7dfb5f0c92c555fcb5c76ccf321f90	zenodo_data_results_bundle/figures/Step71_state_probability_shift_sensitivity/inflammation_down.net_redistribution.annotated.png	/mnt/h/vir/ST/results/step8_strokeniche_perturbmap/state_probability_shift_71c_net_redistribution
Step71_state_probability_shift_sensitivity	supplementary_sensitivity_or_surrogate_qc	/mnt/h/vir/ST/results/step8_strokeniche_perturbmap/state_probability_shift_71c_net_redistribution/per_candidate_net_redistribution_flow/inflammation_down.net_redistribution.annotated.svg	inflammation_down.net_redistribution.annotated.svg	.svg	6810	241f340d16cd79671ed3db472d4ed95633daab423afe5de77be853030b5c21fe	zenodo_data_results_bundle/figures/Step71_state_probability_shift_sensitivity/inflammation_down.net_redistribution.annotated.svg	/mnt/h/vir/ST/results/step8_strokeniche_perturbmap/state_probability_shift_71c_net_redistribution
Step71_state_probability_shift_sensitivity	supplementary_sensitivity_or_surrogate_qc	/mnt/h/vir/ST/results/step8_strokeniche_perturbmap/state_probability_shift_71c_net_redistribution/per_candidate_net_redistribution_flow/inflammation_down.net_redistribution.clean_no_text.pdf	inflammation_down.net_redistribution.clean_no_text.pdf	.pdf	1690	e5fcef48fc1cb4ed42f9ccede3aae0b0962c171be48df64ea06ccd2c64d4c56b	zenodo_data_results_bundle/figures/Step71_state_probability_shift_sensitivity/inflammation_down.net_redistribution.clean_no_text.pdf	/mnt/h/vir/ST/results/step8_strokeniche_perturbmap/state_probability_shift_71c_net_redistribution
Step71_state_probability_shift_sensitivity	supplementary_sensitivity_or_surrogate_qc	/mnt/h/vir/ST/results/step8_strokeniche_perturbmap/state_probability_shift_71c_net_redistribution/per_candidate_net_redistribution_flow/inflammation_down.net_redistribution.clean_no_text.png	inflammation_down.net_redistribution.clean_no_text.png	.png	122157	c6b0506bd7e72b5222c53f0083f14e9ce654937cfa3521388cf24df434030b78	zenodo_data_results_bundle/figures/Step71_state_probability_shift_sensitivity/inflammation_down.net_redistribution.clean_no_text.png	/mnt/h/vir/ST/results/step8_strokeniche_perturbmap/state_probability_shift_71c_net_redistribution
Step71_state_probability_shift_sensitivity	supplementary_sensitivity_or_surrogate_qc	/mnt/h/vir/ST/results/step8_strokeniche_perturbmap/state_probability_shift_71c_net_redistribution/per_candidate_net_redistribution_flow/inflammation_down.net_redistribution.clean_no_text.svg	inflammation_down.net_redistribution.clean_no_text.svg	.svg	3364	cba4e1ff5a4bb78435084efbcf69ac2f45412270b3dc52bc3298cbe4a78245cf	zenodo_data_results_bundle/figures/Step71_state_probability_shift_sensitivity/inflammation_down.net_redistribution.clean_no_text.svg	/mnt/h/vir/ST/results/step8_strokeniche_perturbmap/state_probability_shift_71c_net_redistribution
Step71_state_probability_shift_sensitivity	supplementary_sensitivity_or_surrogate_qc	/mnt/h/vir/ST/results/step8_strokeniche_perturbmap/state_probability_shift_71c_net_redistribution/per_candidate_net_redistribution_flow/repair_ECM_up.net_redistribution.annotated.pdf	repair_ECM_up.net_redistribution.annotated.pdf	.pdf	20226	6514941a6472c4e6e5769059bdd5b823c92aedaf085b0080fab4f3746b17f3b3	zenodo_data_results_bundle/figures/Step71_state_probability_shift_sensitivity/repair_ECM_up.net_redistribution.annotated.pdf	/mnt/h/vir/ST/results/step8_strokeniche_perturbmap/state_probability_shift_71c_net_redistribution
Step71_state_probability_shift_sensitivity	supplementary_sensitivity_or_surrogate_qc	/mnt/h/vir/ST/results/step8_strokeniche_perturbmap/state_probability_shift_71c_net_redistribution/per_candidate_net_redistribution_flow/repair_ECM_up.net_redistribution.annotated.png	repair_ECM_up.net_redistribution.annotated.png	.png	286384	a340b03f095ec5362db97272c99b844689ba97fcdde8fe3d2eb31319ece888f4	zenodo_data_results_bundle/figures/Step71_state_probability_shift_sensitivity/repair_ECM_up.net_redistribution.annotated.png	/mnt/h/vir/ST/results/step8_strokeniche_perturbmap/state_probability_shift_71c_net_redistribution
Step71_state_probability_shift_sensitivity	supplementary_sensitivity_or_surrogate_qc	/mnt/h/vir/ST/results/step8_strokeniche_perturbmap/state_probability_shift_71c_net_redistribution/per_candidate_net_redistribution_flow/repair_ECM_up.net_redistribution.annotated.svg	repair_ECM_up.net_redistribution.annotated.svg	.svg	6800	d37326c402c83b6f86375afc73cfb046a96b0996d3ffab59f57fcce6400d8c1d	zenodo_data_results_bundle/figures/Step71_state_probability_shift_sensitivity/repair_ECM_up.net_redistribution.annotated.svg	/mnt/h/vir/ST/results/step8_strokeniche_perturbmap/state_probability_shift_71c_net_redistribution
Step71_state_probability_shift_sensitivity	supplementary_sensitivity_or_surrogate_qc	/mnt/h/vir/ST/results/step8_strokeniche_perturbmap/state_probability_shift_71c_net_redistribution/per_candidate_net_redistribution_flow/repair_ECM_up.net_redistribution.clean_no_text.pdf	repair_ECM_up.net_redistribution.clean_no_text.pdf	.pdf	1689	fa87960fa186731f3ae11dca6feb793051856723bbd2124ed665ca404695edda	zenodo_data_results_bundle/figures/Step71_state_probability_shift_sensitivity/repair_ECM_up.net_redistribution.clean_no_text.pdf	/mnt/h/vir/ST/results/step8_strokeniche_perturbmap/state_probability_shift_71c_net_redistribution
Step71_state_probability_shift_sensitivity	supplementary_sensitivity_or_surrogate_qc	/mnt/h/vir/ST/results/step8_strokeniche_perturbmap/state_probability_shift_71c_net_redistribution/per_candidate_net_redistribution_flow/repair_ECM_up.net_redistribution.clean_no_text.png	repair_ECM_up.net_redistribution.clean_no_text.png	.png	122019	b49ed5ead6dea3ebb8cbebb604f86a097534a920a9d4b9f74dc31ec98eb583d8	zenodo_data_results_bundle/figures/Step71_state_probability_shift_sensitivity/repair_ECM_up.net_redistribution.clean_no_text.png	/mnt/h/vir/ST/results/step8_strokeniche_perturbmap/state_probability_shift_71c_net_redistribution
Step71_state_probability_shift_sensitivity	supplementary_sensitivity_or_surrogate_qc	/mnt/h/vir/ST/results/step8_strokeniche_perturbmap/state_probability_shift_71c_net_redistribution/per_candidate_net_redistribution_flow/repair_ECM_up.net_redistribution.clean_no_text.svg	repair_ECM_up.net_redistribution.clean_no_text.svg	.svg	3362	4eeca01b036859897ff38d71997247a89acaae88e435cb6b35c6e2bab45fd682	zenodo_data_results_bundle/figures/Step71_state_probability_shift_sensitivity/repair_ECM_up.net_redistribution.clean_no_text.svg	/mnt/h/vir/ST/results/step8_strokeniche_perturbmap/state_probability_shift_71c_net_redistribution
Step72_expression_level_insilico_KO	supplementary_sensitivity_or_surrogate_qc	/mnt/h/vir/ST/results/step8_strokeniche_perturbmap/expression_level_insilico_ko_72b_regressor/Fig_Step72B_ExpressionLevelInSilicoKO_StateShift_annotated.pdf	Fig_Step72B_ExpressionLevelInSilicoKO_StateShift_annotated.pdf	.pdf	34174	58a5bfc415ffe8e3d2ab1515b35d31c9666826074006b9be6076ca12ff4f95b2	zenodo_data_results_bundle/figures/Step72_expression_level_insilico_KO/Fig_Step72B_ExpressionLevelInSilicoKO_StateShift_annotated.pdf	/mnt/h/vir/ST/results/step8_strokeniche_perturbmap/expression_level_insilico_ko_72b_regressor
Step72_expression_level_insilico_KO	supplementary_sensitivity_or_surrogate_qc	/mnt/h/vir/ST/results/step8_strokeniche_perturbmap/expression_level_insilico_ko_72b_regressor/Fig_Step72B_ExpressionLevelInSilicoKO_StateShift_annotated.png	Fig_Step72B_ExpressionLevelInSilicoKO_StateShift_annotated.png	.png	1579380	a6e9afc0b88c842b3ee7a804e80a0468a6499e2d25709a03f03995c12ca6599a	zenodo_data_results_bundle/figures/Step72_expression_level_insilico_KO/Fig_Step72B_ExpressionLevelInSilicoKO_StateShift_annotated.png	/mnt/h/vir/ST/results/step8_strokeniche_perturbmap/expression_level_insilico_ko_72b_regressor
Step72_expression_level_insilico_KO	supplementary_sensitivity_or_surrogate_qc	/mnt/h/vir/ST/results/step8_strokeniche_perturbmap/expression_level_insilico_ko_72b_regressor/Fig_Step72B_ExpressionLevelInSilicoKO_StateShift_annotated.svg	Fig_Step72B_ExpressionLevelInSilicoKO_StateShift_annotated.svg	.svg	59116	d91c4718eea14d801d18c3b64357d6a53024f5cde1b842b94d405083c9b4009c	zenodo_data_results_bundle/figures/Step72_expression_level_insilico_KO/Fig_Step72B_ExpressionLevelInSilicoKO_StateShift_annotated.svg	/mnt/h/vir/ST/results/step8_strokeniche_perturbmap/expression_level_insilico_ko_72b_regressor
Step72_expression_level_insilico_KO	supplementary_sensitivity_or_surrogate_qc	/mnt/h/vir/ST/results/step8_strokeniche_perturbmap/expression_level_insilico_ko_72b_regressor/Fig_Step72B_ExpressionLevelInSilicoKO_StateShift_clean_no_text.pdf	Fig_Step72B_ExpressionLevelInSilicoKO_StateShift_clean_no_text.pdf	.pdf	10519	b3eaf1cc7b20e65c1f79b970ff7a38f20d01ca1a9ad9fdacc0063c45bbe1c2c4	zenodo_data_results_bundle/figures/Step72_expression_level_insilico_KO/Fig_Step72B_ExpressionLevelInSilicoKO_StateShift_clean_no_text.pdf	/mnt/h/vir/ST/results/step8_strokeniche_perturbmap/expression_level_insilico_ko_72b_regressor
Step72_expression_level_insilico_KO	supplementary_sensitivity_or_surrogate_qc	/mnt/h/vir/ST/results/step8_strokeniche_perturbmap/expression_level_insilico_ko_72b_regressor/Fig_Step72B_ExpressionLevelInSilicoKO_StateShift_clean_no_text.png	Fig_Step72B_ExpressionLevelInSilicoKO_StateShift_clean_no_text.png	.png	394389	a0c7847c658c541074db01ed5a46cfdbba9b43f6f1ea99b05058955ccd869f5d	zenodo_data_results_bundle/figures/Step72_expression_level_insilico_KO/Fig_Step72B_ExpressionLevelInSilicoKO_StateShift_clean_no_text.png	/mnt/h/vir/ST/results/step8_strokeniche_perturbmap/expression_level_insilico_ko_72b_regressor
Step72_expression_level_insilico_KO	supplementary_sensitivity_or_surrogate_qc	/mnt/h/vir/ST/results/step8_strokeniche_perturbmap/expression_level_insilico_ko_72b_regressor/Fig_Step72B_ExpressionLevelInSilicoKO_StateShift_clean_no_text.svg	Fig_Step72B_ExpressionLevelInSilicoKO_StateShift_clean_no_text.svg	.svg	31933	cfae534821f5baa40ed1b6ca8bddd14bcdde350d2513dc49941d4c6b18c709dd	zenodo_data_results_bundle/figures/Step72_expression_level_insilico_KO/Fig_Step72B_ExpressionLevelInSilicoKO_StateShift_clean_no_text.svg	/mnt/h/vir/ST/results/step8_strokeniche_perturbmap/expression_level_insilico_ko_72b_regressor
Step72_expression_level_insilico_KO	supplementary_sensitivity_or_surrogate_qc	/mnt/h/vir/ST/results/step8_strokeniche_perturbmap/expression_level_insilico_ko_72c_strict_label/Fig_Step72C_StrictExpressionLevelKO_StateShift_annotated.pdf	Fig_Step72C_StrictExpressionLevelKO_StateShift_annotated.pdf	.pdf	39353	8196b8e786927b616db40e8f0ebd462f76993c5e492f0f88d1967a68f5ed33fa	zenodo_data_results_bundle/figures/Step72_expression_level_insilico_KO/Fig_Step72C_StrictExpressionLevelKO_StateShift_annotated.pdf	/mnt/h/vir/ST/results/step8_strokeniche_perturbmap/expression_level_insilico_ko_72c_strict_label
Step72_expression_level_insilico_KO	supplementary_sensitivity_or_surrogate_qc	/mnt/h/vir/ST/results/step8_strokeniche_perturbmap/expression_level_insilico_ko_72c_strict_label/Fig_Step72C_StrictExpressionLevelKO_StateShift_annotated.png	Fig_Step72C_StrictExpressionLevelKO_StateShift_annotated.png	.png	1849279	2625ed4a2f1ac309b3e29658d1ba07b83cf4097264e49ecac867ec59025e4839	zenodo_data_results_bundle/figures/Step72_expression_level_insilico_KO/Fig_Step72C_StrictExpressionLevelKO_StateShift_annotated.png	/mnt/h/vir/ST/results/step8_strokeniche_perturbmap/expression_level_insilico_ko_72c_strict_label
Step72_expression_level_insilico_KO	supplementary_sensitivity_or_surrogate_qc	/mnt/h/vir/ST/results/step8_strokeniche_perturbmap/expression_level_insilico_ko_72c_strict_label/Fig_Step72C_StrictExpressionLevelKO_StateShift_annotated.svg	Fig_Step72C_StrictExpressionLevelKO_StateShift_annotated.svg	.svg	61134	4137f553d1e4dd492edc6d30eebd1bfbc0d8e1a1f994731aa473ebbaac7de18f	zenodo_data_results_bundle/figures/Step72_expression_level_insilico_KO/Fig_Step72C_StrictExpressionLevelKO_StateShift_annotated.svg	/mnt/h/vir/ST/results/step8_strokeniche_perturbmap/expression_level_insilico_ko_72c_strict_label
Step72_expression_level_insilico_KO	supplementary_sensitivity_or_surrogate_qc	/mnt/h/vir/ST/results/step8_strokeniche_perturbmap/expression_level_insilico_ko_72c_strict_label/Fig_Step72C_StrictExpressionLevelKO_StateShift_clean_no_text.pdf	Fig_Step72C_StrictExpressionLevelKO_StateShift_clean_no_text.pdf	.pdf	14702	ae20ed532e50005758a66027c462d52d68bd930aebedc64030196757a173c288	zenodo_data_results_bundle/figures/Step72_expression_level_insilico_KO/Fig_Step72C_StrictExpressionLevelKO_StateShift_clean_no_text.pdf	/mnt/h/vir/ST/results/step8_strokeniche_perturbmap/expression_level_insilico_ko_72c_strict_label
Step72_expression_level_insilico_KO	supplementary_sensitivity_or_surrogate_qc	/mnt/h/vir/ST/results/step8_strokeniche_perturbmap/expression_level_insilico_ko_72c_strict_label/Fig_Step72C_StrictExpressionLevelKO_StateShift_clean_no_text.png	Fig_Step72C_StrictExpressionLevelKO_StateShift_clean_no_text.png	.png	560221	97faeed0e9e3e4ac4b765a4586fe2f63f199c97001155cead27dc4ce17a81468	zenodo_data_results_bundle/figures/Step72_expression_level_insilico_KO/Fig_Step72C_StrictExpressionLevelKO_StateShift_clean_no_text.png	/mnt/h/vir/ST/results/step8_strokeniche_perturbmap/expression_level_insilico_ko_72c_strict_label
Step72_expression_level_insilico_KO	supplementary_sensitivity_or_surrogate_qc	/mnt/h/vir/ST/results/step8_strokeniche_perturbmap/expression_level_insilico_ko_72c_strict_label/Fig_Step72C_StrictExpressionLevelKO_StateShift_clean_no_text.svg	Fig_Step72C_StrictExpressionLevelKO_StateShift_clean_no_text.svg	.svg	33555	853adda62f24abb1fd9c704aa593922233a2bea77eae2d4185e23d914563606f	zenodo_data_results_bundle/figures/Step72_expression_level_insilico_KO/Fig_Step72C_StrictExpressionLevelKO_StateShift_clean_no_text.svg	/mnt/h/vir/ST/results/step8_strokeniche_perturbmap/expression_level_insilico_ko_72c_strict_label
Step72_expression_level_insilico_KO	supplementary_sensitivity_or_surrogate_qc	/mnt/h/vir/ST/results/step8_strokeniche_perturbmap/expression_level_insilico_ko_72d_robustness_freeze/figures/Fig_Step72D_ClassifierStabilityAcrossRobustnessRuns.pdf	Fig_Step72D_ClassifierStabilityAcrossRobustnessRuns.pdf	.pdf	22239	60da6cf38c2dea3ea163d98170642387a4d4547684c6f4299e223d37de2b2a8b	zenodo_data_results_bundle/figures/Step72_expression_level_insilico_KO/Fig_Step72D_ClassifierStabilityAcrossRobustnessRuns.pdf	/mnt/h/vir/ST/results/step8_strokeniche_perturbmap/expression_level_insilico_ko_72d_robustness_freeze
Step72_expression_level_insilico_KO	supplementary_sensitivity_or_surrogate_qc	/mnt/h/vir/ST/results/step8_strokeniche_perturbmap/expression_level_insilico_ko_72d_robustness_freeze/figures/Fig_Step72D_ClassifierStabilityAcrossRobustnessRuns.png	Fig_Step72D_ClassifierStabilityAcrossRobustnessRuns.png	.png	380071	b71a5d5d0f5f5775eae36d69e058dbba0b81bd48023276990412aa5ad72a98f0	zenodo_data_results_bundle/figures/Step72_expression_level_insilico_KO/Fig_Step72D_ClassifierStabilityAcrossRobustnessRuns.png	/mnt/h/vir/ST/results/step8_strokeniche_perturbmap/expression_level_insilico_ko_72d_robustness_freeze
Step72_expression_level_insilico_KO	supplementary_sensitivity_or_surrogate_qc	/mnt/h/vir/ST/results/step8_strokeniche_perturbmap/expression_level_insilico_ko_72d_robustness_freeze/figures/Fig_Step72D_ClassifierStabilityAcrossRobustnessRuns.svg	Fig_Step72D_ClassifierStabilityAcrossRobustnessRuns.svg	.svg	21193	6adccc020170b1b9191435b8b186627ce6e3006db6f169f4d33a67c47a75837a	zenodo_data_results_bundle/figures/Step72_expression_level_insilico_KO/Fig_Step72D_ClassifierStabilityAcrossRobustnessRuns.svg	/mnt/h/vir/ST/results/step8_strokeniche_perturbmap/expression_level_insilico_ko_72d_robustness_freeze
Step72_expression_level_insilico_KO	supplementary_sensitivity_or_surrogate_qc	/mnt/h/vir/ST/results/step8_strokeniche_perturbmap/expression_level_insilico_ko_72d_robustness_freeze/figures/Fig_Step72D_DeltaCoreRobustnessHeatmap.pdf	Fig_Step72D_DeltaCoreRobustnessHeatmap.pdf	.pdf	30053	b950733c5546f3a01fd06e55c90d456c23542172042d167fe9b9b058b39a914c	zenodo_data_results_bundle/figures/Step72_expression_level_insilico_KO/Fig_Step72D_DeltaCoreRobustnessHeatmap.pdf	/mnt/h/vir/ST/results/step8_strokeniche_perturbmap/expression_level_insilico_ko_72d_robustness_freeze
Step72_expression_level_insilico_KO	supplementary_sensitivity_or_surrogate_qc	/mnt/h/vir/ST/results/step8_strokeniche_perturbmap/expression_level_insilico_ko_72d_robustness_freeze/figures/Fig_Step72D_DeltaCoreRobustnessHeatmap.png	Fig_Step72D_DeltaCoreRobustnessHeatmap.png	.png	639389	78caf56fd92f4c481b87257031f1cd8d51a45c9924047780717323677d4add34	zenodo_data_results_bundle/figures/Step72_expression_level_insilico_KO/Fig_Step72D_DeltaCoreRobustnessHeatmap.png	/mnt/h/vir/ST/results/step8_strokeniche_perturbmap/expression_level_insilico_ko_72d_robustness_freeze
Step72_expression_level_insilico_KO	supplementary_sensitivity_or_surrogate_qc	/mnt/h/vir/ST/results/step8_strokeniche_perturbmap/expression_level_insilico_ko_72d_robustness_freeze/figures/Fig_Step72D_DeltaCoreRobustnessHeatmap.svg	Fig_Step72D_DeltaCoreRobustnessHeatmap.svg	.svg	32525	e7b4e1707dfd6189bcd600ed9d22779c80ec2db511614a2da0ba7848889dc92e	zenodo_data_results_bundle/figures/Step72_expression_level_insilico_KO/Fig_Step72D_DeltaCoreRobustnessHeatmap.svg	/mnt/h/vir/ST/results/step8_strokeniche_perturbmap/expression_level_insilico_ko_72d_robustness_freeze
Step72_expression_level_insilico_KO	supplementary_sensitivity_or_surrogate_qc	/mnt/h/vir/ST/results/step8_strokeniche_perturbmap/expression_level_insilico_ko_72d_robustness_freeze/figures/Fig_Step72D_DeltaRemoteRobustnessHeatmap.pdf	Fig_Step72D_DeltaRemoteRobustnessHeatmap.pdf	.pdf	29190	39ec42ba313488f9e313c1c099aef75b49966bb9d127310989a8d69fb5f69343	zenodo_data_results_bundle/figures/Step72_expression_level_insilico_KO/Fig_Step72D_DeltaRemoteRobustnessHeatmap.pdf	/mnt/h/vir/ST/results/step8_strokeniche_perturbmap/expression_level_insilico_ko_72d_robustness_freeze
Step72_expression_level_insilico_KO	supplementary_sensitivity_or_surrogate_qc	/mnt/h/vir/ST/results/step8_strokeniche_perturbmap/expression_level_insilico_ko_72d_robustness_freeze/figures/Fig_Step72D_DeltaRemoteRobustnessHeatmap.png	Fig_Step72D_DeltaRemoteRobustnessHeatmap.png	.png	590002	725b77de69b869776faa78e1a19d1bd43a06bfe5dafc9279db71b3f4e21e7295	zenodo_data_results_bundle/figures/Step72_expression_level_insilico_KO/Fig_Step72D_DeltaRemoteRobustnessHeatmap.png	/mnt/h/vir/ST/results/step8_strokeniche_perturbmap/expression_level_insilico_ko_72d_robustness_freeze
Step72_expression_level_insilico_KO	supplementary_sensitivity_or_surrogate_qc	/mnt/h/vir/ST/results/step8_strokeniche_perturbmap/expression_level_insilico_ko_72d_robustness_freeze/figures/Fig_Step72D_DeltaRemoteRobustnessHeatmap.svg	Fig_Step72D_DeltaRemoteRobustnessHeatmap.svg	.svg	31664	2f04ab369a798c5eb7d48700c7a3f45220977005ebb71a4def20cab0a9f27f2a	zenodo_data_results_bundle/figures/Step72_expression_level_insilico_KO/Fig_Step72D_DeltaRemoteRobustnessHeatmap.svg	/mnt/h/vir/ST/results/step8_strokeniche_perturbmap/expression_level_insilico_ko_72d_robustness_freeze
Step72_expression_level_insilico_KO	supplementary_sensitivity_or_surrogate_qc	/mnt/h/vir/ST/results/step8_strokeniche_perturbmap/expression_level_insilico_ko_72d_robustness_freeze/figures/Fig_Step72D_RescueScoreRobustnessHeatmap.pdf	Fig_Step72D_RescueScoreRobustnessHeatmap.pdf	.pdf	29878	7883d56d7d56566fbf29ce71e7a4d77418f66af8c640131112f63ebb64c440fa	zenodo_data_results_bundle/figures/Step72_expression_level_insilico_KO/Fig_Step72D_RescueScoreRobustnessHeatmap.pdf	/mnt/h/vir/ST/results/step8_strokeniche_perturbmap/expression_level_insilico_ko_72d_robustness_freeze
Step72_expression_level_insilico_KO	supplementary_sensitivity_or_surrogate_qc	/mnt/h/vir/ST/results/step8_strokeniche_perturbmap/expression_level_insilico_ko_72d_robustness_freeze/figures/Fig_Step72D_RescueScoreRobustnessHeatmap.png	Fig_Step72D_RescueScoreRobustnessHeatmap.png	.png	605672	7af8acdb0a5b95c5d317c09d12c18d4ac084cb6138dfb2bb752c3237609c1890	zenodo_data_results_bundle/figures/Step72_expression_level_insilico_KO/Fig_Step72D_RescueScoreRobustnessHeatmap.png	/mnt/h/vir/ST/results/step8_strokeniche_perturbmap/expression_level_insilico_ko_72d_robustness_freeze
Step72_expression_level_insilico_KO	supplementary_sensitivity_or_surrogate_qc	/mnt/h/vir/ST/results/step8_strokeniche_perturbmap/expression_level_insilico_ko_72d_robustness_freeze/figures/Fig_Step72D_RescueScoreRobustnessHeatmap.svg	Fig_Step72D_RescueScoreRobustnessHeatmap.svg	.svg	31722	4ecb0c90b26c89f3ba7e063d59a4002637ccdc0315b9a2c4e365e77040f30187	zenodo_data_results_bundle/figures/Step72_expression_level_insilico_KO/Fig_Step72D_RescueScoreRobustnessHeatmap.svg	/mnt/h/vir/ST/results/step8_strokeniche_perturbmap/expression_level_insilico_ko_72d_robustness_freeze
Step72_expression_level_insilico_KO	supplementary_sensitivity_or_surrogate_qc	/mnt/h/vir/ST/results/step8_strokeniche_perturbmap/expression_level_insilico_ko_72d_robustness_freeze/runs/label_region_auto__ko_0p0/Fig_Step72C_StrictExpressionLevelKO_StateShift_annotated.pdf	Fig_Step72C_StrictExpressionLevelKO_StateShift_annotated.pdf	.pdf	39353	adb9b28b9c20c25496f162381f205b19e1e73cd034e45df02a72dd7984270782	zenodo_data_results_bundle/figures/Step72_expression_level_insilico_KO/Fig_Step72C_StrictExpressionLevelKO_StateShift_annotated.pdf	/mnt/h/vir/ST/results/step8_strokeniche_perturbmap/expression_level_insilico_ko_72d_robustness_freeze
Step72_expression_level_insilico_KO	supplementary_sensitivity_or_surrogate_qc	/mnt/h/vir/ST/results/step8_strokeniche_perturbmap/expression_level_insilico_ko_72d_robustness_freeze/runs/label_region_auto__ko_0p0/Fig_Step72C_StrictExpressionLevelKO_StateShift_annotated.png	Fig_Step72C_StrictExpressionLevelKO_StateShift_annotated.png	.png	1849279	2625ed4a2f1ac309b3e29658d1ba07b83cf4097264e49ecac867ec59025e4839	zenodo_data_results_bundle/figures/Step72_expression_level_insilico_KO/Fig_Step72C_StrictExpressionLevelKO_StateShift_annotated.png	/mnt/h/vir/ST/results/step8_strokeniche_perturbmap/expression_level_insilico_ko_72d_robustness_freeze
Step72_expression_level_insilico_KO	supplementary_sensitivity_or_surrogate_qc	/mnt/h/vir/ST/results/step8_strokeniche_perturbmap/expression_level_insilico_ko_72d_robustness_freeze/runs/label_region_auto__ko_0p0/Fig_Step72C_StrictExpressionLevelKO_StateShift_annotated.svg	Fig_Step72C_StrictExpressionLevelKO_StateShift_annotated.svg	.svg	61134	ed255d241bf2d2284cbeb8fb4411248a6bff26bb6b3e2f2cdf01a4de1c31d989	zenodo_data_results_bundle/figures/Step72_expression_level_insilico_KO/Fig_Step72C_StrictExpressionLevelKO_StateShift_annotated.svg	/mnt/h/vir/ST/results/step8_strokeniche_perturbmap/expression_level_insilico_ko_72d_robustness_freeze
Step72_expression_level_insilico_KO	supplementary_sensitivity_or_surrogate_qc	/mnt/h/vir/ST/results/step8_strokeniche_perturbmap/expression_level_insilico_ko_72d_robustness_freeze/runs/label_region_auto__ko_0p0/Fig_Step72C_StrictExpressionLevelKO_StateShift_clean_no_text.pdf	Fig_Step72C_StrictExpressionLevelKO_StateShift_clean_no_text.pdf	.pdf	14702	522142b6a5c31817127970f9a2c2e352538aac99cc2950bca5059e98ffd57f3d	zenodo_data_results_bundle/figures/Step72_expression_level_insilico_KO/Fig_Step72C_StrictExpressionLevelKO_StateShift_clean_no_text.pdf	/mnt/h/vir/ST/results/step8_strokeniche_perturbmap/expression_level_insilico_ko_72d_robustness_freeze
Step72_expression_level_insilico_KO	supplementary_sensitivity_or_surrogate_qc	/mnt/h/vir/ST/results/step8_strokeniche_perturbmap/expression_level_insilico_ko_72d_robustness_freeze/runs/label_region_auto__ko_0p0/Fig_Step72C_StrictExpressionLevelKO_StateShift_clean_no_text.png	Fig_Step72C_StrictExpressionLevelKO_StateShift_clean_no_text.png	.png	560221	97faeed0e9e3e4ac4b765a4586fe2f63f199c97001155cead27dc4ce17a81468	zenodo_data_results_bundle/figures/Step72_expression_level_insilico_KO/Fig_Step72C_StrictExpressionLevelKO_StateShift_clean_no_text.png	/mnt/h/vir/ST/results/step8_strokeniche_perturbmap/expression_level_insilico_ko_72d_robustness_freeze
Step72_expression_level_insilico_KO	supplementary_sensitivity_or_surrogate_qc	/mnt/h/vir/ST/results/step8_strokeniche_perturbmap/expression_level_insilico_ko_72d_robustness_freeze/runs/label_region_auto__ko_0p0/Fig_Step72C_StrictExpressionLevelKO_StateShift_clean_no_text.svg	Fig_Step72C_StrictExpressionLevelKO_StateShift_clean_no_text.svg	.svg	33555	ec05149221522648385d0a5bdbd137c565f81bd45f6a961395a0308a7f904fde	zenodo_data_results_bundle/figures/Step72_expression_level_insilico_KO/Fig_Step72C_StrictExpressionLevelKO_StateShift_clean_no_text.svg	/mnt/h/vir/ST/results/step8_strokeniche_perturbmap/expression_level_insilico_ko_72d_robustness_freeze
Step72_expression_level_insilico_KO	supplementary_sensitivity_or_surrogate_qc	/mnt/h/vir/ST/results/step8_strokeniche_perturbmap/expression_level_insilico_ko_72d_robustness_freeze/runs/label_region_auto__ko_0p2/Fig_Step72C_StrictExpressionLevelKO_StateShift_annotated.pdf	Fig_Step72C_StrictExpressionLevelKO_StateShift_annotated.pdf	.pdf	39642	0786e1e96570ab2d6202446dc7007c0c47bb7ec33c52e47e48677d86d0cfef79	zenodo_data_results_bundle/figures/Step72_expression_level_insilico_KO/Fig_Step72C_StrictExpressionLevelKO_StateShift_annotated.pdf	/mnt/h/vir/ST/results/step8_strokeniche_perturbmap/expression_level_insilico_ko_72d_robustness_freeze
Step72_expression_level_insilico_KO	supplementary_sensitivity_or_surrogate_qc	/mnt/h/vir/ST/results/step8_strokeniche_perturbmap/expression_level_insilico_ko_72d_robustness_freeze/runs/label_region_auto__ko_0p2/Fig_Step72C_StrictExpressionLevelKO_StateShift_annotated.png	Fig_Step72C_StrictExpressionLevelKO_StateShift_annotated.png	.png	1844163	34b7f2d1b46ebeeffc13d622fde6ecb72ac527fee96970709d0f62a12a1de269	zenodo_data_results_bundle/figures/Step72_expression_level_insilico_KO/Fig_Step72C_StrictExpressionLevelKO_StateShift_annotated.png	/mnt/h/vir/ST/results/step8_strokeniche_perturbmap/expression_level_insilico_ko_72d_robustness_freeze
Step72_expression_level_insilico_KO	supplementary_sensitivity_or_surrogate_qc	/mnt/h/vir/ST/results/step8_strokeniche_perturbmap/expression_level_insilico_ko_72d_robustness_freeze/runs/label_region_auto__ko_0p2/Fig_Step72C_StrictExpressionLevelKO_StateShift_annotated.svg	Fig_Step72C_StrictExpressionLevelKO_StateShift_annotated.svg	.svg	60328	f110280e87784b2e067e56cb0c59c0cd593e665196d10f16c01f3171399b0e3f	zenodo_data_results_bundle/figures/Step72_expression_level_insilico_KO/Fig_Step72C_StrictExpressionLevelKO_StateShift_annotated.svg	/mnt/h/vir/ST/results/step8_strokeniche_perturbmap/expression_level_insilico_ko_72d_robustness_freeze
Step72_expression_level_insilico_KO	supplementary_sensitivity_or_surrogate_qc	/mnt/h/vir/ST/results/step8_strokeniche_perturbmap/expression_level_insilico_ko_72d_robustness_freeze/runs/label_region_auto__ko_0p2/Fig_Step72C_StrictExpressionLevelKO_StateShift_clean_no_text.pdf	Fig_Step72C_StrictExpressionLevelKO_StateShift_clean_no_text.pdf	.pdf	15082	e1f14dbbce103fb69ef3b8b3a4a76200e3b167b7a51662b33a3a5cf346d5b0b8	zenodo_data_results_bundle/figures/Step72_expression_level_insilico_KO/Fig_Step72C_StrictExpressionLevelKO_StateShift_clean_no_text.pdf	/mnt/h/vir/ST/results/step8_strokeniche_perturbmap/expression_level_insilico_ko_72d_robustness_freeze
Step72_expression_level_insilico_KO	supplementary_sensitivity_or_surrogate_qc	/mnt/h/vir/ST/results/step8_strokeniche_perturbmap/expression_level_insilico_ko_72d_robustness_freeze/runs/label_region_auto__ko_0p2/Fig_Step72C_StrictExpressionLevelKO_StateShift_clean_no_text.png	Fig_Step72C_StrictExpressionLevelKO_StateShift_clean_no_text.png	.png	566402	fea5db223bc590960d6ba1229d39db5a494587b16bca2a8725f44cc4279efb6c	zenodo_data_results_bundle/figures/Step72_expression_level_insilico_KO/Fig_Step72C_StrictExpressionLevelKO_StateShift_clean_no_text.png	/mnt/h/vir/ST/results/step8_strokeniche_perturbmap/expression_level_insilico_ko_72d_robustness_freeze
Step72_expression_level_insilico_KO	supplementary_sensitivity_or_surrogate_qc	/mnt/h/vir/ST/results/step8_strokeniche_perturbmap/expression_level_insilico_ko_72d_robustness_freeze/runs/label_region_auto__ko_0p2/Fig_Step72C_StrictExpressionLevelKO_StateShift_clean_no_text.svg	Fig_Step72C_StrictExpressionLevelKO_StateShift_clean_no_text.svg	.svg	33548	4ae6d2035c46f72bd7101472016e3dc7a80b74448f79582ef8971cff0ad4c554	zenodo_data_results_bundle/figures/Step72_expression_level_insilico_KO/Fig_Step72C_StrictExpressionLevelKO_StateShift_clean_no_text.svg	/mnt/h/vir/ST/results/step8_strokeniche_perturbmap/expression_level_insilico_ko_72d_robustness_freeze
Step72_expression_level_insilico_KO	supplementary_sensitivity_or_surrogate_qc	/mnt/h/vir/ST/results/step8_strokeniche_perturbmap/expression_level_insilico_ko_72d_robustness_freeze/runs/label_region_auto__ko_0p5/Fig_Step72C_StrictExpressionLevelKO_StateShift_annotated.pdf	Fig_Step72C_StrictExpressionLevelKO_StateShift_annotated.pdf	.pdf	39674	e3c02ae8f2cf6a8627e4d9ca659162703b688bbe531f639aa3748e8c0451414b	zenodo_data_results_bundle/figures/Step72_expression_level_insilico_KO/Fig_Step72C_StrictExpressionLevelKO_StateShift_annotated.pdf	/mnt/h/vir/ST/results/step8_strokeniche_perturbmap/expression_level_insilico_ko_72d_robustness_freeze
Step72_expression_level_insilico_KO	supplementary_sensitivity_or_surrogate_qc	/mnt/h/vir/ST/results/step8_strokeniche_perturbmap/expression_level_insilico_ko_72d_robustness_freeze/runs/label_region_auto__ko_0p5/Fig_Step72C_StrictExpressionLevelKO_StateShift_annotated.png	Fig_Step72C_StrictExpressionLevelKO_StateShift_annotated.png	.png	1847767	2060873c48ed5f5bc4ed64f63db45647f312da6f85fc0829224acc25e043b43d	zenodo_data_results_bundle/figures/Step72_expression_level_insilico_KO/Fig_Step72C_StrictExpressionLevelKO_StateShift_annotated.png	/mnt/h/vir/ST/results/step8_strokeniche_perturbmap/expression_level_insilico_ko_72d_robustness_freeze
Step72_expression_level_insilico_KO	supplementary_sensitivity_or_surrogate_qc	/mnt/h/vir/ST/results/step8_strokeniche_perturbmap/expression_level_insilico_ko_72d_robustness_freeze/runs/label_region_auto__ko_0p5/Fig_Step72C_StrictExpressionLevelKO_StateShift_annotated.svg	Fig_Step72C_StrictExpressionLevelKO_StateShift_annotated.svg	.svg	60319	1c5d051003a38fb93470701bdc52b0ef1fb86f2361293ff361f5f328f84121ad	zenodo_data_results_bundle/figures/Step72_expression_level_insilico_KO/Fig_Step72C_StrictExpressionLevelKO_StateShift_annotated.svg	/mnt/h/vir/ST/results/step8_strokeniche_perturbmap/expression_level_insilico_ko_72d_robustness_freeze
Step72_expression_level_insilico_KO	supplementary_sensitivity_or_surrogate_qc	/mnt/h/vir/ST/results/step8_strokeniche_perturbmap/expression_level_insilico_ko_72d_robustness_freeze/runs/label_region_auto__ko_0p5/Fig_Step72C_StrictExpressionLevelKO_StateShift_clean_no_text.pdf	Fig_Step72C_StrictExpressionLevelKO_StateShift_clean_no_text.pdf	.pdf	15146	c6df617bd5a1a3f56aa3b6a9a7fb3eabc8ca23c91ee9122a98aef8e12eaf3653	zenodo_data_results_bundle/figures/Step72_expression_level_insilico_KO/Fig_Step72C_StrictExpressionLevelKO_StateShift_clean_no_text.pdf	/mnt/h/vir/ST/results/step8_strokeniche_perturbmap/expression_level_insilico_ko_72d_robustness_freeze
Step72_expression_level_insilico_KO	supplementary_sensitivity_or_surrogate_qc	/mnt/h/vir/ST/results/step8_strokeniche_perturbmap/expression_level_insilico_ko_72d_robustness_freeze/runs/label_region_auto__ko_0p5/Fig_Step72C_StrictExpressionLevelKO_StateShift_clean_no_text.png	Fig_Step72C_StrictExpressionLevelKO_StateShift_clean_no_text.png	.png	569098	754f94777863d4329f15f2abf54bc87992401d86534e1f70ff790220c2e18765	zenodo_data_results_bundle/figures/Step72_expression_level_insilico_KO/Fig_Step72C_StrictExpressionLevelKO_StateShift_clean_no_text.png	/mnt/h/vir/ST/results/step8_strokeniche_perturbmap/expression_level_insilico_ko_72d_robustness_freeze
Step72_expression_level_insilico_KO	supplementary_sensitivity_or_surrogate_qc	/mnt/h/vir/ST/results/step8_strokeniche_perturbmap/expression_level_insilico_ko_72d_robustness_freeze/runs/label_region_auto__ko_0p5/Fig_Step72C_StrictExpressionLevelKO_StateShift_clean_no_text.svg	Fig_Step72C_StrictExpressionLevelKO_StateShift_clean_no_text.svg	.svg	33533	bd47991a5c80c14983dd7d5effbaba91a8262ba772bb58ba732c9987e6f9c323	zenodo_data_results_bundle/figures/Step72_expression_level_insilico_KO/Fig_Step72C_StrictExpressionLevelKO_StateShift_clean_no_text.svg	/mnt/h/vir/ST/results/step8_strokeniche_perturbmap/expression_level_insilico_ko_72d_robustness_freeze
Step72_expression_level_insilico_KO	supplementary_sensitivity_or_surrogate_qc	/mnt/h/vir/ST/results/step8_strokeniche_perturbmap/expression_level_insilico_ko_72d_robustness_freeze/runs/label_region_manual_final__ko_0p0/Fig_Step72C_StrictExpressionLevelKO_StateShift_annotated.pdf	Fig_Step72C_StrictExpressionLevelKO_StateShift_annotated.pdf	.pdf	39587	6f599073fe89815ef8857193d63f10119332c6cc6dd4b1302df51fbed0313b60	zenodo_data_results_bundle/figures/Step72_expression_level_insilico_KO/Fig_Step72C_StrictExpressionLevelKO_StateShift_annotated.pdf	/mnt/h/vir/ST/results/step8_strokeniche_perturbmap/expression_level_insilico_ko_72d_robustness_freeze
Step72_expression_level_insilico_KO	supplementary_sensitivity_or_surrogate_qc	/mnt/h/vir/ST/results/step8_strokeniche_perturbmap/expression_level_insilico_ko_72d_robustness_freeze/runs/label_region_manual_final__ko_0p0/Fig_Step72C_StrictExpressionLevelKO_StateShift_annotated.png	Fig_Step72C_StrictExpressionLevelKO_StateShift_annotated.png	.png	1848321	1f61f8429b774a4f6d37981e3fe7c96af67d86fd7adc58516a45f0339591f982	zenodo_data_results_bundle/figures/Step72_expression_level_insilico_KO/Fig_Step72C_StrictExpressionLevelKO_StateShift_annotated.png	/mnt/h/vir/ST/results/step8_strokeniche_perturbmap/expression_level_insilico_ko_72d_robustness_freeze
Step72_expression_level_insilico_KO	supplementary_sensitivity_or_surrogate_qc	/mnt/h/vir/ST/results/step8_strokeniche_perturbmap/expression_level_insilico_ko_72d_robustness_freeze/runs/label_region_manual_final__ko_0p0/Fig_Step72C_StrictExpressionLevelKO_StateShift_annotated.svg	Fig_Step72C_StrictExpressionLevelKO_StateShift_annotated.svg	.svg	61132	990de09587e57c270ccda7161ebbb05fd792b3daacd51483de757c9455965891	zenodo_data_results_bundle/figures/Step72_expression_level_insilico_KO/Fig_Step72C_StrictExpressionLevelKO_StateShift_annotated.svg	/mnt/h/vir/ST/results/step8_strokeniche_perturbmap/expression_level_insilico_ko_72d_robustness_freeze
Step72_expression_level_insilico_KO	supplementary_sensitivity_or_surrogate_qc	/mnt/h/vir/ST/results/step8_strokeniche_perturbmap/expression_level_insilico_ko_72d_robustness_freeze/runs/label_region_manual_final__ko_0p0/Fig_Step72C_StrictExpressionLevelKO_StateShift_clean_no_text.pdf	Fig_Step72C_StrictExpressionLevelKO_StateShift_clean_no_text.pdf	.pdf	14939	7973d482db0b4dd3fe7dfcd74953b33a0b4d78c49210f539aa7ff001ecf45b67	zenodo_data_results_bundle/figures/Step72_expression_level_insilico_KO/Fig_Step72C_StrictExpressionLevelKO_StateShift_clean_no_text.pdf	/mnt/h/vir/ST/results/step8_strokeniche_perturbmap/expression_level_insilico_ko_72d_robustness_freeze
Step72_expression_level_insilico_KO	supplementary_sensitivity_or_surrogate_qc	/mnt/h/vir/ST/results/step8_strokeniche_perturbmap/expression_level_insilico_ko_72d_robustness_freeze/runs/label_region_manual_final__ko_0p0/Fig_Step72C_StrictExpressionLevelKO_StateShift_clean_no_text.png	Fig_Step72C_StrictExpressionLevelKO_StateShift_clean_no_text.png	.png	565130	651449a11407f5cd9dde0754c181deda49ad390654dcaaa051824466e0838521	zenodo_data_results_bundle/figures/Step72_expression_level_insilico_KO/Fig_Step72C_StrictExpressionLevelKO_StateShift_clean_no_text.png	/mnt/h/vir/ST/results/step8_strokeniche_perturbmap/expression_level_insilico_ko_72d_robustness_freeze
Step72_expression_level_insilico_KO	supplementary_sensitivity_or_surrogate_qc	/mnt/h/vir/ST/results/step8_strokeniche_perturbmap/expression_level_insilico_ko_72d_robustness_freeze/runs/label_region_manual_final__ko_0p0/Fig_Step72C_StrictExpressionLevelKO_StateShift_clean_no_text.svg	Fig_Step72C_StrictExpressionLevelKO_StateShift_clean_no_text.svg	.svg	33553	e9d6893564549dae753bcac683743245270a84f95e41c093eaf44723378c543b	zenodo_data_results_bundle/figures/Step72_expression_level_insilico_KO/Fig_Step72C_StrictExpressionLevelKO_StateShift_clean_no_text.svg	/mnt/h/vir/ST/results/step8_strokeniche_perturbmap/expression_level_insilico_ko_72d_robustness_freeze
Step72_expression_level_insilico_KO	supplementary_sensitivity_or_surrogate_qc	/mnt/h/vir/ST/results/step8_strokeniche_perturbmap/expression_level_insilico_ko_72d_robustness_freeze/runs/label_region_manual_final__ko_0p2/Fig_Step72C_StrictExpressionLevelKO_StateShift_annotated.pdf	Fig_Step72C_StrictExpressionLevelKO_StateShift_annotated.pdf	.pdf	39440	421f81207fe9886093dcd77f3c134242359b1c714608c194d4d2ab7897e6ffdd	zenodo_data_results_bundle/figures/Step72_expression_level_insilico_KO/Fig_Step72C_StrictExpressionLevelKO_StateShift_annotated.pdf	/mnt/h/vir/ST/results/step8_strokeniche_perturbmap/expression_level_insilico_ko_72d_robustness_freeze
Step72_expression_level_insilico_KO	supplementary_sensitivity_or_surrogate_qc	/mnt/h/vir/ST/results/step8_strokeniche_perturbmap/expression_level_insilico_ko_72d_robustness_freeze/runs/label_region_manual_final__ko_0p2/Fig_Step72C_StrictExpressionLevelKO_StateShift_annotated.png	Fig_Step72C_StrictExpressionLevelKO_StateShift_annotated.png	.png	1851388	ebbfb31b01d2e3cc75227bd36db5a5319c2b78ae9876be515c8f566cffbe7d15	zenodo_data_results_bundle/figures/Step72_expression_level_insilico_KO/Fig_Step72C_StrictExpressionLevelKO_StateShift_annotated.png	/mnt/h/vir/ST/results/step8_strokeniche_perturbmap/expression_level_insilico_ko_72d_robustness_freeze
Step72_expression_level_insilico_KO	supplementary_sensitivity_or_surrogate_qc	/mnt/h/vir/ST/results/step8_strokeniche_perturbmap/expression_level_insilico_ko_72d_robustness_freeze/runs/label_region_manual_final__ko_0p2/Fig_Step72C_StrictExpressionLevelKO_StateShift_annotated.svg	Fig_Step72C_StrictExpressionLevelKO_StateShift_annotated.svg	.svg	60329	822ff07d5ccfd452213a372408ea6121d6128e272054c7c27a5910181ca49d01	zenodo_data_results_bundle/figures/Step72_expression_level_insilico_KO/Fig_Step72C_StrictExpressionLevelKO_StateShift_annotated.svg	/mnt/h/vir/ST/results/step8_strokeniche_perturbmap/expression_level_insilico_ko_72d_robustness_freeze
Step72_expression_level_insilico_KO	supplementary_sensitivity_or_surrogate_qc	/mnt/h/vir/ST/results/step8_strokeniche_perturbmap/expression_level_insilico_ko_72d_robustness_freeze/runs/label_region_manual_final__ko_0p2/Fig_Step72C_StrictExpressionLevelKO_StateShift_clean_no_text.pdf	Fig_Step72C_StrictExpressionLevelKO_StateShift_clean_no_text.pdf	.pdf	14843	bc925b4d4ec42cc0558b898a753537154e63dcb322c4a84e8dbe8fc5ae5363d3	zenodo_data_results_bundle/figures/Step72_expression_level_insilico_KO/Fig_Step72C_StrictExpressionLevelKO_StateShift_clean_no_text.pdf	/mnt/h/vir/ST/results/step8_strokeniche_perturbmap/expression_level_insilico_ko_72d_robustness_freeze
Step72_expression_level_insilico_KO	supplementary_sensitivity_or_surrogate_qc	/mnt/h/vir/ST/results/step8_strokeniche_perturbmap/expression_level_insilico_ko_72d_robustness_freeze/runs/label_region_manual_final__ko_0p2/Fig_Step72C_StrictExpressionLevelKO_StateShift_clean_no_text.png	Fig_Step72C_StrictExpressionLevelKO_StateShift_clean_no_text.png	.png	570140	edba72e619557da1ff04fe162802a1e66a95486a3e276c1842e909c281e485ce	zenodo_data_results_bundle/figures/Step72_expression_level_insilico_KO/Fig_Step72C_StrictExpressionLevelKO_StateShift_clean_no_text.png	/mnt/h/vir/ST/results/step8_strokeniche_perturbmap/expression_level_insilico_ko_72d_robustness_freeze
Step72_expression_level_insilico_KO	supplementary_sensitivity_or_surrogate_qc	/mnt/h/vir/ST/results/step8_strokeniche_perturbmap/expression_level_insilico_ko_72d_robustness_freeze/runs/label_region_manual_final__ko_0p2/Fig_Step72C_StrictExpressionLevelKO_StateShift_clean_no_text.svg	Fig_Step72C_StrictExpressionLevelKO_StateShift_clean_no_text.svg	.svg	33549	b6203ee6e085dfc97444d635293dbe11b20b00c25e35a2f8480ba66706fc900e	zenodo_data_results_bundle/figures/Step72_expression_level_insilico_KO/Fig_Step72C_StrictExpressionLevelKO_StateShift_clean_no_text.svg	/mnt/h/vir/ST/results/step8_strokeniche_perturbmap/expression_level_insilico_ko_72d_robustness_freeze
Step72_expression_level_insilico_KO	supplementary_sensitivity_or_surrogate_qc	/mnt/h/vir/ST/results/step8_strokeniche_perturbmap/expression_level_insilico_ko_72d_robustness_freeze/runs/label_region_manual_final__ko_0p5/Fig_Step72C_StrictExpressionLevelKO_StateShift_annotated.pdf	Fig_Step72C_StrictExpressionLevelKO_StateShift_annotated.pdf	.pdf	39726	ef6459546b4229e8dffada0957b916fc70b68363cdf45b2d8294f707a1110018	zenodo_data_results_bundle/figures/Step72_expression_level_insilico_KO/Fig_Step72C_StrictExpressionLevelKO_StateShift_annotated.pdf	/mnt/h/vir/ST/results/step8_strokeniche_perturbmap/expression_level_insilico_ko_72d_robustness_freeze
Step72_expression_level_insilico_KO	supplementary_sensitivity_or_surrogate_qc	/mnt/h/vir/ST/results/step8_strokeniche_perturbmap/expression_level_insilico_ko_72d_robustness_freeze/runs/label_region_manual_final__ko_0p5/Fig_Step72C_StrictExpressionLevelKO_StateShift_annotated.png	Fig_Step72C_StrictExpressionLevelKO_StateShift_annotated.png	.png	1854109	e9227bed52b1f392f4b19aae81d9f0bf04c2d5994fe3c98a635213a3595c3ea8	zenodo_data_results_bundle/figures/Step72_expression_level_insilico_KO/Fig_Step72C_StrictExpressionLevelKO_StateShift_annotated.png	/mnt/h/vir/ST/results/step8_strokeniche_perturbmap/expression_level_insilico_ko_72d_robustness_freeze
Step72_expression_level_insilico_KO	supplementary_sensitivity_or_surrogate_qc	/mnt/h/vir/ST/results/step8_strokeniche_perturbmap/expression_level_insilico_ko_72d_robustness_freeze/runs/label_region_manual_final__ko_0p5/Fig_Step72C_StrictExpressionLevelKO_StateShift_annotated.svg	Fig_Step72C_StrictExpressionLevelKO_StateShift_annotated.svg	.svg	60329	003cf2cb958fa67d46377001a2f0edde3b037f2c1f24550f4b9238c943bcb2f1	zenodo_data_results_bundle/figures/Step72_expression_level_insilico_KO/Fig_Step72C_StrictExpressionLevelKO_StateShift_annotated.svg	/mnt/h/vir/ST/results/step8_strokeniche_perturbmap/expression_level_insilico_ko_72d_robustness_freeze
Step72_expression_level_insilico_KO	supplementary_sensitivity_or_surrogate_qc	/mnt/h/vir/ST/results/step8_strokeniche_perturbmap/expression_level_insilico_ko_72d_robustness_freeze/runs/label_region_manual_final__ko_0p5/Fig_Step72C_StrictExpressionLevelKO_StateShift_clean_no_text.pdf	Fig_Step72C_StrictExpressionLevelKO_StateShift_clean_no_text.pdf	.pdf	15141	f791f1b84df215424d449a5f2d46fb9dafa666d2600ba41b750426bd59df7f3a	zenodo_data_results_bundle/figures/Step72_expression_level_insilico_KO/Fig_Step72C_StrictExpressionLevelKO_StateShift_clean_no_text.pdf	/mnt/h/vir/ST/results/step8_strokeniche_perturbmap/expression_level_insilico_ko_72d_robustness_freeze
Step72_expression_level_insilico_KO	supplementary_sensitivity_or_surrogate_qc	/mnt/h/vir/ST/results/step8_strokeniche_perturbmap/expression_level_insilico_ko_72d_robustness_freeze/runs/label_region_manual_final__ko_0p5/Fig_Step72C_StrictExpressionLevelKO_StateShift_clean_no_text.png	Fig_Step72C_StrictExpressionLevelKO_StateShift_clean_no_text.png	.png	568640	9681a7fb5abe8699f6c46b25b5a1a630610ca252a73300d610eebb2f8ed5f3a2	zenodo_data_results_bundle/figures/Step72_expression_level_insilico_KO/Fig_Step72C_StrictExpressionLevelKO_StateShift_clean_no_text.png	/mnt/h/vir/ST/results/step8_strokeniche_perturbmap/expression_level_insilico_ko_72d_robustness_freeze
Step72_expression_level_insilico_KO	supplementary_sensitivity_or_surrogate_qc	/mnt/h/vir/ST/results/step8_strokeniche_perturbmap/expression_level_insilico_ko_72d_robustness_freeze/runs/label_region_manual_final__ko_0p5/Fig_Step72C_StrictExpressionLevelKO_StateShift_clean_no_text.svg	Fig_Step72C_StrictExpressionLevelKO_StateShift_clean_no_text.svg	.svg	33543	f09d1025ddb401f347d9a46305e9621dfa37bf3c19e66f5abf1f5d01da92ccb1	zenodo_data_results_bundle/figures/Step72_expression_level_insilico_KO/Fig_Step72C_StrictExpressionLevelKO_StateShift_clean_no_text.svg	/mnt/h/vir/ST/results/step8_strokeniche_perturbmap/expression_level_insilico_ko_72d_robustness_freeze
Step72_expression_level_insilico_KO	supplementary_sensitivity_or_surrogate_qc	/mnt/h/vir/ST/results/step8_strokeniche_perturbmap/expression_level_insilico_ko_72d_robustness_freeze/runs/label_region_refined__ko_0p0/Fig_Step72C_StrictExpressionLevelKO_StateShift_annotated.pdf	Fig_Step72C_StrictExpressionLevelKO_StateShift_annotated.pdf	.pdf	39587	194bf47d5cfd3803428d74bfa11cdde16d71f00bcc30b56637d72f695b089939	zenodo_data_results_bundle/figures/Step72_expression_level_insilico_KO/Fig_Step72C_StrictExpressionLevelKO_StateShift_annotated.pdf	/mnt/h/vir/ST/results/step8_strokeniche_perturbmap/expression_level_insilico_ko_72d_robustness_freeze
Step72_expression_level_insilico_KO	supplementary_sensitivity_or_surrogate_qc	/mnt/h/vir/ST/results/step8_strokeniche_perturbmap/expression_level_insilico_ko_72d_robustness_freeze/runs/label_region_refined__ko_0p0/Fig_Step72C_StrictExpressionLevelKO_StateShift_annotated.png	Fig_Step72C_StrictExpressionLevelKO_StateShift_annotated.png	.png	1848321	1f61f8429b774a4f6d37981e3fe7c96af67d86fd7adc58516a45f0339591f982	zenodo_data_results_bundle/figures/Step72_expression_level_insilico_KO/Fig_Step72C_StrictExpressionLevelKO_StateShift_annotated.png	/mnt/h/vir/ST/results/step8_strokeniche_perturbmap/expression_level_insilico_ko_72d_robustness_freeze
Step72_expression_level_insilico_KO	supplementary_sensitivity_or_surrogate_qc	/mnt/h/vir/ST/results/step8_strokeniche_perturbmap/expression_level_insilico_ko_72d_robustness_freeze/runs/label_region_refined__ko_0p0/Fig_Step72C_StrictExpressionLevelKO_StateShift_annotated.svg	Fig_Step72C_StrictExpressionLevelKO_StateShift_annotated.svg	.svg	61132	6413045399f17c1d2a0d93e054c4c0e679d8ab465203d6527a448d6dbdff0653	zenodo_data_results_bundle/figures/Step72_expression_level_insilico_KO/Fig_Step72C_StrictExpressionLevelKO_StateShift_annotated.svg	/mnt/h/vir/ST/results/step8_strokeniche_perturbmap/expression_level_insilico_ko_72d_robustness_freeze
Step72_expression_level_insilico_KO	supplementary_sensitivity_or_surrogate_qc	/mnt/h/vir/ST/results/step8_strokeniche_perturbmap/expression_level_insilico_ko_72d_robustness_freeze/runs/label_region_refined__ko_0p0/Fig_Step72C_StrictExpressionLevelKO_StateShift_clean_no_text.pdf	Fig_Step72C_StrictExpressionLevelKO_StateShift_clean_no_text.pdf	.pdf	14939	583824934e697c9d05e22a64df8377c153d7a87799f9693e17c6d1eda29c4b0e	zenodo_data_results_bundle/figures/Step72_expression_level_insilico_KO/Fig_Step72C_StrictExpressionLevelKO_StateShift_clean_no_text.pdf	/mnt/h/vir/ST/results/step8_strokeniche_perturbmap/expression_level_insilico_ko_72d_robustness_freeze
Step72_expression_level_insilico_KO	supplementary_sensitivity_or_surrogate_qc	/mnt/h/vir/ST/results/step8_strokeniche_perturbmap/expression_level_insilico_ko_72d_robustness_freeze/runs/label_region_refined__ko_0p0/Fig_Step72C_StrictExpressionLevelKO_StateShift_clean_no_text.png	Fig_Step72C_StrictExpressionLevelKO_StateShift_clean_no_text.png	.png	565130	651449a11407f5cd9dde0754c181deda49ad390654dcaaa051824466e0838521	zenodo_data_results_bundle/figures/Step72_expression_level_insilico_KO/Fig_Step72C_StrictExpressionLevelKO_StateShift_clean_no_text.png	/mnt/h/vir/ST/results/step8_strokeniche_perturbmap/expression_level_insilico_ko_72d_robustness_freeze
Step72_expression_level_insilico_KO	supplementary_sensitivity_or_surrogate_qc	/mnt/h/vir/ST/results/step8_strokeniche_perturbmap/expression_level_insilico_ko_72d_robustness_freeze/runs/label_region_refined__ko_0p0/Fig_Step72C_StrictExpressionLevelKO_StateShift_clean_no_text.svg	Fig_Step72C_StrictExpressionLevelKO_StateShift_clean_no_text.svg	.svg	33553	fd99d0aee856d550e0c7ff95ddfa9690152bc977d4d4c50baacc8220fe61deae	zenodo_data_results_bundle/figures/Step72_expression_level_insilico_KO/Fig_Step72C_StrictExpressionLevelKO_StateShift_clean_no_text.svg	/mnt/h/vir/ST/results/step8_strokeniche_perturbmap/expression_level_insilico_ko_72d_robustness_freeze
Step72_expression_level_insilico_KO	supplementary_sensitivity_or_surrogate_qc	/mnt/h/vir/ST/results/step8_strokeniche_perturbmap/expression_level_insilico_ko_72d_robustness_freeze/runs/label_region_refined__ko_0p2/Fig_Step72C_StrictExpressionLevelKO_StateShift_annotated.pdf	Fig_Step72C_StrictExpressionLevelKO_StateShift_annotated.pdf	.pdf	39440	479ea4429d232b74533e0ad1f311e9620a7952af818828070779216f64582427	zenodo_data_results_bundle/figures/Step72_expression_level_insilico_KO/Fig_Step72C_StrictExpressionLevelKO_StateShift_annotated.pdf	/mnt/h/vir/ST/results/step8_strokeniche_perturbmap/expression_level_insilico_ko_72d_robustness_freeze
Step72_expression_level_insilico_KO	supplementary_sensitivity_or_surrogate_qc	/mnt/h/vir/ST/results/step8_strokeniche_perturbmap/expression_level_insilico_ko_72d_robustness_freeze/runs/label_region_refined__ko_0p2/Fig_Step72C_StrictExpressionLevelKO_StateShift_annotated.png	Fig_Step72C_StrictExpressionLevelKO_StateShift_annotated.png	.png	1851388	ebbfb31b01d2e3cc75227bd36db5a5319c2b78ae9876be515c8f566cffbe7d15	zenodo_data_results_bundle/figures/Step72_expression_level_insilico_KO/Fig_Step72C_StrictExpressionLevelKO_StateShift_annotated.png	/mnt/h/vir/ST/results/step8_strokeniche_perturbmap/expression_level_insilico_ko_72d_robustness_freeze
Step72_expression_level_insilico_KO	supplementary_sensitivity_or_surrogate_qc	/mnt/h/vir/ST/results/step8_strokeniche_perturbmap/expression_level_insilico_ko_72d_robustness_freeze/runs/label_region_refined__ko_0p2/Fig_Step72C_StrictExpressionLevelKO_StateShift_annotated.svg	Fig_Step72C_StrictExpressionLevelKO_StateShift_annotated.svg	.svg	60329	812c00ecb12755ba80a1235e246ee37c13fc51ec99e7ef92f5c3b6af62c0d53a	zenodo_data_results_bundle/figures/Step72_expression_level_insilico_KO/Fig_Step72C_StrictExpressionLevelKO_StateShift_annotated.svg	/mnt/h/vir/ST/results/step8_strokeniche_perturbmap/expression_level_insilico_ko_72d_robustness_freeze
Step72_expression_level_insilico_KO	supplementary_sensitivity_or_surrogate_qc	/mnt/h/vir/ST/results/step8_strokeniche_perturbmap/expression_level_insilico_ko_72d_robustness_freeze/runs/label_region_refined__ko_0p2/Fig_Step72C_StrictExpressionLevelKO_StateShift_clean_no_text.pdf	Fig_Step72C_StrictExpressionLevelKO_StateShift_clean_no_text.pdf	.pdf	14843	d38d12a370e3b76bb15eb59686161fec606a95aa977ab6121eb11c12f8803f4e	zenodo_data_results_bundle/figures/Step72_expression_level_insilico_KO/Fig_Step72C_StrictExpressionLevelKO_StateShift_clean_no_text.pdf	/mnt/h/vir/ST/results/step8_strokeniche_perturbmap/expression_level_insilico_ko_72d_robustness_freeze
Step72_expression_level_insilico_KO	supplementary_sensitivity_or_surrogate_qc	/mnt/h/vir/ST/results/step8_strokeniche_perturbmap/expression_level_insilico_ko_72d_robustness_freeze/runs/label_region_refined__ko_0p2/Fig_Step72C_StrictExpressionLevelKO_StateShift_clean_no_text.png	Fig_Step72C_StrictExpressionLevelKO_StateShift_clean_no_text.png	.png	570140	edba72e619557da1ff04fe162802a1e66a95486a3e276c1842e909c281e485ce	zenodo_data_results_bundle/figures/Step72_expression_level_insilico_KO/Fig_Step72C_StrictExpressionLevelKO_StateShift_clean_no_text.png	/mnt/h/vir/ST/results/step8_strokeniche_perturbmap/expression_level_insilico_ko_72d_robustness_freeze
Step72_expression_level_insilico_KO	supplementary_sensitivity_or_surrogate_qc	/mnt/h/vir/ST/results/step8_strokeniche_perturbmap/expression_level_insilico_ko_72d_robustness_freeze/runs/label_region_refined__ko_0p2/Fig_Step72C_StrictExpressionLevelKO_StateShift_clean_no_text.svg	Fig_Step72C_StrictExpressionLevelKO_StateShift_clean_no_text.svg	.svg	33549	68b02698e9026732361296be1938e5ee56b42e96326bdc05998ba8f9ec2850a7	zenodo_data_results_bundle/figures/Step72_expression_level_insilico_KO/Fig_Step72C_StrictExpressionLevelKO_StateShift_clean_no_text.svg	/mnt/h/vir/ST/results/step8_strokeniche_perturbmap/expression_level_insilico_ko_72d_robustness_freeze
Step72_expression_level_insilico_KO	supplementary_sensitivity_or_surrogate_qc	/mnt/h/vir/ST/results/step8_strokeniche_perturbmap/expression_level_insilico_ko_72d_robustness_freeze/runs/label_region_refined__ko_0p5/Fig_Step72C_StrictExpressionLevelKO_StateShift_annotated.pdf	Fig_Step72C_StrictExpressionLevelKO_StateShift_annotated.pdf	.pdf	39726	8b3e71c070945c59bf2adb18ee54409cb0443a7bd3de03996088a49c43d5323e	zenodo_data_results_bundle/figures/Step72_expression_level_insilico_KO/Fig_Step72C_StrictExpressionLevelKO_StateShift_annotated.pdf	/mnt/h/vir/ST/results/step8_strokeniche_perturbmap/expression_level_insilico_ko_72d_robustness_freeze
Step72_expression_level_insilico_KO	supplementary_sensitivity_or_surrogate_qc	/mnt/h/vir/ST/results/step8_strokeniche_perturbmap/expression_level_insilico_ko_72d_robustness_freeze/runs/label_region_refined__ko_0p5/Fig_Step72C_StrictExpressionLevelKO_StateShift_annotated.png	Fig_Step72C_StrictExpressionLevelKO_StateShift_annotated.png	.png	1854109	e9227bed52b1f392f4b19aae81d9f0bf04c2d5994fe3c98a635213a3595c3ea8	zenodo_data_results_bundle/figures/Step72_expression_level_insilico_KO/Fig_Step72C_StrictExpressionLevelKO_StateShift_annotated.png	/mnt/h/vir/ST/results/step8_strokeniche_perturbmap/expression_level_insilico_ko_72d_robustness_freeze
Step72_expression_level_insilico_KO	supplementary_sensitivity_or_surrogate_qc	/mnt/h/vir/ST/results/step8_strokeniche_perturbmap/expression_level_insilico_ko_72d_robustness_freeze/runs/label_region_refined__ko_0p5/Fig_Step72C_StrictExpressionLevelKO_StateShift_annotated.svg	Fig_Step72C_StrictExpressionLevelKO_StateShift_annotated.svg	.svg	60329	4a0bce8b910cd0f94d4232f66ba10296df90165b57bd0bdf94d04e967f119a17	zenodo_data_results_bundle/figures/Step72_expression_level_insilico_KO/Fig_Step72C_StrictExpressionLevelKO_StateShift_annotated.svg	/mnt/h/vir/ST/results/step8_strokeniche_perturbmap/expression_level_insilico_ko_72d_robustness_freeze
Step72_expression_level_insilico_KO	supplementary_sensitivity_or_surrogate_qc	/mnt/h/vir/ST/results/step8_strokeniche_perturbmap/expression_level_insilico_ko_72d_robustness_freeze/runs/label_region_refined__ko_0p5/Fig_Step72C_StrictExpressionLevelKO_StateShift_clean_no_text.pdf	Fig_Step72C_StrictExpressionLevelKO_StateShift_clean_no_text.pdf	.pdf	15141	c92721c0e253c360310ae1ed93e037c32f6fb65a59497c6651866b03013930c2	zenodo_data_results_bundle/figures/Step72_expression_level_insilico_KO/Fig_Step72C_StrictExpressionLevelKO_StateShift_clean_no_text.pdf	/mnt/h/vir/ST/results/step8_strokeniche_perturbmap/expression_level_insilico_ko_72d_robustness_freeze
Step72_expression_level_insilico_KO	supplementary_sensitivity_or_surrogate_qc	/mnt/h/vir/ST/results/step8_strokeniche_perturbmap/expression_level_insilico_ko_72d_robustness_freeze/runs/label_region_refined__ko_0p5/Fig_Step72C_StrictExpressionLevelKO_StateShift_clean_no_text.png	Fig_Step72C_StrictExpressionLevelKO_StateShift_clean_no_text.png	.png	568640	9681a7fb5abe8699f6c46b25b5a1a630610ca252a73300d610eebb2f8ed5f3a2	zenodo_data_results_bundle/figures/Step72_expression_level_insilico_KO/Fig_Step72C_StrictExpressionLevelKO_StateShift_clean_no_text.png	/mnt/h/vir/ST/results/step8_strokeniche_perturbmap/expression_level_insilico_ko_72d_robustness_freeze
Step72_expression_level_insilico_KO	supplementary_sensitivity_or_surrogate_qc	/mnt/h/vir/ST/results/step8_strokeniche_perturbmap/expression_level_insilico_ko_72d_robustness_freeze/runs/label_region_refined__ko_0p5/Fig_Step72C_StrictExpressionLevelKO_StateShift_clean_no_text.svg	Fig_Step72C_StrictExpressionLevelKO_StateShift_clean_no_text.svg	.svg	33543	f4a4111dbc3b4113fa4275b5462792e1d95bd05b502e48ab3b7f7498d115d512	zenodo_data_results_bundle/figures/Step72_expression_level_insilico_KO/Fig_Step72C_StrictExpressionLevelKO_StateShift_clean_no_text.svg	/mnt/h/vir/ST/results/step8_strokeniche_perturbmap/expression_level_insilico_ko_72d_robustness_freeze
Step72_expression_level_insilico_KO	supplementary_sensitivity_or_surrogate_qc	/mnt/h/vir/ST/results/step8_strokeniche_perturbmap/expression_level_insilico_ko_72d_robustness_freeze/runs/label_state_group__ko_0p0/Fig_Step72C_StrictExpressionLevelKO_StateShift_annotated.pdf	Fig_Step72C_StrictExpressionLevelKO_StateShift_annotated.pdf	.pdf	39353	431b7abc3a0866f398351cd85698dbee668836296e1f032f0998eb337337e753	zenodo_data_results_bundle/figures/Step72_expression_level_insilico_KO/Fig_Step72C_StrictExpressionLevelKO_StateShift_annotated.pdf	/mnt/h/vir/ST/results/step8_strokeniche_perturbmap/expression_level_insilico_ko_72d_robustness_freeze
Step72_expression_level_insilico_KO	supplementary_sensitivity_or_surrogate_qc	/mnt/h/vir/ST/results/step8_strokeniche_perturbmap/expression_level_insilico_ko_72d_robustness_freeze/runs/label_state_group__ko_0p0/Fig_Step72C_StrictExpressionLevelKO_StateShift_annotated.png	Fig_Step72C_StrictExpressionLevelKO_StateShift_annotated.png	.png	1849279	2625ed4a2f1ac309b3e29658d1ba07b83cf4097264e49ecac867ec59025e4839	zenodo_data_results_bundle/figures/Step72_expression_level_insilico_KO/Fig_Step72C_StrictExpressionLevelKO_StateShift_annotated.png	/mnt/h/vir/ST/results/step8_strokeniche_perturbmap/expression_level_insilico_ko_72d_robustness_freeze
Step72_expression_level_insilico_KO	supplementary_sensitivity_or_surrogate_qc	/mnt/h/vir/ST/results/step8_strokeniche_perturbmap/expression_level_insilico_ko_72d_robustness_freeze/runs/label_state_group__ko_0p0/Fig_Step72C_StrictExpressionLevelKO_StateShift_annotated.svg	Fig_Step72C_StrictExpressionLevelKO_StateShift_annotated.svg	.svg	61134	85f78d143b53a551ab3f66a62bfa48e45771ab129a622b909efd5a66cf8958ba	zenodo_data_results_bundle/figures/Step72_expression_level_insilico_KO/Fig_Step72C_StrictExpressionLevelKO_StateShift_annotated.svg	/mnt/h/vir/ST/results/step8_strokeniche_perturbmap/expression_level_insilico_ko_72d_robustness_freeze
Step72_expression_level_insilico_KO	supplementary_sensitivity_or_surrogate_qc	/mnt/h/vir/ST/results/step8_strokeniche_perturbmap/expression_level_insilico_ko_72d_robustness_freeze/runs/label_state_group__ko_0p0/Fig_Step72C_StrictExpressionLevelKO_StateShift_clean_no_text.pdf	Fig_Step72C_StrictExpressionLevelKO_StateShift_clean_no_text.pdf	.pdf	14702	228e564532a7a22a33be438f5325a651e3c8e816ac52aad623492b10cfb6cd5a	zenodo_data_results_bundle/figures/Step72_expression_level_insilico_KO/Fig_Step72C_StrictExpressionLevelKO_StateShift_clean_no_text.pdf	/mnt/h/vir/ST/results/step8_strokeniche_perturbmap/expression_level_insilico_ko_72d_robustness_freeze
Step72_expression_level_insilico_KO	supplementary_sensitivity_or_surrogate_qc	/mnt/h/vir/ST/results/step8_strokeniche_perturbmap/expression_level_insilico_ko_72d_robustness_freeze/runs/label_state_group__ko_0p0/Fig_Step72C_StrictExpressionLevelKO_StateShift_clean_no_text.png	Fig_Step72C_StrictExpressionLevelKO_StateShift_clean_no_text.png	.png	560221	97faeed0e9e3e4ac4b765a4586fe2f63f199c97001155cead27dc4ce17a81468	zenodo_data_results_bundle/figures/Step72_expression_level_insilico_KO/Fig_Step72C_StrictExpressionLevelKO_StateShift_clean_no_text.png	/mnt/h/vir/ST/results/step8_strokeniche_perturbmap/expression_level_insilico_ko_72d_robustness_freeze
Step72_expression_level_insilico_KO	supplementary_sensitivity_or_surrogate_qc	/mnt/h/vir/ST/results/step8_strokeniche_perturbmap/expression_level_insilico_ko_72d_robustness_freeze/runs/label_state_group__ko_0p0/Fig_Step72C_StrictExpressionLevelKO_StateShift_clean_no_text.svg	Fig_Step72C_StrictExpressionLevelKO_StateShift_clean_no_text.svg	.svg	33555	726e58f14dd3075031ddf7c17cd2b1a748d118d27fc5409ae11f17baa6fae306	zenodo_data_results_bundle/figures/Step72_expression_level_insilico_KO/Fig_Step72C_StrictExpressionLevelKO_StateShift_clean_no_text.svg	/mnt/h/vir/ST/results/step8_strokeniche_perturbmap/expression_level_insilico_ko_72d_robustness_freeze
Step72_expression_level_insilico_KO	supplementary_sensitivity_or_surrogate_qc	/mnt/h/vir/ST/results/step8_strokeniche_perturbmap/expression_level_insilico_ko_72d_robustness_freeze/runs/label_state_group__ko_0p2/Fig_Step72C_StrictExpressionLevelKO_StateShift_annotated.pdf	Fig_Step72C_StrictExpressionLevelKO_StateShift_annotated.pdf	.pdf	39642	fa9aaf873af1c295e72f3ff884579a604c14f7e0323295790c7d8f7db2aa71f2	zenodo_data_results_bundle/figures/Step72_expression_level_insilico_KO/Fig_Step72C_StrictExpressionLevelKO_StateShift_annotated.pdf	/mnt/h/vir/ST/results/step8_strokeniche_perturbmap/expression_level_insilico_ko_72d_robustness_freeze
Step72_expression_level_insilico_KO	supplementary_sensitivity_or_surrogate_qc	/mnt/h/vir/ST/results/step8_strokeniche_perturbmap/expression_level_insilico_ko_72d_robustness_freeze/runs/label_state_group__ko_0p2/Fig_Step72C_StrictExpressionLevelKO_StateShift_annotated.png	Fig_Step72C_StrictExpressionLevelKO_StateShift_annotated.png	.png	1844163	34b7f2d1b46ebeeffc13d622fde6ecb72ac527fee96970709d0f62a12a1de269	zenodo_data_results_bundle/figures/Step72_expression_level_insilico_KO/Fig_Step72C_StrictExpressionLevelKO_StateShift_annotated.png	/mnt/h/vir/ST/results/step8_strokeniche_perturbmap/expression_level_insilico_ko_72d_robustness_freeze
Step72_expression_level_insilico_KO	supplementary_sensitivity_or_surrogate_qc	/mnt/h/vir/ST/results/step8_strokeniche_perturbmap/expression_level_insilico_ko_72d_robustness_freeze/runs/label_state_group__ko_0p2/Fig_Step72C_StrictExpressionLevelKO_StateShift_annotated.svg	Fig_Step72C_StrictExpressionLevelKO_StateShift_annotated.svg	.svg	60328	917a3661aa4c47b54a106df808530273c95816d8da7c8512637ce39452d2b4fd	zenodo_data_results_bundle/figures/Step72_expression_level_insilico_KO/Fig_Step72C_StrictExpressionLevelKO_StateShift_annotated.svg	/mnt/h/vir/ST/results/step8_strokeniche_perturbmap/expression_level_insilico_ko_72d_robustness_freeze
Step72_expression_level_insilico_KO	supplementary_sensitivity_or_surrogate_qc	/mnt/h/vir/ST/results/step8_strokeniche_perturbmap/expression_level_insilico_ko_72d_robustness_freeze/runs/label_state_group__ko_0p2/Fig_Step72C_StrictExpressionLevelKO_StateShift_clean_no_text.pdf	Fig_Step72C_StrictExpressionLevelKO_StateShift_clean_no_text.pdf	.pdf	15082	d4d331cfa2e7b6a33c979a20dab1e989d74408f7d1ead45544cf4207946837aa	zenodo_data_results_bundle/figures/Step72_expression_level_insilico_KO/Fig_Step72C_StrictExpressionLevelKO_StateShift_clean_no_text.pdf	/mnt/h/vir/ST/results/step8_strokeniche_perturbmap/expression_level_insilico_ko_72d_robustness_freeze
Step72_expression_level_insilico_KO	supplementary_sensitivity_or_surrogate_qc	/mnt/h/vir/ST/results/step8_strokeniche_perturbmap/expression_level_insilico_ko_72d_robustness_freeze/runs/label_state_group__ko_0p2/Fig_Step72C_StrictExpressionLevelKO_StateShift_clean_no_text.png	Fig_Step72C_StrictExpressionLevelKO_StateShift_clean_no_text.png	.png	566402	fea5db223bc590960d6ba1229d39db5a494587b16bca2a8725f44cc4279efb6c	zenodo_data_results_bundle/figures/Step72_expression_level_insilico_KO/Fig_Step72C_StrictExpressionLevelKO_StateShift_clean_no_text.png	/mnt/h/vir/ST/results/step8_strokeniche_perturbmap/expression_level_insilico_ko_72d_robustness_freeze
Step72_expression_level_insilico_KO	supplementary_sensitivity_or_surrogate_qc	/mnt/h/vir/ST/results/step8_strokeniche_perturbmap/expression_level_insilico_ko_72d_robustness_freeze/runs/label_state_group__ko_0p2/Fig_Step72C_StrictExpressionLevelKO_StateShift_clean_no_text.svg	Fig_Step72C_StrictExpressionLevelKO_StateShift_clean_no_text.svg	.svg	33548	f68e371ffde19d8c967617137a5ee34f801cc4e0a6025406a268671fb8965a4b	zenodo_data_results_bundle/figures/Step72_expression_level_insilico_KO/Fig_Step72C_StrictExpressionLevelKO_StateShift_clean_no_text.svg	/mnt/h/vir/ST/results/step8_strokeniche_perturbmap/expression_level_insilico_ko_72d_robustness_freeze
Step72_expression_level_insilico_KO	supplementary_sensitivity_or_surrogate_qc	/mnt/h/vir/ST/results/step8_strokeniche_perturbmap/expression_level_insilico_ko_72d_robustness_freeze/runs/label_state_group__ko_0p5/Fig_Step72C_StrictExpressionLevelKO_StateShift_annotated.pdf	Fig_Step72C_StrictExpressionLevelKO_StateShift_annotated.pdf	.pdf	39674	5720011eefb8c875eae2f2106d0029d5d1195c2a67b932cda651832859ee1e17	zenodo_data_results_bundle/figures/Step72_expression_level_insilico_KO/Fig_Step72C_StrictExpressionLevelKO_StateShift_annotated.pdf	/mnt/h/vir/ST/results/step8_strokeniche_perturbmap/expression_level_insilico_ko_72d_robustness_freeze
Step72_expression_level_insilico_KO	supplementary_sensitivity_or_surrogate_qc	/mnt/h/vir/ST/results/step8_strokeniche_perturbmap/expression_level_insilico_ko_72d_robustness_freeze/runs/label_state_group__ko_0p5/Fig_Step72C_StrictExpressionLevelKO_StateShift_annotated.png	Fig_Step72C_StrictExpressionLevelKO_StateShift_annotated.png	.png	1847767	2060873c48ed5f5bc4ed64f63db45647f312da6f85fc0829224acc25e043b43d	zenodo_data_results_bundle/figures/Step72_expression_level_insilico_KO/Fig_Step72C_StrictExpressionLevelKO_StateShift_annotated.png	/mnt/h/vir/ST/results/step8_strokeniche_perturbmap/expression_level_insilico_ko_72d_robustness_freeze
Step72_expression_level_insilico_KO	supplementary_sensitivity_or_surrogate_qc	/mnt/h/vir/ST/results/step8_strokeniche_perturbmap/expression_level_insilico_ko_72d_robustness_freeze/runs/label_state_group__ko_0p5/Fig_Step72C_StrictExpressionLevelKO_StateShift_annotated.svg	Fig_Step72C_StrictExpressionLevelKO_StateShift_annotated.svg	.svg	60319	092c323821cb9a6731c740a606d8c85a0ab55e9e1d7a545b050a2dc7f0ffaed3	zenodo_data_results_bundle/figures/Step72_expression_level_insilico_KO/Fig_Step72C_StrictExpressionLevelKO_StateShift_annotated.svg	/mnt/h/vir/ST/results/step8_strokeniche_perturbmap/expression_level_insilico_ko_72d_robustness_freeze
Step72_expression_level_insilico_KO	supplementary_sensitivity_or_surrogate_qc	/mnt/h/vir/ST/results/step8_strokeniche_perturbmap/expression_level_insilico_ko_72d_robustness_freeze/runs/label_state_group__ko_0p5/Fig_Step72C_StrictExpressionLevelKO_StateShift_clean_no_text.pdf	Fig_Step72C_StrictExpressionLevelKO_StateShift_clean_no_text.pdf	.pdf	15146	e5c12f66e5f042da441e6e5079d6a7c390ab9619b72dd5317b2da55fd9729941	zenodo_data_results_bundle/figures/Step72_expression_level_insilico_KO/Fig_Step72C_StrictExpressionLevelKO_StateShift_clean_no_text.pdf	/mnt/h/vir/ST/results/step8_strokeniche_perturbmap/expression_level_insilico_ko_72d_robustness_freeze
Step72_expression_level_insilico_KO	supplementary_sensitivity_or_surrogate_qc	/mnt/h/vir/ST/results/step8_strokeniche_perturbmap/expression_level_insilico_ko_72d_robustness_freeze/runs/label_state_group__ko_0p5/Fig_Step72C_StrictExpressionLevelKO_StateShift_clean_no_text.png	Fig_Step72C_StrictExpressionLevelKO_StateShift_clean_no_text.png	.png	569098	754f94777863d4329f15f2abf54bc87992401d86534e1f70ff790220c2e18765	zenodo_data_results_bundle/figures/Step72_expression_level_insilico_KO/Fig_Step72C_StrictExpressionLevelKO_StateShift_clean_no_text.png	/mnt/h/vir/ST/results/step8_strokeniche_perturbmap/expression_level_insilico_ko_72d_robustness_freeze
Step72_expression_level_insilico_KO	supplementary_sensitivity_or_surrogate_qc	/mnt/h/vir/ST/results/step8_strokeniche_perturbmap/expression_level_insilico_ko_72d_robustness_freeze/runs/label_state_group__ko_0p5/Fig_Step72C_StrictExpressionLevelKO_StateShift_clean_no_text.svg	Fig_Step72C_StrictExpressionLevelKO_StateShift_clean_no_text.svg	.svg	33533	76b7818bec2cf0b61ea695f22ea3be5f42d92a1ffea5ad3a3a76af4911d8235b	zenodo_data_results_bundle/figures/Step72_expression_level_insilico_KO/Fig_Step72C_StrictExpressionLevelKO_StateShift_clean_no_text.svg	/mnt/h/vir/ST/results/step8_strokeniche_perturbmap/expression_level_insilico_ko_72d_robustness_freeze
Step73_track_dynamic_marker_heatmap	extended_module_or_track_evidence	/mnt/h/vir/ST/results/step8_strokeniche_perturbmap/track_dynamic_marker_heatmap_73/Fig_Step73_TrackSpecificDynamicMarkerHeatmap_annotated.pdf	Fig_Step73_TrackSpecificDynamicMarkerHeatmap_annotated.pdf	.pdf	46271	bfbf773caf4455d192fdc5873d02f7b0df7d61f562a2814e1538a32f1f0d1c7a	zenodo_data_results_bundle/figures/Step73_track_dynamic_marker_heatmap/Fig_Step73_TrackSpecificDynamicMarkerHeatmap_annotated.pdf	/mnt/h/vir/ST/results/step8_strokeniche_perturbmap/track_dynamic_marker_heatmap_73
Step73_track_dynamic_marker_heatmap	extended_module_or_track_evidence	/mnt/h/vir/ST/results/step8_strokeniche_perturbmap/track_dynamic_marker_heatmap_73/Fig_Step73_TrackSpecificDynamicMarkerHeatmap_annotated.png	Fig_Step73_TrackSpecificDynamicMarkerHeatmap_annotated.png	.png	2653137	1f8be8daabc1a769937b73e6e6ecdc0fa6470fa1b2cbbcccda27b559f1985a55	zenodo_data_results_bundle/figures/Step73_track_dynamic_marker_heatmap/Fig_Step73_TrackSpecificDynamicMarkerHeatmap_annotated.png	/mnt/h/vir/ST/results/step8_strokeniche_perturbmap/track_dynamic_marker_heatmap_73
Step73_track_dynamic_marker_heatmap	extended_module_or_track_evidence	/mnt/h/vir/ST/results/step8_strokeniche_perturbmap/track_dynamic_marker_heatmap_73/Fig_Step73_TrackSpecificDynamicMarkerHeatmap_annotated.svg	Fig_Step73_TrackSpecificDynamicMarkerHeatmap_annotated.svg	.svg	92116	8e8d746ef92b49cf5de845ec4c7402e6b2f8ca5edc1877a01fee4931bff45f59	zenodo_data_results_bundle/figures/Step73_track_dynamic_marker_heatmap/Fig_Step73_TrackSpecificDynamicMarkerHeatmap_annotated.svg	/mnt/h/vir/ST/results/step8_strokeniche_perturbmap/track_dynamic_marker_heatmap_73
Step73_track_dynamic_marker_heatmap	extended_module_or_track_evidence	/mnt/h/vir/ST/results/step8_strokeniche_perturbmap/track_dynamic_marker_heatmap_73/Fig_Step73_TrackSpecificDynamicMarkerHeatmap_clean_no_text.pdf	Fig_Step73_TrackSpecificDynamicMarkerHeatmap_clean_no_text.pdf	.pdf	13454	a8128af214c276a53d949107c7982e93b94cf86e3860221aea78c879a9c7760c	zenodo_data_results_bundle/figures/Step73_track_dynamic_marker_heatmap/Fig_Step73_TrackSpecificDynamicMarkerHeatmap_clean_no_text.pdf	/mnt/h/vir/ST/results/step8_strokeniche_perturbmap/track_dynamic_marker_heatmap_73
Step73_track_dynamic_marker_heatmap	extended_module_or_track_evidence	/mnt/h/vir/ST/results/step8_strokeniche_perturbmap/track_dynamic_marker_heatmap_73/Fig_Step73_TrackSpecificDynamicMarkerHeatmap_clean_no_text.png	Fig_Step73_TrackSpecificDynamicMarkerHeatmap_clean_no_text.png	.png	221582	918751c333f3573bc3081ccb650747dcdd9b8ae9e715af4c16c58d503740b9a7	zenodo_data_results_bundle/figures/Step73_track_dynamic_marker_heatmap/Fig_Step73_TrackSpecificDynamicMarkerHeatmap_clean_no_text.png	/mnt/h/vir/ST/results/step8_strokeniche_perturbmap/track_dynamic_marker_heatmap_73
Step73_track_dynamic_marker_heatmap	extended_module_or_track_evidence	/mnt/h/vir/ST/results/step8_strokeniche_perturbmap/track_dynamic_marker_heatmap_73/Fig_Step73_TrackSpecificDynamicMarkerHeatmap_clean_no_text.svg	Fig_Step73_TrackSpecificDynamicMarkerHeatmap_clean_no_text.svg	.svg	15907	2410d8866e70925f67286d47248c338bc45051038e3f5accdcfbf9bff0742afe	zenodo_data_results_bundle/figures/Step73_track_dynamic_marker_heatmap/Fig_Step73_TrackSpecificDynamicMarkerHeatmap_clean_no_text.svg	/mnt/h/vir/ST/results/step8_strokeniche_perturbmap/track_dynamic_marker_heatmap_73
Step73_track_dynamic_marker_heatmap	extended_module_or_track_evidence	/mnt/h/vir/ST/results/step8_strokeniche_perturbmap/track_dynamic_marker_heatmap_73b_compact_manuscript_ready/Fig_Step73B_CompactTrackDynamicMarkerHeatmap_annotated.pdf	Fig_Step73B_CompactTrackDynamicMarkerHeatmap_annotated.pdf	.pdf	38459	f4ca8a98841943291636e74a830e637cb7fedb844cde0bd950e5bd4c1fd6659d	zenodo_data_results_bundle/figures/Step73_track_dynamic_marker_heatmap/Fig_Step73B_CompactTrackDynamicMarkerHeatmap_annotated.pdf	/mnt/h/vir/ST/results/step8_strokeniche_perturbmap/track_dynamic_marker_heatmap_73b_compact_manuscript_ready
Step73_track_dynamic_marker_heatmap	extended_module_or_track_evidence	/mnt/h/vir/ST/results/step8_strokeniche_perturbmap/track_dynamic_marker_heatmap_73b_compact_manuscript_ready/Fig_Step73B_CompactTrackDynamicMarkerHeatmap_annotated.png	Fig_Step73B_CompactTrackDynamicMarkerHeatmap_annotated.png	.png	1650301	b31d707dd61eb61323240209ab7a6524c2da4f01922087ed6d09d4c65117a7ee	zenodo_data_results_bundle/figures/Step73_track_dynamic_marker_heatmap/Fig_Step73B_CompactTrackDynamicMarkerHeatmap_annotated.png	/mnt/h/vir/ST/results/step8_strokeniche_perturbmap/track_dynamic_marker_heatmap_73b_compact_manuscript_ready
Step73_track_dynamic_marker_heatmap	extended_module_or_track_evidence	/mnt/h/vir/ST/results/step8_strokeniche_perturbmap/track_dynamic_marker_heatmap_73b_compact_manuscript_ready/Fig_Step73B_CompactTrackDynamicMarkerHeatmap_annotated.svg	Fig_Step73B_CompactTrackDynamicMarkerHeatmap_annotated.svg	.svg	64283	65922c95a61b9cb57beaba9b5cfd7072dccaf01565e8eb58c41215436c51b68b	zenodo_data_results_bundle/figures/Step73_track_dynamic_marker_heatmap/Fig_Step73B_CompactTrackDynamicMarkerHeatmap_annotated.svg	/mnt/h/vir/ST/results/step8_strokeniche_perturbmap/track_dynamic_marker_heatmap_73b_compact_manuscript_ready
Step73_track_dynamic_marker_heatmap	extended_module_or_track_evidence	/mnt/h/vir/ST/results/step8_strokeniche_perturbmap/track_dynamic_marker_heatmap_73b_compact_manuscript_ready/Fig_Step73B_CompactTrackDynamicMarkerHeatmap_clean_no_text.pdf	Fig_Step73B_CompactTrackDynamicMarkerHeatmap_clean_no_text.pdf	.pdf	6593	fa16d87c1206e47623dc60f4e077e7d9020738924678167cd09fa36a22429a61	zenodo_data_results_bundle/figures/Step73_track_dynamic_marker_heatmap/Fig_Step73B_CompactTrackDynamicMarkerHeatmap_clean_no_text.pdf	/mnt/h/vir/ST/results/step8_strokeniche_perturbmap/track_dynamic_marker_heatmap_73b_compact_manuscript_ready
Step73_track_dynamic_marker_heatmap	extended_module_or_track_evidence	/mnt/h/vir/ST/results/step8_strokeniche_perturbmap/track_dynamic_marker_heatmap_73b_compact_manuscript_ready/Fig_Step73B_CompactTrackDynamicMarkerHeatmap_clean_no_text.png	Fig_Step73B_CompactTrackDynamicMarkerHeatmap_clean_no_text.png	.png	99619	0564b69b3fdcfec97cb422ecd668b8f1b94cf2f8d9e7843668545063b21a4ece	zenodo_data_results_bundle/figures/Step73_track_dynamic_marker_heatmap/Fig_Step73B_CompactTrackDynamicMarkerHeatmap_clean_no_text.png	/mnt/h/vir/ST/results/step8_strokeniche_perturbmap/track_dynamic_marker_heatmap_73b_compact_manuscript_ready
Step73_track_dynamic_marker_heatmap	extended_module_or_track_evidence	/mnt/h/vir/ST/results/step8_strokeniche_perturbmap/track_dynamic_marker_heatmap_73b_compact_manuscript_ready/Fig_Step73B_CompactTrackDynamicMarkerHeatmap_clean_no_text.svg	Fig_Step73B_CompactTrackDynamicMarkerHeatmap_clean_no_text.svg	.svg	8179	5c0cdd3f5bd56577585f08dc81071530c3419bb233c01e4f71f2788105547a53	zenodo_data_results_bundle/figures/Step73_track_dynamic_marker_heatmap/Fig_Step73B_CompactTrackDynamicMarkerHeatmap_clean_no_text.svg	/mnt/h/vir/ST/results/step8_strokeniche_perturbmap/track_dynamic_marker_heatmap_73b_compact_manuscript_ready
Step73_track_dynamic_marker_heatmap	extended_module_or_track_evidence	/mnt/h/vir/ST/results/step8_strokeniche_perturbmap/track_dynamic_marker_heatmap_73c_ultraclean_maintext/Fig_Step73C_UltraCleanTrackDynamicMarkerHeatmap_annotated - 副本.png	Fig_Step73C_UltraCleanTrackDynamicMarkerHeatmap_annotated - 副本.png	.png	1034767	5e38149fae10693768a330d5b714dbe836027d56dcdfb482f0afdcd3870261bb	zenodo_data_results_bundle/figures/Step73_track_dynamic_marker_heatmap/Fig_Step73C_UltraCleanTrackDynamicMarkerHeatmap_annotated - 副本.png	/mnt/h/vir/ST/results/step8_strokeniche_perturbmap/track_dynamic_marker_heatmap_73c_ultraclean_maintext
Step73_track_dynamic_marker_heatmap	extended_module_or_track_evidence	/mnt/h/vir/ST/results/step8_strokeniche_perturbmap/track_dynamic_marker_heatmap_73c_ultraclean_maintext/Fig_Step73C_UltraCleanTrackDynamicMarkerHeatmap_annotated.pdf	Fig_Step73C_UltraCleanTrackDynamicMarkerHeatmap_annotated.pdf	.pdf	34569	a36d8ed7d0a035ed8d43f6d32736229cb7c2fedda6db451a8321558163756077	zenodo_data_results_bundle/figures/Step73_track_dynamic_marker_heatmap/Fig_Step73C_UltraCleanTrackDynamicMarkerHeatmap_annotated.pdf	/mnt/h/vir/ST/results/step8_strokeniche_perturbmap/track_dynamic_marker_heatmap_73c_ultraclean_maintext
Step73_track_dynamic_marker_heatmap	extended_module_or_track_evidence	/mnt/h/vir/ST/results/step8_strokeniche_perturbmap/track_dynamic_marker_heatmap_73c_ultraclean_maintext/Fig_Step73C_UltraCleanTrackDynamicMarkerHeatmap_annotated.png	Fig_Step73C_UltraCleanTrackDynamicMarkerHeatmap_annotated.png	.png	1034767	5e38149fae10693768a330d5b714dbe836027d56dcdfb482f0afdcd3870261bb	zenodo_data_results_bundle/figures/Step73_track_dynamic_marker_heatmap/Fig_Step73C_UltraCleanTrackDynamicMarkerHeatmap_annotated.png	/mnt/h/vir/ST/results/step8_strokeniche_perturbmap/track_dynamic_marker_heatmap_73c_ultraclean_maintext
Step73_track_dynamic_marker_heatmap	extended_module_or_track_evidence	/mnt/h/vir/ST/results/step8_strokeniche_perturbmap/track_dynamic_marker_heatmap_73c_ultraclean_maintext/Fig_Step73C_UltraCleanTrackDynamicMarkerHeatmap_annotated.svg	Fig_Step73C_UltraCleanTrackDynamicMarkerHeatmap_annotated.svg	.svg	45774	888f993d12b99701710b270fa724436ef25058df6aa1257c15af73f6be4b8d74	zenodo_data_results_bundle/figures/Step73_track_dynamic_marker_heatmap/Fig_Step73C_UltraCleanTrackDynamicMarkerHeatmap_annotated.svg	/mnt/h/vir/ST/results/step8_strokeniche_perturbmap/track_dynamic_marker_heatmap_73c_ultraclean_maintext
Step73_track_dynamic_marker_heatmap	extended_module_or_track_evidence	/mnt/h/vir/ST/results/step8_strokeniche_perturbmap/track_dynamic_marker_heatmap_73c_ultraclean_maintext/Fig_Step73C_UltraCleanTrackDynamicMarkerHeatmap_clean_no_text.pdf	Fig_Step73C_UltraCleanTrackDynamicMarkerHeatmap_clean_no_text.pdf	.pdf	4479	a961c4ceb63991f1500804868fdb4d39365535a02cf97063705b332a70d6aed0	zenodo_data_results_bundle/figures/Step73_track_dynamic_marker_heatmap/Fig_Step73C_UltraCleanTrackDynamicMarkerHeatmap_clean_no_text.pdf	/mnt/h/vir/ST/results/step8_strokeniche_perturbmap/track_dynamic_marker_heatmap_73c_ultraclean_maintext
Step73_track_dynamic_marker_heatmap	extended_module_or_track_evidence	/mnt/h/vir/ST/results/step8_strokeniche_perturbmap/track_dynamic_marker_heatmap_73c_ultraclean_maintext/Fig_Step73C_UltraCleanTrackDynamicMarkerHeatmap_clean_no_text.png	Fig_Step73C_UltraCleanTrackDynamicMarkerHeatmap_clean_no_text.png	.png	56259	bbbfed66305796a1604fa999b7840255938c060ee9045dc163d2d0ba7b8603a6	zenodo_data_results_bundle/figures/Step73_track_dynamic_marker_heatmap/Fig_Step73C_UltraCleanTrackDynamicMarkerHeatmap_clean_no_text.png	/mnt/h/vir/ST/results/step8_strokeniche_perturbmap/track_dynamic_marker_heatmap_73c_ultraclean_maintext
Step73_track_dynamic_marker_heatmap	extended_module_or_track_evidence	/mnt/h/vir/ST/results/step8_strokeniche_perturbmap/track_dynamic_marker_heatmap_73c_ultraclean_maintext/Fig_Step73C_UltraCleanTrackDynamicMarkerHeatmap_clean_no_text.svg	Fig_Step73C_UltraCleanTrackDynamicMarkerHeatmap_clean_no_text.svg	.svg	5760	c3dcf1c49f0db60aee7136e05b7c131a459b27c03720d8266938ab8b000f173c	zenodo_data_results_bundle/figures/Step73_track_dynamic_marker_heatmap/Fig_Step73C_UltraCleanTrackDynamicMarkerHeatmap_clean_no_text.svg	/mnt/h/vir/ST/results/step8_strokeniche_perturbmap/track_dynamic_marker_heatmap_73c_ultraclean_maintext
Step73_track_dynamic_marker_heatmap	extended_module_or_track_evidence	/mnt/h/vir/ST/results/step8_strokeniche_perturbmap/track_dynamic_marker_heatmap_73c_ultraclean_maintext_v2/Fig_Step73C_UltraCleanTrackDynamicMarkerHeatmap_annotated.pdf	Fig_Step73C_UltraCleanTrackDynamicMarkerHeatmap_annotated.pdf	.pdf	32632	d6f51ad28bdd2fa75a360d47b0049767b434a7d4681eae5f5d37e613c2a06623	zenodo_data_results_bundle/figures/Step73_track_dynamic_marker_heatmap/Fig_Step73C_UltraCleanTrackDynamicMarkerHeatmap_annotated.pdf	/mnt/h/vir/ST/results/step8_strokeniche_perturbmap/track_dynamic_marker_heatmap_73c_ultraclean_maintext_v2
Step73_track_dynamic_marker_heatmap	extended_module_or_track_evidence	/mnt/h/vir/ST/results/step8_strokeniche_perturbmap/track_dynamic_marker_heatmap_73c_ultraclean_maintext_v2/Fig_Step73C_UltraCleanTrackDynamicMarkerHeatmap_annotated.png	Fig_Step73C_UltraCleanTrackDynamicMarkerHeatmap_annotated.png	.png	897842	df40bfcbcbbc922a84f3f777958ef8ae75982a6a85c3aac5d4d7039baf5072ad	zenodo_data_results_bundle/figures/Step73_track_dynamic_marker_heatmap/Fig_Step73C_UltraCleanTrackDynamicMarkerHeatmap_annotated.png	/mnt/h/vir/ST/results/step8_strokeniche_perturbmap/track_dynamic_marker_heatmap_73c_ultraclean_maintext_v2
Step73_track_dynamic_marker_heatmap	extended_module_or_track_evidence	/mnt/h/vir/ST/results/step8_strokeniche_perturbmap/track_dynamic_marker_heatmap_73c_ultraclean_maintext_v2/Fig_Step73C_UltraCleanTrackDynamicMarkerHeatmap_annotated.svg	Fig_Step73C_UltraCleanTrackDynamicMarkerHeatmap_annotated.svg	.svg	39641	5d411054d40802bdace7842085a21220bbe9f0f4d9cad468a2e23f4687c5b81d	zenodo_data_results_bundle/figures/Step73_track_dynamic_marker_heatmap/Fig_Step73C_UltraCleanTrackDynamicMarkerHeatmap_annotated.svg	/mnt/h/vir/ST/results/step8_strokeniche_perturbmap/track_dynamic_marker_heatmap_73c_ultraclean_maintext_v2
Step73_track_dynamic_marker_heatmap	extended_module_or_track_evidence	/mnt/h/vir/ST/results/step8_strokeniche_perturbmap/track_dynamic_marker_heatmap_73c_ultraclean_maintext_v2/Fig_Step73C_UltraCleanTrackDynamicMarkerHeatmap_clean_no_text.pdf	Fig_Step73C_UltraCleanTrackDynamicMarkerHeatmap_clean_no_text.pdf	.pdf	3568	0d8c4cdb9163eb436fc2811a308c1350c0a2654955b87b9edd1e15d169177a63	zenodo_data_results_bundle/figures/Step73_track_dynamic_marker_heatmap/Fig_Step73C_UltraCleanTrackDynamicMarkerHeatmap_clean_no_text.pdf	/mnt/h/vir/ST/results/step8_strokeniche_perturbmap/track_dynamic_marker_heatmap_73c_ultraclean_maintext_v2
Step73_track_dynamic_marker_heatmap	extended_module_or_track_evidence	/mnt/h/vir/ST/results/step8_strokeniche_perturbmap/track_dynamic_marker_heatmap_73c_ultraclean_maintext_v2/Fig_Step73C_UltraCleanTrackDynamicMarkerHeatmap_clean_no_text.png	Fig_Step73C_UltraCleanTrackDynamicMarkerHeatmap_clean_no_text.png	.png	42087	dfa3478a8532870f40a3d01b3201f5d2672824ed421e49021631e8f91827a554	zenodo_data_results_bundle/figures/Step73_track_dynamic_marker_heatmap/Fig_Step73C_UltraCleanTrackDynamicMarkerHeatmap_clean_no_text.png	/mnt/h/vir/ST/results/step8_strokeniche_perturbmap/track_dynamic_marker_heatmap_73c_ultraclean_maintext_v2
Step73_track_dynamic_marker_heatmap	extended_module_or_track_evidence	/mnt/h/vir/ST/results/step8_strokeniche_perturbmap/track_dynamic_marker_heatmap_73c_ultraclean_maintext_v2/Fig_Step73C_UltraCleanTrackDynamicMarkerHeatmap_clean_no_text.svg	Fig_Step73C_UltraCleanTrackDynamicMarkerHeatmap_clean_no_text.svg	.svg	4797	f4f008c83c26743c352d7f10b77f8f3c0a6c811eb76e7789f42bd336ee1a8c6a	zenodo_data_results_bundle/figures/Step73_track_dynamic_marker_heatmap/Fig_Step73C_UltraCleanTrackDynamicMarkerHeatmap_clean_no_text.svg	/mnt/h/vir/ST/results/step8_strokeniche_perturbmap/track_dynamic_marker_heatmap_73c_ultraclean_maintext_v2
Step73_track_dynamic_marker_heatmap	extended_module_or_track_evidence	/mnt/h/vir/ST/results/step8_strokeniche_perturbmap/track_dynamic_marker_heatmap_73d_labelclean_final/Fig_Step73D_LabelCleanedFinalTrackDynamicMarkerHeatmap_annotated.pdf	Fig_Step73D_LabelCleanedFinalTrackDynamicMarkerHeatmap_annotated.pdf	.pdf	31700	ad18eb28d37b6f8283ce4b8bb58da7edc8c68d667df8a595370870d6698a4614	zenodo_data_results_bundle/figures/Step73_track_dynamic_marker_heatmap/Fig_Step73D_LabelCleanedFinalTrackDynamicMarkerHeatmap_annotated.pdf	/mnt/h/vir/ST/results/step8_strokeniche_perturbmap/track_dynamic_marker_heatmap_73d_labelclean_final
Step73_track_dynamic_marker_heatmap	extended_module_or_track_evidence	/mnt/h/vir/ST/results/step8_strokeniche_perturbmap/track_dynamic_marker_heatmap_73d_labelclean_final/Fig_Step73D_LabelCleanedFinalTrackDynamicMarkerHeatmap_annotated.png	Fig_Step73D_LabelCleanedFinalTrackDynamicMarkerHeatmap_annotated.png	.png	717178	1c50bbf6a381d3c27cc6df562ad33b0b6b8ac543b9a298f193ba07feb221e562	zenodo_data_results_bundle/figures/Step73_track_dynamic_marker_heatmap/Fig_Step73D_LabelCleanedFinalTrackDynamicMarkerHeatmap_annotated.png	/mnt/h/vir/ST/results/step8_strokeniche_perturbmap/track_dynamic_marker_heatmap_73d_labelclean_final
Step73_track_dynamic_marker_heatmap	extended_module_or_track_evidence	/mnt/h/vir/ST/results/step8_strokeniche_perturbmap/track_dynamic_marker_heatmap_73d_labelclean_final/Fig_Step73D_LabelCleanedFinalTrackDynamicMarkerHeatmap_annotated.svg	Fig_Step73D_LabelCleanedFinalTrackDynamicMarkerHeatmap_annotated.svg	.svg	37886	1073485cf4385497042fd6e38272fd3eed42267f6452d36b95f0dc9bc151e985	zenodo_data_results_bundle/figures/Step73_track_dynamic_marker_heatmap/Fig_Step73D_LabelCleanedFinalTrackDynamicMarkerHeatmap_annotated.svg	/mnt/h/vir/ST/results/step8_strokeniche_perturbmap/track_dynamic_marker_heatmap_73d_labelclean_final
Step73_track_dynamic_marker_heatmap	extended_module_or_track_evidence	/mnt/h/vir/ST/results/step8_strokeniche_perturbmap/track_dynamic_marker_heatmap_73d_labelclean_final/Fig_Step73D_LabelCleanedFinalTrackDynamicMarkerHeatmap_clean_no_text.pdf	Fig_Step73D_LabelCleanedFinalTrackDynamicMarkerHeatmap_clean_no_text.pdf	.pdf	3631	29834f2d4e3e1285900a704ab1cfb8711b6addd38e77e8619dbf1eb5573bd170	zenodo_data_results_bundle/figures/Step73_track_dynamic_marker_heatmap/Fig_Step73D_LabelCleanedFinalTrackDynamicMarkerHeatmap_clean_no_text.pdf	/mnt/h/vir/ST/results/step8_strokeniche_perturbmap/track_dynamic_marker_heatmap_73d_labelclean_final
Step73_track_dynamic_marker_heatmap	extended_module_or_track_evidence	/mnt/h/vir/ST/results/step8_strokeniche_perturbmap/track_dynamic_marker_heatmap_73d_labelclean_final/Fig_Step73D_LabelCleanedFinalTrackDynamicMarkerHeatmap_clean_no_text.png	Fig_Step73D_LabelCleanedFinalTrackDynamicMarkerHeatmap_clean_no_text.png	.png	41024	af95d49602277f0187f38c43d21efc4f3c542ebd473cd15df27635cf192a7cd9	zenodo_data_results_bundle/figures/Step73_track_dynamic_marker_heatmap/Fig_Step73D_LabelCleanedFinalTrackDynamicMarkerHeatmap_clean_no_text.png	/mnt/h/vir/ST/results/step8_strokeniche_perturbmap/track_dynamic_marker_heatmap_73d_labelclean_final
Step73_track_dynamic_marker_heatmap	extended_module_or_track_evidence	/mnt/h/vir/ST/results/step8_strokeniche_perturbmap/track_dynamic_marker_heatmap_73d_labelclean_final/Fig_Step73D_LabelCleanedFinalTrackDynamicMarkerHeatmap_clean_no_text.svg	Fig_Step73D_LabelCleanedFinalTrackDynamicMarkerHeatmap_clean_no_text.svg	.svg	4621	e774063f63a31f402e68ce6d702d2c7587b0069aa5bc39ef9613d99c41aca94f	zenodo_data_results_bundle/figures/Step73_track_dynamic_marker_heatmap/Fig_Step73D_LabelCleanedFinalTrackDynamicMarkerHeatmap_clean_no_text.svg	/mnt/h/vir/ST/results/step8_strokeniche_perturbmap/track_dynamic_marker_heatmap_73d_labelclean_final
Step73_track_dynamic_marker_heatmap	extended_module_or_track_evidence	/mnt/h/vir/ST/results/step8_strokeniche_perturbmap/track_dynamic_marker_heatmap_73e_final_polished/Fig_Step73E_FinalPolishedTrackDynamicMarkerHeatmap_annotated.pdf	Fig_Step73E_FinalPolishedTrackDynamicMarkerHeatmap_annotated.pdf	.pdf	32912	78814abd07db6c32a05b6c79477eb74b32a82a32836ab3e83c27c2236615b3a5	zenodo_data_results_bundle/figures/Step73_track_dynamic_marker_heatmap/Fig_Step73E_FinalPolishedTrackDynamicMarkerHeatmap_annotated.pdf	/mnt/h/vir/ST/results/step8_strokeniche_perturbmap/track_dynamic_marker_heatmap_73e_final_polished
Step73_track_dynamic_marker_heatmap	extended_module_or_track_evidence	/mnt/h/vir/ST/results/step8_strokeniche_perturbmap/track_dynamic_marker_heatmap_73e_final_polished/Fig_Step73E_FinalPolishedTrackDynamicMarkerHeatmap_annotated.png	Fig_Step73E_FinalPolishedTrackDynamicMarkerHeatmap_annotated.png	.png	764742	5924a510faa3ce31c3beede09d808643c0c55e647de3809db3e52f811b635c8e	zenodo_data_results_bundle/figures/Step73_track_dynamic_marker_heatmap/Fig_Step73E_FinalPolishedTrackDynamicMarkerHeatmap_annotated.png	/mnt/h/vir/ST/results/step8_strokeniche_perturbmap/track_dynamic_marker_heatmap_73e_final_polished
Step73_track_dynamic_marker_heatmap	extended_module_or_track_evidence	/mnt/h/vir/ST/results/step8_strokeniche_perturbmap/track_dynamic_marker_heatmap_73e_final_polished/Fig_Step73E_FinalPolishedTrackDynamicMarkerHeatmap_annotated.svg	Fig_Step73E_FinalPolishedTrackDynamicMarkerHeatmap_annotated.svg	.svg	38439	b963a799a52e81e97f47e4e1ede6c1fed0ee427d4219d74707190f9c9438f963	zenodo_data_results_bundle/figures/Step73_track_dynamic_marker_heatmap/Fig_Step73E_FinalPolishedTrackDynamicMarkerHeatmap_annotated.svg	/mnt/h/vir/ST/results/step8_strokeniche_perturbmap/track_dynamic_marker_heatmap_73e_final_polished
Step73_track_dynamic_marker_heatmap	extended_module_or_track_evidence	/mnt/h/vir/ST/results/step8_strokeniche_perturbmap/track_dynamic_marker_heatmap_73e_final_polished/Fig_Step73E_FinalPolishedTrackDynamicMarkerHeatmap_clean_no_text.pdf	Fig_Step73E_FinalPolishedTrackDynamicMarkerHeatmap_clean_no_text.pdf	.pdf	3575	b2feb4119bfa82ada487f9b44cda180e5c1ebbd07cbd5401326c1340f6f5a64e	zenodo_data_results_bundle/figures/Step73_track_dynamic_marker_heatmap/Fig_Step73E_FinalPolishedTrackDynamicMarkerHeatmap_clean_no_text.pdf	/mnt/h/vir/ST/results/step8_strokeniche_perturbmap/track_dynamic_marker_heatmap_73e_final_polished
Step73_track_dynamic_marker_heatmap	extended_module_or_track_evidence	/mnt/h/vir/ST/results/step8_strokeniche_perturbmap/track_dynamic_marker_heatmap_73e_final_polished/Fig_Step73E_FinalPolishedTrackDynamicMarkerHeatmap_clean_no_text.png	Fig_Step73E_FinalPolishedTrackDynamicMarkerHeatmap_clean_no_text.png	.png	39542	1f299dfcd2dfdec99d77e79318032aaad3a649a7fabe9f4bcf69142f41aafbd3	zenodo_data_results_bundle/figures/Step73_track_dynamic_marker_heatmap/Fig_Step73E_FinalPolishedTrackDynamicMarkerHeatmap_clean_no_text.png	/mnt/h/vir/ST/results/step8_strokeniche_perturbmap/track_dynamic_marker_heatmap_73e_final_polished
Step73_track_dynamic_marker_heatmap	extended_module_or_track_evidence	/mnt/h/vir/ST/results/step8_strokeniche_perturbmap/track_dynamic_marker_heatmap_73e_final_polished/Fig_Step73E_FinalPolishedTrackDynamicMarkerHeatmap_clean_no_text.svg	Fig_Step73E_FinalPolishedTrackDynamicMarkerHeatmap_clean_no_text.svg	.svg	4631	8c932fc9b3d9ecc8efe123a3d91df2e6b51ff3c1350903031ad3a5d55dafb8fd	zenodo_data_results_bundle/figures/Step73_track_dynamic_marker_heatmap/Fig_Step73E_FinalPolishedTrackDynamicMarkerHeatmap_clean_no_text.svg	/mnt/h/vir/ST/results/step8_strokeniche_perturbmap/track_dynamic_marker_heatmap_73e_final_polished
Step74_wgcna_style_module_evidence	extended_module_or_track_evidence	/mnt/h/vir/ST/results/step8_strokeniche_perturbmap/wgcna_style_module_evidence_74/Fig_Step74_WGCNAStyleModuleEvidence_annotated.pdf	Fig_Step74_WGCNAStyleModuleEvidence_annotated.pdf	.pdf	314137	445c03b67d5a9b946678b6242ed44aa5a8350e58c57d203466e900bc6172d91c	zenodo_data_results_bundle/figures/Step74_wgcna_style_module_evidence/Fig_Step74_WGCNAStyleModuleEvidence_annotated.pdf	/mnt/h/vir/ST/results/step8_strokeniche_perturbmap/wgcna_style_module_evidence_74
Step74_wgcna_style_module_evidence	extended_module_or_track_evidence	/mnt/h/vir/ST/results/step8_strokeniche_perturbmap/wgcna_style_module_evidence_74/Fig_Step74_WGCNAStyleModuleEvidence_annotated.png	Fig_Step74_WGCNAStyleModuleEvidence_annotated.png	.png	5297608	3523d274b167da3fa5c64f02625099ea50f172093f484814e8289894d76af5af	zenodo_data_results_bundle/figures/Step74_wgcna_style_module_evidence/Fig_Step74_WGCNAStyleModuleEvidence_annotated.png	/mnt/h/vir/ST/results/step8_strokeniche_perturbmap/wgcna_style_module_evidence_74
Step74_wgcna_style_module_evidence	extended_module_or_track_evidence	/mnt/h/vir/ST/results/step8_strokeniche_perturbmap/wgcna_style_module_evidence_74/Fig_Step74_WGCNAStyleModuleEvidence_annotated.svg	Fig_Step74_WGCNAStyleModuleEvidence_annotated.svg	.svg	473047	4a7a981b2ce7986c4ca5e704f7d06b7559824d78d0411e78e49107bac0dc7818	zenodo_data_results_bundle/figures/Step74_wgcna_style_module_evidence/Fig_Step74_WGCNAStyleModuleEvidence_annotated.svg	/mnt/h/vir/ST/results/step8_strokeniche_perturbmap/wgcna_style_module_evidence_74
Step74_wgcna_style_module_evidence	extended_module_or_track_evidence	/mnt/h/vir/ST/results/step8_strokeniche_perturbmap/wgcna_style_module_evidence_74/Fig_Step74_WGCNAStyleModuleEvidence_clean_no_text.pdf	Fig_Step74_WGCNAStyleModuleEvidence_clean_no_text.pdf	.pdf	107368	9949daacccaf6166dfb166c948d74274136cbb02cfe9cedfe3dbb353062816db	zenodo_data_results_bundle/figures/Step74_wgcna_style_module_evidence/Fig_Step74_WGCNAStyleModuleEvidence_clean_no_text.pdf	/mnt/h/vir/ST/results/step8_strokeniche_perturbmap/wgcna_style_module_evidence_74
Step74_wgcna_style_module_evidence	extended_module_or_track_evidence	/mnt/h/vir/ST/results/step8_strokeniche_perturbmap/wgcna_style_module_evidence_74/Fig_Step74_WGCNAStyleModuleEvidence_clean_no_text.png	Fig_Step74_WGCNAStyleModuleEvidence_clean_no_text.png	.png	1489430	0de52d9e79c59f5d54998eb8ffb94d5a9a9d2658643acaff8d27f87c241d961f	zenodo_data_results_bundle/figures/Step74_wgcna_style_module_evidence/Fig_Step74_WGCNAStyleModuleEvidence_clean_no_text.png	/mnt/h/vir/ST/results/step8_strokeniche_perturbmap/wgcna_style_module_evidence_74
Step74_wgcna_style_module_evidence	extended_module_or_track_evidence	/mnt/h/vir/ST/results/step8_strokeniche_perturbmap/wgcna_style_module_evidence_74/Fig_Step74_WGCNAStyleModuleEvidence_clean_no_text.svg	Fig_Step74_WGCNAStyleModuleEvidence_clean_no_text.svg	.svg	153929	5f92c9d7055fa958189a7016921eb98d3749c3d793e9b8d11dbd6d4b4f8472c8	zenodo_data_results_bundle/figures/Step74_wgcna_style_module_evidence/Fig_Step74_WGCNAStyleModuleEvidence_clean_no_text.svg	/mnt/h/vir/ST/results/step8_strokeniche_perturbmap/wgcna_style_module_evidence_74
Step74_wgcna_style_module_evidence	main_candidate_spatial_marker_module_atlas	/mnt/h/vir/ST/results/step8_strokeniche_perturbmap/wgcna_style_module_evidence_74/Fig_Step75_SpatialMarkerAtlas.pdf	Fig_Step75_SpatialMarkerAtlas.pdf	.pdf	5917244	d0616fbd2b0fb08fd63b3173e9028b40a7ebcc145384c10503e2e4913f3dbd04	zenodo_data_results_bundle/figures/Step74_wgcna_style_module_evidence/Fig_Step75_SpatialMarkerAtlas.pdf	/mnt/h/vir/ST/results/step8_strokeniche_perturbmap/wgcna_style_module_evidence_74
Step74_wgcna_style_module_evidence	main_candidate_spatial_marker_module_atlas	/mnt/h/vir/ST/results/step8_strokeniche_perturbmap/wgcna_style_module_evidence_74/Fig_Step75_SpatialMarkerAtlas.png	Fig_Step75_SpatialMarkerAtlas.png	.png	4401292	df4d56113a1e8f2693b06f00b3bee251070275b68f55925246f221e5795f5f14	zenodo_data_results_bundle/figures/Step74_wgcna_style_module_evidence/Fig_Step75_SpatialMarkerAtlas.png	/mnt/h/vir/ST/results/step8_strokeniche_perturbmap/wgcna_style_module_evidence_74
Step74_wgcna_style_module_evidence	main_candidate_spatial_marker_module_atlas	/mnt/h/vir/ST/results/step8_strokeniche_perturbmap/wgcna_style_module_evidence_74/Fig_Step75_SpatialMarkerAtlas.svg	Fig_Step75_SpatialMarkerAtlas.svg	.svg	10174962	7f04deb9bff4bec063529bb1c6d09d745c717e12f31cfdde8943d73c167dd7e0	zenodo_data_results_bundle/figures/Step74_wgcna_style_module_evidence/Fig_Step75_SpatialMarkerAtlas.svg	/mnt/h/vir/ST/results/step8_strokeniche_perturbmap/wgcna_style_module_evidence_74
Step74_wgcna_style_module_evidence	main_candidate_spatial_marker_module_atlas	/mnt/h/vir/ST/results/step8_strokeniche_perturbmap/wgcna_style_module_evidence_74/Fig_Step75_SpatialModuleAtlas.pdf	Fig_Step75_SpatialModuleAtlas.pdf	.pdf	3777522	2995c56494deaaa70f295c0efc3665355d372152577a91919f8e61f99cbe2900	zenodo_data_results_bundle/figures/Step74_wgcna_style_module_evidence/Fig_Step75_SpatialModuleAtlas.pdf	/mnt/h/vir/ST/results/step8_strokeniche_perturbmap/wgcna_style_module_evidence_74
Step74_wgcna_style_module_evidence	main_candidate_spatial_marker_module_atlas	/mnt/h/vir/ST/results/step8_strokeniche_perturbmap/wgcna_style_module_evidence_74/Fig_Step75_SpatialModuleAtlas.png	Fig_Step75_SpatialModuleAtlas.png	.png	4869141	0512457b8de6c7abe6115fcf4f36a736403989243bea3816f69de551f02bbf3b	zenodo_data_results_bundle/figures/Step74_wgcna_style_module_evidence/Fig_Step75_SpatialModuleAtlas.png	/mnt/h/vir/ST/results/step8_strokeniche_perturbmap/wgcna_style_module_evidence_74
Step74_wgcna_style_module_evidence	main_candidate_spatial_marker_module_atlas	/mnt/h/vir/ST/results/step8_strokeniche_perturbmap/wgcna_style_module_evidence_74/Fig_Step75_SpatialModuleAtlas.svg	Fig_Step75_SpatialModuleAtlas.svg	.svg	6832833	07baac8f097cafc19719e033fe8a11dedf2e3c5c46ccc5d629e9717da15f0c1b	zenodo_data_results_bundle/figures/Step74_wgcna_style_module_evidence/Fig_Step75_SpatialModuleAtlas.svg	/mnt/h/vir/ST/results/step8_strokeniche_perturbmap/wgcna_style_module_evidence_74
Step74_wgcna_style_module_evidence	main_candidate_spatial_marker_module_atlas	/mnt/h/vir/ST/results/step8_strokeniche_perturbmap/wgcna_style_module_evidence_74/Fig_Step75_SpatialStateProbabilityAtlas.pdf	Fig_Step75_SpatialStateProbabilityAtlas.pdf	.pdf	17524	2dd0a779f88efc1448df0ae28f088eaddbd4e9f2350a362ad29532f83bfe237d	zenodo_data_results_bundle/figures/Step74_wgcna_style_module_evidence/Fig_Step75_SpatialStateProbabilityAtlas.pdf	/mnt/h/vir/ST/results/step8_strokeniche_perturbmap/wgcna_style_module_evidence_74
Step74_wgcna_style_module_evidence	main_candidate_spatial_marker_module_atlas	/mnt/h/vir/ST/results/step8_strokeniche_perturbmap/wgcna_style_module_evidence_74/Fig_Step75_SpatialStateProbabilityAtlas.png	Fig_Step75_SpatialStateProbabilityAtlas.png	.png	83886	a4a71e88377011a11de0f59d0d7d5ee35aa5c26cbe4b3a029c1ec056d3e0551d	zenodo_data_results_bundle/figures/Step74_wgcna_style_module_evidence/Fig_Step75_SpatialStateProbabilityAtlas.png	/mnt/h/vir/ST/results/step8_strokeniche_perturbmap/wgcna_style_module_evidence_74
Step74_wgcna_style_module_evidence	main_candidate_spatial_marker_module_atlas	/mnt/h/vir/ST/results/step8_strokeniche_perturbmap/wgcna_style_module_evidence_74/Fig_Step75_SpatialStateProbabilityAtlas.svg	Fig_Step75_SpatialStateProbabilityAtlas.svg	.svg	35150	90be024b642d332d95833059f54acf82703a1771f1a890baa9dfe1ea36981bfb	zenodo_data_results_bundle/figures/Step74_wgcna_style_module_evidence/Fig_Step75_SpatialStateProbabilityAtlas.svg	/mnt/h/vir/ST/results/step8_strokeniche_perturbmap/wgcna_style_module_evidence_74
Step74_wgcna_style_module_evidence	main_candidate_spatial_marker_module_atlas	/mnt/h/vir/ST/results/step8_strokeniche_perturbmap/wgcna_style_module_evidence_74/Fig_Step75_VirtualPerturbationSpatialRescueAtlas.pdf	Fig_Step75_VirtualPerturbationSpatialRescueAtlas.pdf	.pdf	21740	b8dda82f034052112fa53c388aeb114c8c65b8444078954443301b60e4b71721	zenodo_data_results_bundle/figures/Step74_wgcna_style_module_evidence/Fig_Step75_VirtualPerturbationSpatialRescueAtlas.pdf	/mnt/h/vir/ST/results/step8_strokeniche_perturbmap/wgcna_style_module_evidence_74
Step74_wgcna_style_module_evidence	main_candidate_spatial_marker_module_atlas	/mnt/h/vir/ST/results/step8_strokeniche_perturbmap/wgcna_style_module_evidence_74/Fig_Step75_VirtualPerturbationSpatialRescueAtlas.png	Fig_Step75_VirtualPerturbationSpatialRescueAtlas.png	.png	164308	ad446e576b8b1964236d5b2add810100c8e1879b288746f12816953cb4381e7f	zenodo_data_results_bundle/figures/Step74_wgcna_style_module_evidence/Fig_Step75_VirtualPerturbationSpatialRescueAtlas.png	/mnt/h/vir/ST/results/step8_strokeniche_perturbmap/wgcna_style_module_evidence_74
Step74_wgcna_style_module_evidence	main_candidate_spatial_marker_module_atlas	/mnt/h/vir/ST/results/step8_strokeniche_perturbmap/wgcna_style_module_evidence_74/Fig_Step75_VirtualPerturbationSpatialRescueAtlas.svg	Fig_Step75_VirtualPerturbationSpatialRescueAtlas.svg	.svg	49237	a44190563b11b2fe51820bde1ddae0fbbc07e93c5fdc3bd28507f70edf5ecac5	zenodo_data_results_bundle/figures/Step74_wgcna_style_module_evidence/Fig_Step75_VirtualPerturbationSpatialRescueAtlas.svg	/mnt/h/vir/ST/results/step8_strokeniche_perturbmap/wgcna_style_module_evidence_74
Step74_wgcna_style_module_evidence	extended_module_or_track_evidence	/mnt/h/vir/ST/results/step8_strokeniche_perturbmap/wgcna_style_module_evidence_74b_polished/Fig_Step74B_PolishedWGCNAStyleModuleEvidence_annotated.pdf	Fig_Step74B_PolishedWGCNAStyleModuleEvidence_annotated.pdf	.pdf	273597	3ce58dcc635f181a53c0bd33a59155bbbba6b19d838c85dfb845a42013855c60	zenodo_data_results_bundle/figures/Step74_wgcna_style_module_evidence/Fig_Step74B_PolishedWGCNAStyleModuleEvidence_annotated.pdf	/mnt/h/vir/ST/results/step8_strokeniche_perturbmap/wgcna_style_module_evidence_74b_polished
Step74_wgcna_style_module_evidence	extended_module_or_track_evidence	/mnt/h/vir/ST/results/step8_strokeniche_perturbmap/wgcna_style_module_evidence_74b_polished/Fig_Step74B_PolishedWGCNAStyleModuleEvidence_annotated.png	Fig_Step74B_PolishedWGCNAStyleModuleEvidence_annotated.png	.png	4721268	d7546555afe9c12681afda51d66446f57d8e2388fa7c4b75135b2b3f7dfc0b34	zenodo_data_results_bundle/figures/Step74_wgcna_style_module_evidence/Fig_Step74B_PolishedWGCNAStyleModuleEvidence_annotated.png	/mnt/h/vir/ST/results/step8_strokeniche_perturbmap/wgcna_style_module_evidence_74b_polished
Step74_wgcna_style_module_evidence	extended_module_or_track_evidence	/mnt/h/vir/ST/results/step8_strokeniche_perturbmap/wgcna_style_module_evidence_74b_polished/Fig_Step74B_PolishedWGCNAStyleModuleEvidence_annotated.svg	Fig_Step74B_PolishedWGCNAStyleModuleEvidence_annotated.svg	.svg	409087	0bb4f49f728f7d396aef1ae80112a43d985064ae50e3637982bed71063a356b2	zenodo_data_results_bundle/figures/Step74_wgcna_style_module_evidence/Fig_Step74B_PolishedWGCNAStyleModuleEvidence_annotated.svg	/mnt/h/vir/ST/results/step8_strokeniche_perturbmap/wgcna_style_module_evidence_74b_polished
Step74_wgcna_style_module_evidence	extended_module_or_track_evidence	/mnt/h/vir/ST/results/step8_strokeniche_perturbmap/wgcna_style_module_evidence_74b_polished/Fig_Step74B_PolishedWGCNAStyleModuleEvidence_clean_no_text.pdf	Fig_Step74B_PolishedWGCNAStyleModuleEvidence_clean_no_text.pdf	.pdf	102431	0485769a57bb66533c58b399c997f4187baccd8ab7fc7d71bada75119b82b546	zenodo_data_results_bundle/figures/Step74_wgcna_style_module_evidence/Fig_Step74B_PolishedWGCNAStyleModuleEvidence_clean_no_text.pdf	/mnt/h/vir/ST/results/step8_strokeniche_perturbmap/wgcna_style_module_evidence_74b_polished
Step74_wgcna_style_module_evidence	extended_module_or_track_evidence	/mnt/h/vir/ST/results/step8_strokeniche_perturbmap/wgcna_style_module_evidence_74b_polished/Fig_Step74B_PolishedWGCNAStyleModuleEvidence_clean_no_text.png	Fig_Step74B_PolishedWGCNAStyleModuleEvidence_clean_no_text.png	.png	1603298	8e87f4721b3c9e9b0f8636223b1c140e12b0d8dbff5f1b1fc4e03ac25772176a	zenodo_data_results_bundle/figures/Step74_wgcna_style_module_evidence/Fig_Step74B_PolishedWGCNAStyleModuleEvidence_clean_no_text.png	/mnt/h/vir/ST/results/step8_strokeniche_perturbmap/wgcna_style_module_evidence_74b_polished
Step74_wgcna_style_module_evidence	extended_module_or_track_evidence	/mnt/h/vir/ST/results/step8_strokeniche_perturbmap/wgcna_style_module_evidence_74b_polished/Fig_Step74B_PolishedWGCNAStyleModuleEvidence_clean_no_text.svg	Fig_Step74B_PolishedWGCNAStyleModuleEvidence_clean_no_text.svg	.svg	150970	8ba216f62559a43bde205333af6eca0b58e98c066df5d18bd3df7ab948b0555f	zenodo_data_results_bundle/figures/Step74_wgcna_style_module_evidence/Fig_Step74B_PolishedWGCNAStyleModuleEvidence_clean_no_text.svg	/mnt/h/vir/ST/results/step8_strokeniche_perturbmap/wgcna_style_module_evidence_74b_polished
Step75_spatial_marker_module_atlas	main_candidate_spatial_marker_module_atlas	/mnt/h/vir/ST/results/step8_strokeniche_perturbmap/module_state_landscape_atlas_75d_2x4/Fig_Step75D_ModuleStateLandscapeAtlas_2x4.pdf	Fig_Step75D_ModuleStateLandscapeAtlas_2x4.pdf	.pdf	15421270	545a3a5f29e7c33ccd0be6f76ea77ed8ec11eedc3fe13fd6a7d189b851db34f0	zenodo_data_results_bundle/figures/Step75_spatial_marker_module_atlas/Fig_Step75D_ModuleStateLandscapeAtlas_2x4.pdf	/mnt/h/vir/ST/results/step8_strokeniche_perturbmap/module_state_landscape_atlas_75d_2x4
Step75_spatial_marker_module_atlas	main_candidate_spatial_marker_module_atlas	/mnt/h/vir/ST/results/step8_strokeniche_perturbmap/module_state_landscape_atlas_75d_2x4/Fig_Step75D_ModuleStateLandscapeAtlas_2x4.png	Fig_Step75D_ModuleStateLandscapeAtlas_2x4.png	.png	13821105	74d1cade6d52c12bbffb96661aba4e06e42a067c354b47438d35f760aba85971	zenodo_data_results_bundle/figures/Step75_spatial_marker_module_atlas/Fig_Step75D_ModuleStateLandscapeAtlas_2x4.png	/mnt/h/vir/ST/results/step8_strokeniche_perturbmap/module_state_landscape_atlas_75d_2x4
Step75_spatial_marker_module_atlas	main_candidate_spatial_marker_module_atlas	/mnt/h/vir/ST/results/step8_strokeniche_perturbmap/module_state_landscape_atlas_75d_2x4/Fig_Step75D_ModuleStateLandscapeAtlas_2x4.svg	Fig_Step75D_ModuleStateLandscapeAtlas_2x4.svg	.svg	26530668	ae6e5aad0cdae2f0024c49ea08c27e688a998318b2879ac5aa169cc55beabcd2	zenodo_data_results_bundle/figures/Step75_spatial_marker_module_atlas/Fig_Step75D_ModuleStateLandscapeAtlas_2x4.svg	/mnt/h/vir/ST/results/step8_strokeniche_perturbmap/module_state_landscape_atlas_75d_2x4
Step75_spatial_marker_module_atlas	main_candidate_spatial_marker_module_atlas	/mnt/h/vir/ST/results/step8_strokeniche_perturbmap/spatial_landscape_atlas_75/Fig_Step75_SpatialMarkerAtlas.pdf	Fig_Step75_SpatialMarkerAtlas.pdf	.pdf	5917244	d0616fbd2b0fb08fd63b3173e9028b40a7ebcc145384c10503e2e4913f3dbd04	zenodo_data_results_bundle/figures/Step75_spatial_marker_module_atlas/Fig_Step75_SpatialMarkerAtlas.pdf	/mnt/h/vir/ST/results/step8_strokeniche_perturbmap/spatial_landscape_atlas_75
Step75_spatial_marker_module_atlas	main_candidate_spatial_marker_module_atlas	/mnt/h/vir/ST/results/step8_strokeniche_perturbmap/spatial_landscape_atlas_75/Fig_Step75_SpatialMarkerAtlas.png	Fig_Step75_SpatialMarkerAtlas.png	.png	4401292	df4d56113a1e8f2693b06f00b3bee251070275b68f55925246f221e5795f5f14	zenodo_data_results_bundle/figures/Step75_spatial_marker_module_atlas/Fig_Step75_SpatialMarkerAtlas.png	/mnt/h/vir/ST/results/step8_strokeniche_perturbmap/spatial_landscape_atlas_75
Step75_spatial_marker_module_atlas	main_candidate_spatial_marker_module_atlas	/mnt/h/vir/ST/results/step8_strokeniche_perturbmap/spatial_landscape_atlas_75/Fig_Step75_SpatialMarkerAtlas.svg	Fig_Step75_SpatialMarkerAtlas.svg	.svg	10174962	60eccabc52d9445c5ce4826b732a321ebd354d7020fe081b493771e9a0e4c6ab	zenodo_data_results_bundle/figures/Step75_spatial_marker_module_atlas/Fig_Step75_SpatialMarkerAtlas.svg	/mnt/h/vir/ST/results/step8_strokeniche_perturbmap/spatial_landscape_atlas_75
Step75_spatial_marker_module_atlas	main_candidate_spatial_marker_module_atlas	/mnt/h/vir/ST/results/step8_strokeniche_perturbmap/spatial_landscape_atlas_75/Fig_Step75_SpatialModuleAtlas.pdf	Fig_Step75_SpatialModuleAtlas.pdf	.pdf	3777522	2995c56494deaaa70f295c0efc3665355d372152577a91919f8e61f99cbe2900	zenodo_data_results_bundle/figures/Step75_spatial_marker_module_atlas/Fig_Step75_SpatialModuleAtlas.pdf	/mnt/h/vir/ST/results/step8_strokeniche_perturbmap/spatial_landscape_atlas_75
Step75_spatial_marker_module_atlas	main_candidate_spatial_marker_module_atlas	/mnt/h/vir/ST/results/step8_strokeniche_perturbmap/spatial_landscape_atlas_75/Fig_Step75_SpatialModuleAtlas.png	Fig_Step75_SpatialModuleAtlas.png	.png	4869141	0512457b8de6c7abe6115fcf4f36a736403989243bea3816f69de551f02bbf3b	zenodo_data_results_bundle/figures/Step75_spatial_marker_module_atlas/Fig_Step75_SpatialModuleAtlas.png	/mnt/h/vir/ST/results/step8_strokeniche_perturbmap/spatial_landscape_atlas_75
Step75_spatial_marker_module_atlas	main_candidate_spatial_marker_module_atlas	/mnt/h/vir/ST/results/step8_strokeniche_perturbmap/spatial_landscape_atlas_75/Fig_Step75_SpatialModuleAtlas.svg	Fig_Step75_SpatialModuleAtlas.svg	.svg	6832833	bac453a0abe6f7b9b783fd53a36e0864be66a372f9343d4573fecc58ef16e145	zenodo_data_results_bundle/figures/Step75_spatial_marker_module_atlas/Fig_Step75_SpatialModuleAtlas.svg	/mnt/h/vir/ST/results/step8_strokeniche_perturbmap/spatial_landscape_atlas_75
Step75_spatial_marker_module_atlas	main_candidate_spatial_marker_module_atlas	/mnt/h/vir/ST/results/step8_strokeniche_perturbmap/spatial_landscape_atlas_75/Fig_Step75_SpatialStateProbabilityAtlas.pdf	Fig_Step75_SpatialStateProbabilityAtlas.pdf	.pdf	17524	2dd0a779f88efc1448df0ae28f088eaddbd4e9f2350a362ad29532f83bfe237d	zenodo_data_results_bundle/figures/Step75_spatial_marker_module_atlas/Fig_Step75_SpatialStateProbabilityAtlas.pdf	/mnt/h/vir/ST/results/step8_strokeniche_perturbmap/spatial_landscape_atlas_75
Step75_spatial_marker_module_atlas	main_candidate_spatial_marker_module_atlas	/mnt/h/vir/ST/results/step8_strokeniche_perturbmap/spatial_landscape_atlas_75/Fig_Step75_SpatialStateProbabilityAtlas.png	Fig_Step75_SpatialStateProbabilityAtlas.png	.png	83886	a4a71e88377011a11de0f59d0d7d5ee35aa5c26cbe4b3a029c1ec056d3e0551d	zenodo_data_results_bundle/figures/Step75_spatial_marker_module_atlas/Fig_Step75_SpatialStateProbabilityAtlas.png	/mnt/h/vir/ST/results/step8_strokeniche_perturbmap/spatial_landscape_atlas_75
Step75_spatial_marker_module_atlas	main_candidate_spatial_marker_module_atlas	/mnt/h/vir/ST/results/step8_strokeniche_perturbmap/spatial_landscape_atlas_75/Fig_Step75_SpatialStateProbabilityAtlas.svg	Fig_Step75_SpatialStateProbabilityAtlas.svg	.svg	35150	906427aa18b99172949c0ebed0287f730e9f09ecb639b0c942ddca0556a0cbd5	zenodo_data_results_bundle/figures/Step75_spatial_marker_module_atlas/Fig_Step75_SpatialStateProbabilityAtlas.svg	/mnt/h/vir/ST/results/step8_strokeniche_perturbmap/spatial_landscape_atlas_75
Step75_spatial_marker_module_atlas	main_candidate_spatial_marker_module_atlas	/mnt/h/vir/ST/results/step8_strokeniche_perturbmap/spatial_landscape_atlas_75_final_frozen/Fig_Step75C_CompactSpatialLandscapeManuscriptPanel.pdf	Fig_Step75C_CompactSpatialLandscapeManuscriptPanel.pdf	.pdf	20236073	670272ddb77245a1354ed4847fcd12d7c77673141b56496bfd2a17ea3d16fe05	zenodo_data_results_bundle/figures/Step75_spatial_marker_module_atlas/Fig_Step75C_CompactSpatialLandscapeManuscriptPanel.pdf	/mnt/h/vir/ST/results/step8_strokeniche_perturbmap/spatial_landscape_atlas_75_final_frozen
Step75_spatial_marker_module_atlas	main_candidate_spatial_marker_module_atlas	/mnt/h/vir/ST/results/step8_strokeniche_perturbmap/spatial_landscape_atlas_75_final_frozen/Fig_Step75C_CompactSpatialLandscapeManuscriptPanel.png	Fig_Step75C_CompactSpatialLandscapeManuscriptPanel.png	.png	17489209	8a332cee8cb596492f3f6c411e441bcf20d31b49f44491815eec6b175430df05	zenodo_data_results_bundle/figures/Step75_spatial_marker_module_atlas/Fig_Step75C_CompactSpatialLandscapeManuscriptPanel.png	/mnt/h/vir/ST/results/step8_strokeniche_perturbmap/spatial_landscape_atlas_75_final_frozen
Step75_spatial_marker_module_atlas	main_candidate_spatial_marker_module_atlas	/mnt/h/vir/ST/results/step8_strokeniche_perturbmap/spatial_landscape_atlas_75_final_frozen/Fig_Step75C_CompactSpatialLandscapeManuscriptPanel.svg	Fig_Step75C_CompactSpatialLandscapeManuscriptPanel.svg	.svg	35899160	4b4281508d894e4ae76ed0316c52696e3563d505818cf68ac1bcb81f5a2b6e62	zenodo_data_results_bundle/figures/Step75_spatial_marker_module_atlas/Fig_Step75C_CompactSpatialLandscapeManuscriptPanel.svg	/mnt/h/vir/ST/results/step8_strokeniche_perturbmap/spatial_landscape_atlas_75_final_frozen
Step75_spatial_marker_module_atlas	main_candidate_spatial_marker_module_atlas	/mnt/h/vir/ST/results/step8_strokeniche_perturbmap/spatial_landscape_atlas_75_final_frozen/Fig_Step75C_DarkSpatialMarkerLandscapeAtlas.pdf	Fig_Step75C_DarkSpatialMarkerLandscapeAtlas.pdf	.pdf	20488628	af774930678051a5b811ffda723ccb77d8ad5c7b3ec39bdade8f07cde919c1b5	zenodo_data_results_bundle/figures/Step75_spatial_marker_module_atlas/Fig_Step75C_DarkSpatialMarkerLandscapeAtlas.pdf	/mnt/h/vir/ST/results/step8_strokeniche_perturbmap/spatial_landscape_atlas_75_final_frozen
Step75_spatial_marker_module_atlas	main_candidate_spatial_marker_module_atlas	/mnt/h/vir/ST/results/step8_strokeniche_perturbmap/spatial_landscape_atlas_75_final_frozen/Fig_Step75C_DarkSpatialMarkerLandscapeAtlas.png	Fig_Step75C_DarkSpatialMarkerLandscapeAtlas.png	.png	15128045	338fda006a33bca9b22943404f6a48cc02b646717f1d731582a05b9aab0ba369	zenodo_data_results_bundle/figures/Step75_spatial_marker_module_atlas/Fig_Step75C_DarkSpatialMarkerLandscapeAtlas.png	/mnt/h/vir/ST/results/step8_strokeniche_perturbmap/spatial_landscape_atlas_75_final_frozen
Step75_spatial_marker_module_atlas	main_candidate_spatial_marker_module_atlas	/mnt/h/vir/ST/results/step8_strokeniche_perturbmap/spatial_landscape_atlas_75_final_frozen/Fig_Step75C_DarkSpatialMarkerLandscapeAtlas.svg	Fig_Step75C_DarkSpatialMarkerLandscapeAtlas.svg	.svg	36957021	0de4450639d104fd8637a399ac6b046d64c333bc5142d3d6bc9e5d97bb4f3363	zenodo_data_results_bundle/figures/Step75_spatial_marker_module_atlas/Fig_Step75C_DarkSpatialMarkerLandscapeAtlas.svg	/mnt/h/vir/ST/results/step8_strokeniche_perturbmap/spatial_landscape_atlas_75_final_frozen
Step75_spatial_marker_module_atlas	main_candidate_spatial_marker_module_atlas	/mnt/h/vir/ST/results/step8_strokeniche_perturbmap/spatial_landscape_atlas_75_final_frozen/Fig_Step75C_DarkSpatialModuleLandscapeAtlas.pdf	Fig_Step75C_DarkSpatialModuleLandscapeAtlas.pdf	.pdf	11155113	5bded52553c3da0e0be1af0cd39339d4d03a7a90409d2a941b9a37f77783d688	zenodo_data_results_bundle/figures/Step75_spatial_marker_module_atlas/Fig_Step75C_DarkSpatialModuleLandscapeAtlas.pdf	/mnt/h/vir/ST/results/step8_strokeniche_perturbmap/spatial_landscape_atlas_75_final_frozen
Step75_spatial_marker_module_atlas	main_candidate_spatial_marker_module_atlas	/mnt/h/vir/ST/results/step8_strokeniche_perturbmap/spatial_landscape_atlas_75_final_frozen/Fig_Step75C_DarkSpatialModuleLandscapeAtlas.png	Fig_Step75C_DarkSpatialModuleLandscapeAtlas.png	.png	10523224	de43641f1a54d5fa3a82ce988f3c08be331d234dd170bbd4faac9d0b2a5c45ad	zenodo_data_results_bundle/figures/Step75_spatial_marker_module_atlas/Fig_Step75C_DarkSpatialModuleLandscapeAtlas.png	/mnt/h/vir/ST/results/step8_strokeniche_perturbmap/spatial_landscape_atlas_75_final_frozen
Step75_spatial_marker_module_atlas	main_candidate_spatial_marker_module_atlas	/mnt/h/vir/ST/results/step8_strokeniche_perturbmap/spatial_landscape_atlas_75_final_frozen/Fig_Step75C_DarkSpatialModuleLandscapeAtlas.svg	Fig_Step75C_DarkSpatialModuleLandscapeAtlas.svg	.svg	19652917	83acac4f197cbad59a86a84ef83c1cae5d2c6bc33f2995cd7041768dfca41379	zenodo_data_results_bundle/figures/Step75_spatial_marker_module_atlas/Fig_Step75C_DarkSpatialModuleLandscapeAtlas.svg	/mnt/h/vir/ST/results/step8_strokeniche_perturbmap/spatial_landscape_atlas_75_final_frozen
Step75_spatial_marker_module_atlas	main_candidate_spatial_marker_module_atlas	/mnt/h/vir/ST/results/step8_strokeniche_perturbmap/spatial_landscape_atlas_75_final_frozen/Fig_Step75C_DarkSpatialStateProbabilityLandscapeAtlas.pdf	Fig_Step75C_DarkSpatialStateProbabilityLandscapeAtlas.pdf	.pdf	4669386	fe8b2a4be35c9e09dd1707641dfb089727a38436d8942b2d4807337ca0d861e6	zenodo_data_results_bundle/figures/Step75_spatial_marker_module_atlas/Fig_Step75C_DarkSpatialStateProbabilityLandscapeAtlas.pdf	/mnt/h/vir/ST/results/step8_strokeniche_perturbmap/spatial_landscape_atlas_75_final_frozen
Step75_spatial_marker_module_atlas	main_candidate_spatial_marker_module_atlas	/mnt/h/vir/ST/results/step8_strokeniche_perturbmap/spatial_landscape_atlas_75_final_frozen/Fig_Step75C_DarkSpatialStateProbabilityLandscapeAtlas.png	Fig_Step75C_DarkSpatialStateProbabilityLandscapeAtlas.png	.png	2985786	b234c6a1379654e7dfd09857504b95fc8f783d2216ff668c2f66fae791e1f7bb	zenodo_data_results_bundle/figures/Step75_spatial_marker_module_atlas/Fig_Step75C_DarkSpatialStateProbabilityLandscapeAtlas.png	/mnt/h/vir/ST/results/step8_strokeniche_perturbmap/spatial_landscape_atlas_75_final_frozen
Step75_spatial_marker_module_atlas	main_candidate_spatial_marker_module_atlas	/mnt/h/vir/ST/results/step8_strokeniche_perturbmap/spatial_landscape_atlas_75_final_frozen/Fig_Step75C_DarkSpatialStateProbabilityLandscapeAtlas.svg	Fig_Step75C_DarkSpatialStateProbabilityLandscapeAtlas.svg	.svg	8188523	a6e0db142f0a2c4a4f518c7d57b5fbbfa079e5babaf083c782e674d4001bea54	zenodo_data_results_bundle/figures/Step75_spatial_marker_module_atlas/Fig_Step75C_DarkSpatialStateProbabilityLandscapeAtlas.svg	/mnt/h/vir/ST/results/step8_strokeniche_perturbmap/spatial_landscape_atlas_75_final_frozen
Step75_spatial_marker_module_atlas	main_candidate_spatial_marker_module_atlas	/mnt/h/vir/ST/results/step8_strokeniche_perturbmap/spatial_landscape_atlas_75b_dark_final/Fig_Step75B_CompactSpatialLandscapeManuscriptPanel.pdf	Fig_Step75B_CompactSpatialLandscapeManuscriptPanel.pdf	.pdf	20236073	3d4d49822d34ff119cb237cf56e360d22f4d925bfe2e6ac032bddc053336018d	zenodo_data_results_bundle/figures/Step75_spatial_marker_module_atlas/Fig_Step75B_CompactSpatialLandscapeManuscriptPanel.pdf	/mnt/h/vir/ST/results/step8_strokeniche_perturbmap/spatial_landscape_atlas_75b_dark_final
Step75_spatial_marker_module_atlas	main_candidate_spatial_marker_module_atlas	/mnt/h/vir/ST/results/step8_strokeniche_perturbmap/spatial_landscape_atlas_75b_dark_final/Fig_Step75B_CompactSpatialLandscapeManuscriptPanel.png	Fig_Step75B_CompactSpatialLandscapeManuscriptPanel.png	.png	17489209	8a332cee8cb596492f3f6c411e441bcf20d31b49f44491815eec6b175430df05	zenodo_data_results_bundle/figures/Step75_spatial_marker_module_atlas/Fig_Step75B_CompactSpatialLandscapeManuscriptPanel.png	/mnt/h/vir/ST/results/step8_strokeniche_perturbmap/spatial_landscape_atlas_75b_dark_final
Step75_spatial_marker_module_atlas	main_candidate_spatial_marker_module_atlas	/mnt/h/vir/ST/results/step8_strokeniche_perturbmap/spatial_landscape_atlas_75b_dark_final/Fig_Step75B_CompactSpatialLandscapeManuscriptPanel.svg	Fig_Step75B_CompactSpatialLandscapeManuscriptPanel.svg	.svg	35899160	b3005b8673e408594c953da71b7ac631835ca8015c8d385a7b825bfa78b2c7f6	zenodo_data_results_bundle/figures/Step75_spatial_marker_module_atlas/Fig_Step75B_CompactSpatialLandscapeManuscriptPanel.svg	/mnt/h/vir/ST/results/step8_strokeniche_perturbmap/spatial_landscape_atlas_75b_dark_final
Step75_spatial_marker_module_atlas	main_candidate_spatial_marker_module_atlas	/mnt/h/vir/ST/results/step8_strokeniche_perturbmap/spatial_landscape_atlas_75b_dark_final/Fig_Step75B_DarkSpatialMarkerLandscapeAtlas.pdf	Fig_Step75B_DarkSpatialMarkerLandscapeAtlas.pdf	.pdf	20488611	2c638ec2ab1c760d1dfae3b213c8bd62c70e3cbf187d6bc9d37528e35d0b904f	zenodo_data_results_bundle/figures/Step75_spatial_marker_module_atlas/Fig_Step75B_DarkSpatialMarkerLandscapeAtlas.pdf	/mnt/h/vir/ST/results/step8_strokeniche_perturbmap/spatial_landscape_atlas_75b_dark_final
Step75_spatial_marker_module_atlas	main_candidate_spatial_marker_module_atlas	/mnt/h/vir/ST/results/step8_strokeniche_perturbmap/spatial_landscape_atlas_75b_dark_final/Fig_Step75B_DarkSpatialMarkerLandscapeAtlas.png	Fig_Step75B_DarkSpatialMarkerLandscapeAtlas.png	.png	15012004	431b1da1d973f9ed89a4d262d219acdff747aea8c086c83dd7d0f397b2bf249c	zenodo_data_results_bundle/figures/Step75_spatial_marker_module_atlas/Fig_Step75B_DarkSpatialMarkerLandscapeAtlas.png	/mnt/h/vir/ST/results/step8_strokeniche_perturbmap/spatial_landscape_atlas_75b_dark_final
Step75_spatial_marker_module_atlas	main_candidate_spatial_marker_module_atlas	/mnt/h/vir/ST/results/step8_strokeniche_perturbmap/spatial_landscape_atlas_75b_dark_final/Fig_Step75B_DarkSpatialMarkerLandscapeAtlas.svg	Fig_Step75B_DarkSpatialMarkerLandscapeAtlas.svg	.svg	36957207	df90a4c5c9e99983724fd91a0364e1e943f4276ef69929d965c37276095a7345	zenodo_data_results_bundle/figures/Step75_spatial_marker_module_atlas/Fig_Step75B_DarkSpatialMarkerLandscapeAtlas.svg	/mnt/h/vir/ST/results/step8_strokeniche_perturbmap/spatial_landscape_atlas_75b_dark_final
Step75_spatial_marker_module_atlas	main_candidate_spatial_marker_module_atlas	/mnt/h/vir/ST/results/step8_strokeniche_perturbmap/spatial_landscape_atlas_75b_dark_final/Fig_Step75B_DarkSpatialModuleLandscapeAtlas.pdf	Fig_Step75B_DarkSpatialModuleLandscapeAtlas.pdf	.pdf	11155153	6782acb841fcee83b385ab123ab1f186e6c1dcb57b93c7d68e33b2012a3d6a73	zenodo_data_results_bundle/figures/Step75_spatial_marker_module_atlas/Fig_Step75B_DarkSpatialModuleLandscapeAtlas.pdf	/mnt/h/vir/ST/results/step8_strokeniche_perturbmap/spatial_landscape_atlas_75b_dark_final
Step75_spatial_marker_module_atlas	main_candidate_spatial_marker_module_atlas	/mnt/h/vir/ST/results/step8_strokeniche_perturbmap/spatial_landscape_atlas_75b_dark_final/Fig_Step75B_DarkSpatialModuleLandscapeAtlas.png	Fig_Step75B_DarkSpatialModuleLandscapeAtlas.png	.png	10485543	1d81ba34f7aeacf8bd9062c9b8897b3313a482838a984b71863df4ec481d86f1	zenodo_data_results_bundle/figures/Step75_spatial_marker_module_atlas/Fig_Step75B_DarkSpatialModuleLandscapeAtlas.png	/mnt/h/vir/ST/results/step8_strokeniche_perturbmap/spatial_landscape_atlas_75b_dark_final
Step75_spatial_marker_module_atlas	main_candidate_spatial_marker_module_atlas	/mnt/h/vir/ST/results/step8_strokeniche_perturbmap/spatial_landscape_atlas_75b_dark_final/Fig_Step75B_DarkSpatialModuleLandscapeAtlas.svg	Fig_Step75B_DarkSpatialModuleLandscapeAtlas.svg	.svg	19652996	d21898ca92bc73c0259156641f747caa9c8f8979551392ad3eb0c2be9012342f	zenodo_data_results_bundle/figures/Step75_spatial_marker_module_atlas/Fig_Step75B_DarkSpatialModuleLandscapeAtlas.svg	/mnt/h/vir/ST/results/step8_strokeniche_perturbmap/spatial_landscape_atlas_75b_dark_final
Step75_spatial_marker_module_atlas	main_candidate_spatial_marker_module_atlas	/mnt/h/vir/ST/results/step8_strokeniche_perturbmap/spatial_landscape_atlas_75b_dark_final/Fig_Step75B_DarkSpatialStateProbabilityLandscapeAtlas.pdf	Fig_Step75B_DarkSpatialStateProbabilityLandscapeAtlas.pdf	.pdf	4669401	b8a00340f577aad845c10270d4e43ad690e321013a85f77cf27d2a8351acb12e	zenodo_data_results_bundle/figures/Step75_spatial_marker_module_atlas/Fig_Step75B_DarkSpatialStateProbabilityLandscapeAtlas.pdf	/mnt/h/vir/ST/results/step8_strokeniche_perturbmap/spatial_landscape_atlas_75b_dark_final
Step75_spatial_marker_module_atlas	main_candidate_spatial_marker_module_atlas	/mnt/h/vir/ST/results/step8_strokeniche_perturbmap/spatial_landscape_atlas_75b_dark_final/Fig_Step75B_DarkSpatialStateProbabilityLandscapeAtlas.png	Fig_Step75B_DarkSpatialStateProbabilityLandscapeAtlas.png	.png	2973380	e6a11c1e43e4438f1d2cfc8aad43b744787d00e107ab1f2b80574ca855849e64	zenodo_data_results_bundle/figures/Step75_spatial_marker_module_atlas/Fig_Step75B_DarkSpatialStateProbabilityLandscapeAtlas.png	/mnt/h/vir/ST/results/step8_strokeniche_perturbmap/spatial_landscape_atlas_75b_dark_final
Step75_spatial_marker_module_atlas	main_candidate_spatial_marker_module_atlas	/mnt/h/vir/ST/results/step8_strokeniche_perturbmap/spatial_landscape_atlas_75b_dark_final/Fig_Step75B_DarkSpatialStateProbabilityLandscapeAtlas.svg	Fig_Step75B_DarkSpatialStateProbabilityLandscapeAtlas.svg	.svg	8188578	cc49ac93200ba578e0d8d35c4c0930b63060ca57779ee18b0ba7472f16710e25	zenodo_data_results_bundle/figures/Step75_spatial_marker_module_atlas/Fig_Step75B_DarkSpatialStateProbabilityLandscapeAtlas.svg	/mnt/h/vir/ST/results/step8_strokeniche_perturbmap/spatial_landscape_atlas_75b_dark_final
Step75_spatial_marker_module_atlas	main_candidate_spatial_marker_module_atlas	/mnt/h/vir/ST/results/step8_strokeniche_perturbmap/spatial_landscape_atlas_75c_dark_fixed_cbar/Fig_Step75C_CompactSpatialLandscapeManuscriptPanel.pdf	Fig_Step75C_CompactSpatialLandscapeManuscriptPanel.pdf	.pdf	20236073	9a1e3783a1a9d2c219f113c28a72f505b8df102f43e0a0b9be28f5c16504d3e3	zenodo_data_results_bundle/figures/Step75_spatial_marker_module_atlas/Fig_Step75C_CompactSpatialLandscapeManuscriptPanel.pdf	/mnt/h/vir/ST/results/step8_strokeniche_perturbmap/spatial_landscape_atlas_75c_dark_fixed_cbar
Step75_spatial_marker_module_atlas	main_candidate_spatial_marker_module_atlas	/mnt/h/vir/ST/results/step8_strokeniche_perturbmap/spatial_landscape_atlas_75c_dark_fixed_cbar/Fig_Step75C_CompactSpatialLandscapeManuscriptPanel.png	Fig_Step75C_CompactSpatialLandscapeManuscriptPanel.png	.png	17489209	8a332cee8cb596492f3f6c411e441bcf20d31b49f44491815eec6b175430df05	zenodo_data_results_bundle/figures/Step75_spatial_marker_module_atlas/Fig_Step75C_CompactSpatialLandscapeManuscriptPanel.png	/mnt/h/vir/ST/results/step8_strokeniche_perturbmap/spatial_landscape_atlas_75c_dark_fixed_cbar
Step75_spatial_marker_module_atlas	main_candidate_spatial_marker_module_atlas	/mnt/h/vir/ST/results/step8_strokeniche_perturbmap/spatial_landscape_atlas_75c_dark_fixed_cbar/Fig_Step75C_CompactSpatialLandscapeManuscriptPanel.svg	Fig_Step75C_CompactSpatialLandscapeManuscriptPanel.svg	.svg	35899160	9d97b792fef1a39e50f27b90de46716db206652cd548a2345e2e9a9703792f5e	zenodo_data_results_bundle/figures/Step75_spatial_marker_module_atlas/Fig_Step75C_CompactSpatialLandscapeManuscriptPanel.svg	/mnt/h/vir/ST/results/step8_strokeniche_perturbmap/spatial_landscape_atlas_75c_dark_fixed_cbar
Step75_spatial_marker_module_atlas	main_candidate_spatial_marker_module_atlas	/mnt/h/vir/ST/results/step8_strokeniche_perturbmap/spatial_landscape_atlas_75c_dark_fixed_cbar/Fig_Step75C_DarkSpatialMarkerLandscapeAtlas.pdf	Fig_Step75C_DarkSpatialMarkerLandscapeAtlas.pdf	.pdf	20488628	41f18e0aca57f12b11f687b3136e172ca10a8edcc4a4bb829942308b7987f06f	zenodo_data_results_bundle/figures/Step75_spatial_marker_module_atlas/Fig_Step75C_DarkSpatialMarkerLandscapeAtlas.pdf	/mnt/h/vir/ST/results/step8_strokeniche_perturbmap/spatial_landscape_atlas_75c_dark_fixed_cbar
Step75_spatial_marker_module_atlas	main_candidate_spatial_marker_module_atlas	/mnt/h/vir/ST/results/step8_strokeniche_perturbmap/spatial_landscape_atlas_75c_dark_fixed_cbar/Fig_Step75C_DarkSpatialMarkerLandscapeAtlas.png	Fig_Step75C_DarkSpatialMarkerLandscapeAtlas.png	.png	15128045	338fda006a33bca9b22943404f6a48cc02b646717f1d731582a05b9aab0ba369	zenodo_data_results_bundle/figures/Step75_spatial_marker_module_atlas/Fig_Step75C_DarkSpatialMarkerLandscapeAtlas.png	/mnt/h/vir/ST/results/step8_strokeniche_perturbmap/spatial_landscape_atlas_75c_dark_fixed_cbar
Step75_spatial_marker_module_atlas	main_candidate_spatial_marker_module_atlas	/mnt/h/vir/ST/results/step8_strokeniche_perturbmap/spatial_landscape_atlas_75c_dark_fixed_cbar/Fig_Step75C_DarkSpatialMarkerLandscapeAtlas.svg	Fig_Step75C_DarkSpatialMarkerLandscapeAtlas.svg	.svg	36957021	0ee8ad248d4bdf71af602002a6707f9d3b0a5a283d4b343be9710b200ce9ef0a	zenodo_data_results_bundle/figures/Step75_spatial_marker_module_atlas/Fig_Step75C_DarkSpatialMarkerLandscapeAtlas.svg	/mnt/h/vir/ST/results/step8_strokeniche_perturbmap/spatial_landscape_atlas_75c_dark_fixed_cbar
Step75_spatial_marker_module_atlas	main_candidate_spatial_marker_module_atlas	/mnt/h/vir/ST/results/step8_strokeniche_perturbmap/spatial_landscape_atlas_75c_dark_fixed_cbar/Fig_Step75C_DarkSpatialModuleLandscapeAtlas.pdf	Fig_Step75C_DarkSpatialModuleLandscapeAtlas.pdf	.pdf	11155113	12b9ca7640c97f53ecc26681e0c9ad743827643497f6de8b378b76b1d4849064	zenodo_data_results_bundle/figures/Step75_spatial_marker_module_atlas/Fig_Step75C_DarkSpatialModuleLandscapeAtlas.pdf	/mnt/h/vir/ST/results/step8_strokeniche_perturbmap/spatial_landscape_atlas_75c_dark_fixed_cbar
Step75_spatial_marker_module_atlas	main_candidate_spatial_marker_module_atlas	/mnt/h/vir/ST/results/step8_strokeniche_perturbmap/spatial_landscape_atlas_75c_dark_fixed_cbar/Fig_Step75C_DarkSpatialModuleLandscapeAtlas.png	Fig_Step75C_DarkSpatialModuleLandscapeAtlas.png	.png	10523224	de43641f1a54d5fa3a82ce988f3c08be331d234dd170bbd4faac9d0b2a5c45ad	zenodo_data_results_bundle/figures/Step75_spatial_marker_module_atlas/Fig_Step75C_DarkSpatialModuleLandscapeAtlas.png	/mnt/h/vir/ST/results/step8_strokeniche_perturbmap/spatial_landscape_atlas_75c_dark_fixed_cbar
Step75_spatial_marker_module_atlas	main_candidate_spatial_marker_module_atlas	/mnt/h/vir/ST/results/step8_strokeniche_perturbmap/spatial_landscape_atlas_75c_dark_fixed_cbar/Fig_Step75C_DarkSpatialModuleLandscapeAtlas.svg	Fig_Step75C_DarkSpatialModuleLandscapeAtlas.svg	.svg	19652917	686d13ace864ff23deb3de13af2c6ba1ebee8b83b5c913577802296405159d0e	zenodo_data_results_bundle/figures/Step75_spatial_marker_module_atlas/Fig_Step75C_DarkSpatialModuleLandscapeAtlas.svg	/mnt/h/vir/ST/results/step8_strokeniche_perturbmap/spatial_landscape_atlas_75c_dark_fixed_cbar
Step75_spatial_marker_module_atlas	main_candidate_spatial_marker_module_atlas	/mnt/h/vir/ST/results/step8_strokeniche_perturbmap/spatial_landscape_atlas_75c_dark_fixed_cbar/Fig_Step75C_DarkSpatialStateProbabilityLandscapeAtlas.pdf	Fig_Step75C_DarkSpatialStateProbabilityLandscapeAtlas.pdf	.pdf	4669386	491c24c3fe5c3148a6b15e6a1a8fd5775b342147a87cd593d706b3b6a6859861	zenodo_data_results_bundle/figures/Step75_spatial_marker_module_atlas/Fig_Step75C_DarkSpatialStateProbabilityLandscapeAtlas.pdf	/mnt/h/vir/ST/results/step8_strokeniche_perturbmap/spatial_landscape_atlas_75c_dark_fixed_cbar
Step75_spatial_marker_module_atlas	main_candidate_spatial_marker_module_atlas	/mnt/h/vir/ST/results/step8_strokeniche_perturbmap/spatial_landscape_atlas_75c_dark_fixed_cbar/Fig_Step75C_DarkSpatialStateProbabilityLandscapeAtlas.png	Fig_Step75C_DarkSpatialStateProbabilityLandscapeAtlas.png	.png	2985786	b234c6a1379654e7dfd09857504b95fc8f783d2216ff668c2f66fae791e1f7bb	zenodo_data_results_bundle/figures/Step75_spatial_marker_module_atlas/Fig_Step75C_DarkSpatialStateProbabilityLandscapeAtlas.png	/mnt/h/vir/ST/results/step8_strokeniche_perturbmap/spatial_landscape_atlas_75c_dark_fixed_cbar
Step75_spatial_marker_module_atlas	main_candidate_spatial_marker_module_atlas	/mnt/h/vir/ST/results/step8_strokeniche_perturbmap/spatial_landscape_atlas_75c_dark_fixed_cbar/Fig_Step75C_DarkSpatialStateProbabilityLandscapeAtlas.svg	Fig_Step75C_DarkSpatialStateProbabilityLandscapeAtlas.svg	.svg	8188523	8644e32a9bcfac136110978672f58cc7f3470b787630c562dd8865d5aff4b072	zenodo_data_results_bundle/figures/Step75_spatial_marker_module_atlas/Fig_Step75C_DarkSpatialStateProbabilityLandscapeAtlas.svg	/mnt/h/vir/ST/results/step8_strokeniche_perturbmap/spatial_landscape_atlas_75c_dark_fixed_cbar
Step75_spatial_marker_module_atlas	main_candidate_spatial_marker_module_atlas	/mnt/h/vir/ST/results/step8_strokeniche_perturbmap/virtual_perturbation_spatial_rescue_atlas_75e_A3/Fig_Step75E_BeforeAfterVirtualPerturbationSpatialRescueAtlas (1).png	Fig_Step75E_BeforeAfterVirtualPerturbationSpatialRescueAtlas (1).png	.png	2214098	88d25899b3fa89eafaf4a636be9bc18ac1fd0b84ed9bc7932ab931e0d1fcef0f	zenodo_data_results_bundle/figures/Step75_spatial_marker_module_atlas/Fig_Step75E_BeforeAfterVirtualPerturbationSpatialRescueAtlas (1).png	/mnt/h/vir/ST/results/step8_strokeniche_perturbmap/virtual_perturbation_spatial_rescue_atlas_75e_A3
Step75_spatial_marker_module_atlas	main_candidate_spatial_marker_module_atlas	/mnt/h/vir/ST/results/step8_strokeniche_perturbmap/virtual_perturbation_spatial_rescue_atlas_75e_A3/Fig_Step75E_BeforeAfterVirtualPerturbationSpatialRescueAtlas - 副本.png	Fig_Step75E_BeforeAfterVirtualPerturbationSpatialRescueAtlas - 副本.png	.png	2214098	88d25899b3fa89eafaf4a636be9bc18ac1fd0b84ed9bc7932ab931e0d1fcef0f	zenodo_data_results_bundle/figures/Step75_spatial_marker_module_atlas/Fig_Step75E_BeforeAfterVirtualPerturbationSpatialRescueAtlas - 副本.png	/mnt/h/vir/ST/results/step8_strokeniche_perturbmap/virtual_perturbation_spatial_rescue_atlas_75e_A3
Step75_spatial_marker_module_atlas	main_candidate_spatial_marker_module_atlas	/mnt/h/vir/ST/results/step8_strokeniche_perturbmap/virtual_perturbation_spatial_rescue_atlas_75e_A3/Fig_Step75E_BeforeAfterVirtualPerturbationSpatialRescueAtlas.pdf	Fig_Step75E_BeforeAfterVirtualPerturbationSpatialRescueAtlas.pdf	.pdf	23274247	eb05acf092926a31c5ce68d71c97db2e6ac352755de77917f3116246d10f734c	zenodo_data_results_bundle/figures/Step75_spatial_marker_module_atlas/Fig_Step75E_BeforeAfterVirtualPerturbationSpatialRescueAtlas.pdf	/mnt/h/vir/ST/results/step8_strokeniche_perturbmap/virtual_perturbation_spatial_rescue_atlas_75e_A3
Step75_spatial_marker_module_atlas	main_candidate_spatial_marker_module_atlas	/mnt/h/vir/ST/results/step8_strokeniche_perturbmap/virtual_perturbation_spatial_rescue_atlas_75e_A3/Fig_Step75E_BeforeAfterVirtualPerturbationSpatialRescueAtlas.png	Fig_Step75E_BeforeAfterVirtualPerturbationSpatialRescueAtlas.png	.png	12966718	b4575fb874d0e437c20922e87df349d23e7a8a72f14e5fc81793526dc3a2a833	zenodo_data_results_bundle/figures/Step75_spatial_marker_module_atlas/Fig_Step75E_BeforeAfterVirtualPerturbationSpatialRescueAtlas.png	/mnt/h/vir/ST/results/step8_strokeniche_perturbmap/virtual_perturbation_spatial_rescue_atlas_75e_A3
Step75_spatial_marker_module_atlas	main_candidate_spatial_marker_module_atlas	/mnt/h/vir/ST/results/step8_strokeniche_perturbmap/virtual_perturbation_spatial_rescue_atlas_75e_A3/Fig_Step75E_BeforeAfterVirtualPerturbationSpatialRescueAtlas.svg	Fig_Step75E_BeforeAfterVirtualPerturbationSpatialRescueAtlas.svg	.svg	39866817	b907cc22ac7c0f971751df08e05762d6a78bd7736e241878852fb51435476273	zenodo_data_results_bundle/figures/Step75_spatial_marker_module_atlas/Fig_Step75E_BeforeAfterVirtualPerturbationSpatialRescueAtlas.svg	/mnt/h/vir/ST/results/step8_strokeniche_perturbmap/virtual_perturbation_spatial_rescue_atlas_75e_A3
Step76_latent_pseudo_energy_landscape	main_candidate_latent_pseudo_energy	/mnt/h/vir/ST/results/step8_strokeniche_perturbmap/latent_pseudo_energy_landscape_76/Fig_Step76_StrokeNiche_LatentStatePotentialLandscape_2D.pdf	Fig_Step76_StrokeNiche_LatentStatePotentialLandscape_2D.pdf	.pdf	4057618	af20b7c33ec3c21bfe0d530db9917395685d15476e8328f4a9a9c4492206a2a4	zenodo_data_results_bundle/figures/Step76_latent_pseudo_energy_landscape/Fig_Step76_StrokeNiche_LatentStatePotentialLandscape_2D.pdf	/mnt/h/vir/ST/results/step8_strokeniche_perturbmap/latent_pseudo_energy_landscape_76
Step76_latent_pseudo_energy_landscape	main_candidate_latent_pseudo_energy	/mnt/h/vir/ST/results/step8_strokeniche_perturbmap/latent_pseudo_energy_landscape_76/Fig_Step76_StrokeNiche_LatentStatePotentialLandscape_2D.png	Fig_Step76_StrokeNiche_LatentStatePotentialLandscape_2D.png	.png	8369166	ec599b006a5a490b3e3616bf56331850f06a6ea5ea9c00795c17f43be294d285	zenodo_data_results_bundle/figures/Step76_latent_pseudo_energy_landscape/Fig_Step76_StrokeNiche_LatentStatePotentialLandscape_2D.png	/mnt/h/vir/ST/results/step8_strokeniche_perturbmap/latent_pseudo_energy_landscape_76
Step76_latent_pseudo_energy_landscape	main_candidate_latent_pseudo_energy	/mnt/h/vir/ST/results/step8_strokeniche_perturbmap/latent_pseudo_energy_landscape_76/Fig_Step76_StrokeNiche_LatentStatePotentialLandscape_2D.svg	Fig_Step76_StrokeNiche_LatentStatePotentialLandscape_2D.svg	.svg	6540183	7ef02c2b2f5627b6086e6ce208f21565b8e361226c6c37fadab1dac65f1e8fe8	zenodo_data_results_bundle/figures/Step76_latent_pseudo_energy_landscape/Fig_Step76_StrokeNiche_LatentStatePotentialLandscape_2D.svg	/mnt/h/vir/ST/results/step8_strokeniche_perturbmap/latent_pseudo_energy_landscape_76
Step76_latent_pseudo_energy_landscape	main_candidate_latent_pseudo_energy	/mnt/h/vir/ST/results/step8_strokeniche_perturbmap/latent_pseudo_energy_landscape_76/Fig_Step76_StrokeNiche_LatentStatePotentialLandscape_3D.pdf	Fig_Step76_StrokeNiche_LatentStatePotentialLandscape_3D.pdf	.pdf	720630	effb73396f3509076c09c56207f60ae0282d0ccedded3dbb7e4c2ac6158d27c5	zenodo_data_results_bundle/figures/Step76_latent_pseudo_energy_landscape/Fig_Step76_StrokeNiche_LatentStatePotentialLandscape_3D.pdf	/mnt/h/vir/ST/results/step8_strokeniche_perturbmap/latent_pseudo_energy_landscape_76
Step76_latent_pseudo_energy_landscape	main_candidate_latent_pseudo_energy	/mnt/h/vir/ST/results/step8_strokeniche_perturbmap/latent_pseudo_energy_landscape_76/Fig_Step76_StrokeNiche_LatentStatePotentialLandscape_3D.png	Fig_Step76_StrokeNiche_LatentStatePotentialLandscape_3D.png	.png	3340767	87d121a41666f8702a346fe26a48d1790dc9afed582bba0bdafb68c132286ab9	zenodo_data_results_bundle/figures/Step76_latent_pseudo_energy_landscape/Fig_Step76_StrokeNiche_LatentStatePotentialLandscape_3D.png	/mnt/h/vir/ST/results/step8_strokeniche_perturbmap/latent_pseudo_energy_landscape_76
Step76_latent_pseudo_energy_landscape	main_candidate_latent_pseudo_energy	/mnt/h/vir/ST/results/step8_strokeniche_perturbmap/latent_pseudo_energy_landscape_76/Fig_Step76_StrokeNiche_LatentStatePotentialLandscape_3D.svg	Fig_Step76_StrokeNiche_LatentStatePotentialLandscape_3D.svg	.svg	3694616	c4575c6b3e539c94afe10a47d1d922855befce6263a166829ec75861373ad59c	zenodo_data_results_bundle/figures/Step76_latent_pseudo_energy_landscape/Fig_Step76_StrokeNiche_LatentStatePotentialLandscape_3D.svg	/mnt/h/vir/ST/results/step8_strokeniche_perturbmap/latent_pseudo_energy_landscape_76
Step76_latent_pseudo_energy_landscape	main_candidate_latent_pseudo_energy	/mnt/h/vir/ST/results/step8_strokeniche_perturbmap/latent_pseudo_energy_landscape_76b_X_nicheformer_forced_final/Fig_Step76_StrokeNiche_LatentStatePotentialLandscape_2D.pdf	Fig_Step76_StrokeNiche_LatentStatePotentialLandscape_2D.pdf	.pdf	4947110	cfa547236a4c0dc1ead8cecf6302d80b5f8b9051456376defa5d0fccb69a42bf	zenodo_data_results_bundle/figures/Step76_latent_pseudo_energy_landscape/Fig_Step76_StrokeNiche_LatentStatePotentialLandscape_2D.pdf	/mnt/h/vir/ST/results/step8_strokeniche_perturbmap/latent_pseudo_energy_landscape_76b_X_nicheformer_forced_final
Step76_latent_pseudo_energy_landscape	main_candidate_latent_pseudo_energy	/mnt/h/vir/ST/results/step8_strokeniche_perturbmap/latent_pseudo_energy_landscape_76b_X_nicheformer_forced_final/Fig_Step76_StrokeNiche_LatentStatePotentialLandscape_2D.png	Fig_Step76_StrokeNiche_LatentStatePotentialLandscape_2D.png	.png	9099835	990da7bd00a029df89e54dac92234704e835f60d0625e711add2d579e598cf01	zenodo_data_results_bundle/figures/Step76_latent_pseudo_energy_landscape/Fig_Step76_StrokeNiche_LatentStatePotentialLandscape_2D.png	/mnt/h/vir/ST/results/step8_strokeniche_perturbmap/latent_pseudo_energy_landscape_76b_X_nicheformer_forced_final
Step76_latent_pseudo_energy_landscape	main_candidate_latent_pseudo_energy	/mnt/h/vir/ST/results/step8_strokeniche_perturbmap/latent_pseudo_energy_landscape_76b_X_nicheformer_forced_final/Fig_Step76_StrokeNiche_LatentStatePotentialLandscape_2D.svg	Fig_Step76_StrokeNiche_LatentStatePotentialLandscape_2D.svg	.svg	8280090	39d056899ff96a6c9cd76d7c246eb8e2a6ff203901096e12880e9487dfbb4169	zenodo_data_results_bundle/figures/Step76_latent_pseudo_energy_landscape/Fig_Step76_StrokeNiche_LatentStatePotentialLandscape_2D.svg	/mnt/h/vir/ST/results/step8_strokeniche_perturbmap/latent_pseudo_energy_landscape_76b_X_nicheformer_forced_final
Step76_latent_pseudo_energy_landscape	main_candidate_latent_pseudo_energy	/mnt/h/vir/ST/results/step8_strokeniche_perturbmap/latent_pseudo_energy_landscape_76b_X_nicheformer_forced_final/Fig_Step76_StrokeNiche_LatentStatePotentialLandscape_3D.pdf	Fig_Step76_StrokeNiche_LatentStatePotentialLandscape_3D.pdf	.pdf	762414	5994333f79bc3438d2f09644ee0569931d8f5ac0e3e8b32eeb216d09a6b9d6f4	zenodo_data_results_bundle/figures/Step76_latent_pseudo_energy_landscape/Fig_Step76_StrokeNiche_LatentStatePotentialLandscape_3D.pdf	/mnt/h/vir/ST/results/step8_strokeniche_perturbmap/latent_pseudo_energy_landscape_76b_X_nicheformer_forced_final
Step76_latent_pseudo_energy_landscape	main_candidate_latent_pseudo_energy	/mnt/h/vir/ST/results/step8_strokeniche_perturbmap/latent_pseudo_energy_landscape_76b_X_nicheformer_forced_final/Fig_Step76_StrokeNiche_LatentStatePotentialLandscape_3D.png	Fig_Step76_StrokeNiche_LatentStatePotentialLandscape_3D.png	.png	3281057	dbe98fb0c9987a14a6464c5a33fb427b5d081e3ef6d4372c0ea9d38bde9f45a3	zenodo_data_results_bundle/figures/Step76_latent_pseudo_energy_landscape/Fig_Step76_StrokeNiche_LatentStatePotentialLandscape_3D.png	/mnt/h/vir/ST/results/step8_strokeniche_perturbmap/latent_pseudo_energy_landscape_76b_X_nicheformer_forced_final
Step76_latent_pseudo_energy_landscape	main_candidate_latent_pseudo_energy	/mnt/h/vir/ST/results/step8_strokeniche_perturbmap/latent_pseudo_energy_landscape_76b_X_nicheformer_forced_final/Fig_Step76_StrokeNiche_LatentStatePotentialLandscape_3D.svg	Fig_Step76_StrokeNiche_LatentStatePotentialLandscape_3D.svg	.svg	3695629	5b52378817e194e1c62150898b5d191fcc0d086a2058b0aa16ca9f740fe3e645	zenodo_data_results_bundle/figures/Step76_latent_pseudo_energy_landscape/Fig_Step76_StrokeNiche_LatentStatePotentialLandscape_3D.svg	/mnt/h/vir/ST/results/step8_strokeniche_perturbmap/latent_pseudo_energy_landscape_76b_X_nicheformer_forced_final
Step76_latent_pseudo_energy_landscape	main_candidate_latent_pseudo_energy	/mnt/h/vir/ST/results/step8_strokeniche_perturbmap/latent_pseudo_energy_landscape_76b_X_pca_python_forced_baseline/Fig_Step76_StrokeNiche_LatentStatePotentialLandscape_2D.pdf	Fig_Step76_StrokeNiche_LatentStatePotentialLandscape_2D.pdf	.pdf	3381130	a8556d90b17b3caea35fc3d85fe764900a16f6d4690acafed74c98a4a065f715	zenodo_data_results_bundle/figures/Step76_latent_pseudo_energy_landscape/Fig_Step76_StrokeNiche_LatentStatePotentialLandscape_2D.pdf	/mnt/h/vir/ST/results/step8_strokeniche_perturbmap/latent_pseudo_energy_landscape_76b_X_pca_python_forced_baseline
Step76_latent_pseudo_energy_landscape	main_candidate_latent_pseudo_energy	/mnt/h/vir/ST/results/step8_strokeniche_perturbmap/latent_pseudo_energy_landscape_76b_X_pca_python_forced_baseline/Fig_Step76_StrokeNiche_LatentStatePotentialLandscape_2D.png	Fig_Step76_StrokeNiche_LatentStatePotentialLandscape_2D.png	.png	8655383	8e7340a0250218518d43e504354065201c700f665629ab404f51c232de2467f0	zenodo_data_results_bundle/figures/Step76_latent_pseudo_energy_landscape/Fig_Step76_StrokeNiche_LatentStatePotentialLandscape_2D.png	/mnt/h/vir/ST/results/step8_strokeniche_perturbmap/latent_pseudo_energy_landscape_76b_X_pca_python_forced_baseline
Step76_latent_pseudo_energy_landscape	main_candidate_latent_pseudo_energy	/mnt/h/vir/ST/results/step8_strokeniche_perturbmap/latent_pseudo_energy_landscape_76b_X_pca_python_forced_baseline/Fig_Step76_StrokeNiche_LatentStatePotentialLandscape_2D.svg	Fig_Step76_StrokeNiche_LatentStatePotentialLandscape_2D.svg	.svg	6344105	2f793c729d0a57fc6d90b9bc207f30544118c186f446368370768755c7261511	zenodo_data_results_bundle/figures/Step76_latent_pseudo_energy_landscape/Fig_Step76_StrokeNiche_LatentStatePotentialLandscape_2D.svg	/mnt/h/vir/ST/results/step8_strokeniche_perturbmap/latent_pseudo_energy_landscape_76b_X_pca_python_forced_baseline
Step76_latent_pseudo_energy_landscape	main_candidate_latent_pseudo_energy	/mnt/h/vir/ST/results/step8_strokeniche_perturbmap/latent_pseudo_energy_landscape_76b_X_pca_python_forced_baseline/Fig_Step76_StrokeNiche_LatentStatePotentialLandscape_3D.pdf	Fig_Step76_StrokeNiche_LatentStatePotentialLandscape_3D.pdf	.pdf	748027	000223b9693225cf9674f68777ecd358a6566f461cde907e925e5c9a95d39a5d	zenodo_data_results_bundle/figures/Step76_latent_pseudo_energy_landscape/Fig_Step76_StrokeNiche_LatentStatePotentialLandscape_3D.pdf	/mnt/h/vir/ST/results/step8_strokeniche_perturbmap/latent_pseudo_energy_landscape_76b_X_pca_python_forced_baseline
Step76_latent_pseudo_energy_landscape	main_candidate_latent_pseudo_energy	/mnt/h/vir/ST/results/step8_strokeniche_perturbmap/latent_pseudo_energy_landscape_76b_X_pca_python_forced_baseline/Fig_Step76_StrokeNiche_LatentStatePotentialLandscape_3D.png	Fig_Step76_StrokeNiche_LatentStatePotentialLandscape_3D.png	.png	3238523	d67f4c7ab52596f76a0ba6ee2097b768669b69978079ffa381fa9746876c1200	zenodo_data_results_bundle/figures/Step76_latent_pseudo_energy_landscape/Fig_Step76_StrokeNiche_LatentStatePotentialLandscape_3D.png	/mnt/h/vir/ST/results/step8_strokeniche_perturbmap/latent_pseudo_energy_landscape_76b_X_pca_python_forced_baseline
Step76_latent_pseudo_energy_landscape	main_candidate_latent_pseudo_energy	/mnt/h/vir/ST/results/step8_strokeniche_perturbmap/latent_pseudo_energy_landscape_76b_X_pca_python_forced_baseline/Fig_Step76_StrokeNiche_LatentStatePotentialLandscape_3D.svg	Fig_Step76_StrokeNiche_LatentStatePotentialLandscape_3D.svg	.svg	3691223	6008c29d84b1349ad2b95145d3859fc32613e5a20afbcecd79cb7df72b34d4fe	zenodo_data_results_bundle/figures/Step76_latent_pseudo_energy_landscape/Fig_Step76_StrokeNiche_LatentStatePotentialLandscape_3D.svg	/mnt/h/vir/ST/results/step8_strokeniche_perturbmap/latent_pseudo_energy_landscape_76b_X_pca_python_forced_baseline
Step76_latent_pseudo_energy_landscape	main_candidate_latent_pseudo_energy	/mnt/h/vir/ST/results/step8_strokeniche_perturbmap/latent_pseudo_energy_landscape_76b_X_scgpt_forced_sensitivity/Fig_Step76_StrokeNiche_LatentStatePotentialLandscape_2D.pdf	Fig_Step76_StrokeNiche_LatentStatePotentialLandscape_2D.pdf	.pdf	3548698	1f9077da46b551b4dca019b9f264500b99baf82abdf460aaac786cbdcf6da0cd	zenodo_data_results_bundle/figures/Step76_latent_pseudo_energy_landscape/Fig_Step76_StrokeNiche_LatentStatePotentialLandscape_2D.pdf	/mnt/h/vir/ST/results/step8_strokeniche_perturbmap/latent_pseudo_energy_landscape_76b_X_scgpt_forced_sensitivity
Step76_latent_pseudo_energy_landscape	main_candidate_latent_pseudo_energy	/mnt/h/vir/ST/results/step8_strokeniche_perturbmap/latent_pseudo_energy_landscape_76b_X_scgpt_forced_sensitivity/Fig_Step76_StrokeNiche_LatentStatePotentialLandscape_2D.png	Fig_Step76_StrokeNiche_LatentStatePotentialLandscape_2D.png	.png	7812543	fedaedc3817642ee6821673fb54eb243260dbb5721c5781d0af7bb2356b67300	zenodo_data_results_bundle/figures/Step76_latent_pseudo_energy_landscape/Fig_Step76_StrokeNiche_LatentStatePotentialLandscape_2D.png	/mnt/h/vir/ST/results/step8_strokeniche_perturbmap/latent_pseudo_energy_landscape_76b_X_scgpt_forced_sensitivity
Step76_latent_pseudo_energy_landscape	main_candidate_latent_pseudo_energy	/mnt/h/vir/ST/results/step8_strokeniche_perturbmap/latent_pseudo_energy_landscape_76b_X_scgpt_forced_sensitivity/Fig_Step76_StrokeNiche_LatentStatePotentialLandscape_2D.svg	Fig_Step76_StrokeNiche_LatentStatePotentialLandscape_2D.svg	.svg	6679007	5d67b0ebc6b6ee1ec6434e52b2c44bb48a27f25121ecf203a502ff1c9df824f3	zenodo_data_results_bundle/figures/Step76_latent_pseudo_energy_landscape/Fig_Step76_StrokeNiche_LatentStatePotentialLandscape_2D.svg	/mnt/h/vir/ST/results/step8_strokeniche_perturbmap/latent_pseudo_energy_landscape_76b_X_scgpt_forced_sensitivity
Step76_latent_pseudo_energy_landscape	main_candidate_latent_pseudo_energy	/mnt/h/vir/ST/results/step8_strokeniche_perturbmap/latent_pseudo_energy_landscape_76b_X_scgpt_forced_sensitivity/Fig_Step76_StrokeNiche_LatentStatePotentialLandscape_3D.pdf	Fig_Step76_StrokeNiche_LatentStatePotentialLandscape_3D.pdf	.pdf	791417	81105b65e5ca54d2022e710ad856a6aa322a3cdf8f395cbca5bcdff5062ccb43	zenodo_data_results_bundle/figures/Step76_latent_pseudo_energy_landscape/Fig_Step76_StrokeNiche_LatentStatePotentialLandscape_3D.pdf	/mnt/h/vir/ST/results/step8_strokeniche_perturbmap/latent_pseudo_energy_landscape_76b_X_scgpt_forced_sensitivity
Step76_latent_pseudo_energy_landscape	main_candidate_latent_pseudo_energy	/mnt/h/vir/ST/results/step8_strokeniche_perturbmap/latent_pseudo_energy_landscape_76b_X_scgpt_forced_sensitivity/Fig_Step76_StrokeNiche_LatentStatePotentialLandscape_3D.png	Fig_Step76_StrokeNiche_LatentStatePotentialLandscape_3D.png	.png	3439014	4490a362a024cc7189ea0e42b9370e75d782f113b5b21670d4ec41dc6439a226	zenodo_data_results_bundle/figures/Step76_latent_pseudo_energy_landscape/Fig_Step76_StrokeNiche_LatentStatePotentialLandscape_3D.png	/mnt/h/vir/ST/results/step8_strokeniche_perturbmap/latent_pseudo_energy_landscape_76b_X_scgpt_forced_sensitivity
Step76_latent_pseudo_energy_landscape	main_candidate_latent_pseudo_energy	/mnt/h/vir/ST/results/step8_strokeniche_perturbmap/latent_pseudo_energy_landscape_76b_X_scgpt_forced_sensitivity/Fig_Step76_StrokeNiche_LatentStatePotentialLandscape_3D.svg	Fig_Step76_StrokeNiche_LatentStatePotentialLandscape_3D.svg	.svg	3695717	383f5fd215031a8d895278370a0a1e5b008d999479865713370a8a009de68b2c	zenodo_data_results_bundle/figures/Step76_latent_pseudo_energy_landscape/Fig_Step76_StrokeNiche_LatentStatePotentialLandscape_3D.svg	/mnt/h/vir/ST/results/step8_strokeniche_perturbmap/latent_pseudo_energy_landscape_76b_X_scgpt_forced_sensitivity
Step77_latent_state_probability_landscape	supplementary_or_qc	/mnt/h/vir/ST/results/step8_strokeniche_perturbmap/latent_state_probability_landscape_77_X_nicheformer_forced_final/Fig_Step77_StateProbabilityLandscape_2D_Atlas.pdf	Fig_Step77_StateProbabilityLandscape_2D_Atlas.pdf	.pdf	1305482	fc407f9d84fba683a7679ce7349b63b31672428337d6cd0df7902a6e2a6cb2ea	zenodo_data_results_bundle/figures/Step77_latent_state_probability_landscape/Fig_Step77_StateProbabilityLandscape_2D_Atlas.pdf	/mnt/h/vir/ST/results/step8_strokeniche_perturbmap/latent_state_probability_landscape_77_X_nicheformer_forced_final
Step77_latent_state_probability_landscape	supplementary_or_qc	/mnt/h/vir/ST/results/step8_strokeniche_perturbmap/latent_state_probability_landscape_77_X_nicheformer_forced_final/Fig_Step77_StateProbabilityLandscape_2D_Atlas.png	Fig_Step77_StateProbabilityLandscape_2D_Atlas.png	.png	9252727	cf8aa1eeb68f1b475d9ea06ab051ea2449b0bc4000ae5f5e95a4759f98be2800	zenodo_data_results_bundle/figures/Step77_latent_state_probability_landscape/Fig_Step77_StateProbabilityLandscape_2D_Atlas.png	/mnt/h/vir/ST/results/step8_strokeniche_perturbmap/latent_state_probability_landscape_77_X_nicheformer_forced_final
Step77_latent_state_probability_landscape	supplementary_or_qc	/mnt/h/vir/ST/results/step8_strokeniche_perturbmap/latent_state_probability_landscape_77_X_nicheformer_forced_final/Fig_Step77_StateProbabilityLandscape_2D_Atlas.svg	Fig_Step77_StateProbabilityLandscape_2D_Atlas.svg	.svg	6732201	289777270a5cd487a17fa3bc0f6ea45cb7fc6901c7e3fe7788bc91a16c42bc4f	zenodo_data_results_bundle/figures/Step77_latent_state_probability_landscape/Fig_Step77_StateProbabilityLandscape_2D_Atlas.svg	/mnt/h/vir/ST/results/step8_strokeniche_perturbmap/latent_state_probability_landscape_77_X_nicheformer_forced_final
Step77_latent_state_probability_landscape	supplementary_or_qc	/mnt/h/vir/ST/results/step8_strokeniche_perturbmap/latent_state_probability_landscape_77_X_nicheformer_forced_final/Fig_Step77_core_Landscape_2D3DPeaks.pdf	Fig_Step77_core_Landscape_2D3DPeaks.pdf	.pdf	1013484	9d69a9e53f7a3fd74b1b63e2990c99bafefb5da52a0e0bc568b5f3b791b5baad	zenodo_data_results_bundle/figures/Step77_latent_state_probability_landscape/Fig_Step77_core_Landscape_2D3DPeaks.pdf	/mnt/h/vir/ST/results/step8_strokeniche_perturbmap/latent_state_probability_landscape_77_X_nicheformer_forced_final
Step77_latent_state_probability_landscape	supplementary_or_qc	/mnt/h/vir/ST/results/step8_strokeniche_perturbmap/latent_state_probability_landscape_77_X_nicheformer_forced_final/Fig_Step77_core_Landscape_2D3DPeaks.png	Fig_Step77_core_Landscape_2D3DPeaks.png	.png	5492820	83f0de3eba4ca2e32bbef4e0fca40df63a691bc8f5167da5fa482417fb0ce461	zenodo_data_results_bundle/figures/Step77_latent_state_probability_landscape/Fig_Step77_core_Landscape_2D3DPeaks.png	/mnt/h/vir/ST/results/step8_strokeniche_perturbmap/latent_state_probability_landscape_77_X_nicheformer_forced_final
Step77_latent_state_probability_landscape	supplementary_or_qc	/mnt/h/vir/ST/results/step8_strokeniche_perturbmap/latent_state_probability_landscape_77_X_nicheformer_forced_final/Fig_Step77_core_Landscape_2D3DPeaks.svg	Fig_Step77_core_Landscape_2D3DPeaks.svg	.svg	4663426	b6875233ee100970d88db33824ec7712a13051ef8f59bd7f9129c6ce355737d2	zenodo_data_results_bundle/figures/Step77_latent_state_probability_landscape/Fig_Step77_core_Landscape_2D3DPeaks.svg	/mnt/h/vir/ST/results/step8_strokeniche_perturbmap/latent_state_probability_landscape_77_X_nicheformer_forced_final
Step77_latent_state_probability_landscape	supplementary_or_qc	/mnt/h/vir/ST/results/step8_strokeniche_perturbmap/latent_state_probability_landscape_77_X_nicheformer_forced_final/Fig_Step77_peri_Landscape_2D3DPeaks.pdf	Fig_Step77_peri_Landscape_2D3DPeaks.pdf	.pdf	1013823	e7f238f319b6177a63f6ceac698b118c88b93a864bdbb26b4609a5145dd4d211	zenodo_data_results_bundle/figures/Step77_latent_state_probability_landscape/Fig_Step77_peri_Landscape_2D3DPeaks.pdf	/mnt/h/vir/ST/results/step8_strokeniche_perturbmap/latent_state_probability_landscape_77_X_nicheformer_forced_final
Step77_latent_state_probability_landscape	supplementary_or_qc	/mnt/h/vir/ST/results/step8_strokeniche_perturbmap/latent_state_probability_landscape_77_X_nicheformer_forced_final/Fig_Step77_peri_Landscape_2D3DPeaks.png	Fig_Step77_peri_Landscape_2D3DPeaks.png	.png	5502858	3bf427da8d06012ca80facb76dfcdd3d8cc9fcce9fe98d622b80bf093675a80f	zenodo_data_results_bundle/figures/Step77_latent_state_probability_landscape/Fig_Step77_peri_Landscape_2D3DPeaks.png	/mnt/h/vir/ST/results/step8_strokeniche_perturbmap/latent_state_probability_landscape_77_X_nicheformer_forced_final
Step77_latent_state_probability_landscape	supplementary_or_qc	/mnt/h/vir/ST/results/step8_strokeniche_perturbmap/latent_state_probability_landscape_77_X_nicheformer_forced_final/Fig_Step77_peri_Landscape_2D3DPeaks.svg	Fig_Step77_peri_Landscape_2D3DPeaks.svg	.svg	4667015	c521c7529e3bcf4263053b7aea27898f79c8b267f9c08d08b2c5796825afcf13	zenodo_data_results_bundle/figures/Step77_latent_state_probability_landscape/Fig_Step77_peri_Landscape_2D3DPeaks.svg	/mnt/h/vir/ST/results/step8_strokeniche_perturbmap/latent_state_probability_landscape_77_X_nicheformer_forced_final
Step77_latent_state_probability_landscape	supplementary_or_qc	/mnt/h/vir/ST/results/step8_strokeniche_perturbmap/latent_state_probability_landscape_77_X_nicheformer_forced_final/Fig_Step77_remote_Landscape_2D3DPeaks.pdf	Fig_Step77_remote_Landscape_2D3DPeaks.pdf	.pdf	1013745	9cb2b4800a296ac8ad747e93d66c594ea68a0916e1477ad13b4ac3eb439ce1d1	zenodo_data_results_bundle/figures/Step77_latent_state_probability_landscape/Fig_Step77_remote_Landscape_2D3DPeaks.pdf	/mnt/h/vir/ST/results/step8_strokeniche_perturbmap/latent_state_probability_landscape_77_X_nicheformer_forced_final
Step77_latent_state_probability_landscape	supplementary_or_qc	/mnt/h/vir/ST/results/step8_strokeniche_perturbmap/latent_state_probability_landscape_77_X_nicheformer_forced_final/Fig_Step77_remote_Landscape_2D3DPeaks.png	Fig_Step77_remote_Landscape_2D3DPeaks.png	.png	5520581	b4d6c0bb7f2c42e93fb87e61233451a9d11230e184370a5c812cdbab61720de0	zenodo_data_results_bundle/figures/Step77_latent_state_probability_landscape/Fig_Step77_remote_Landscape_2D3DPeaks.png	/mnt/h/vir/ST/results/step8_strokeniche_perturbmap/latent_state_probability_landscape_77_X_nicheformer_forced_final
Step77_latent_state_probability_landscape	supplementary_or_qc	/mnt/h/vir/ST/results/step8_strokeniche_perturbmap/latent_state_probability_landscape_77_X_nicheformer_forced_final/Fig_Step77_remote_Landscape_2D3DPeaks.svg	Fig_Step77_remote_Landscape_2D3DPeaks.svg	.svg	4666522	82038471570be1acdf04a108eca05a1715f874745999d5762b0bf4218303173c	zenodo_data_results_bundle/figures/Step77_latent_state_probability_landscape/Fig_Step77_remote_Landscape_2D3DPeaks.svg	/mnt/h/vir/ST/results/step8_strokeniche_perturbmap/latent_state_probability_landscape_77_X_nicheformer_forced_final
Step77_latent_state_probability_landscape	supplementary_or_qc	/mnt/h/vir/ST/results/step8_strokeniche_perturbmap/latent_state_probability_landscape_77_X_nicheformer_forced_final/Fig_Step77_repair_Landscape_2D3DPeaks.pdf	Fig_Step77_repair_Landscape_2D3DPeaks.pdf	.pdf	1117986	de6eb83b0f8bc4b294d702e771b8c864b22b0eb59d0e8d3b84b5257f34a014f1	zenodo_data_results_bundle/figures/Step77_latent_state_probability_landscape/Fig_Step77_repair_Landscape_2D3DPeaks.pdf	/mnt/h/vir/ST/results/step8_strokeniche_perturbmap/latent_state_probability_landscape_77_X_nicheformer_forced_final
Step77_latent_state_probability_landscape	supplementary_or_qc	/mnt/h/vir/ST/results/step8_strokeniche_perturbmap/latent_state_probability_landscape_77_X_nicheformer_forced_final/Fig_Step77_repair_Landscape_2D3DPeaks.png	Fig_Step77_repair_Landscape_2D3DPeaks.png	.png	5526732	2d18a0de49ff4559a720ab2618583fb3cb9a710aee21d2d4a0ecef7cea006ead	zenodo_data_results_bundle/figures/Step77_latent_state_probability_landscape/Fig_Step77_repair_Landscape_2D3DPeaks.png	/mnt/h/vir/ST/results/step8_strokeniche_perturbmap/latent_state_probability_landscape_77_X_nicheformer_forced_final
Step77_latent_state_probability_landscape	supplementary_or_qc	/mnt/h/vir/ST/results/step8_strokeniche_perturbmap/latent_state_probability_landscape_77_X_nicheformer_forced_final/Fig_Step77_repair_Landscape_2D3DPeaks.svg	Fig_Step77_repair_Landscape_2D3DPeaks.svg	.svg	4818063	946af04dc9b77853db5ed5d052d97a141bd2986294e57d8eaac50ae87ef2096a	zenodo_data_results_bundle/figures/Step77_latent_state_probability_landscape/Fig_Step77_repair_Landscape_2D3DPeaks.svg	/mnt/h/vir/ST/results/step8_strokeniche_perturbmap/latent_state_probability_landscape_77_X_nicheformer_forced_final
Step77_latent_state_probability_landscape	supplementary_or_qc	/mnt/h/vir/ST/results/step8_strokeniche_perturbmap/latent_state_probability_landscape_77_X_scgpt_sensitivity/Fig_Step77_StateProbabilityLandscape_2D_Atlas.pdf	Fig_Step77_StateProbabilityLandscape_2D_Atlas.pdf	.pdf	1357491	3bd3617f83865e63fac123ac11ac7d037789559f1345aa5f42b37e5fc0981fc2	zenodo_data_results_bundle/figures/Step77_latent_state_probability_landscape/Fig_Step77_StateProbabilityLandscape_2D_Atlas.pdf	/mnt/h/vir/ST/results/step8_strokeniche_perturbmap/latent_state_probability_landscape_77_X_scgpt_sensitivity
Step77_latent_state_probability_landscape	supplementary_or_qc	/mnt/h/vir/ST/results/step8_strokeniche_perturbmap/latent_state_probability_landscape_77_X_scgpt_sensitivity/Fig_Step77_StateProbabilityLandscape_2D_Atlas.png	Fig_Step77_StateProbabilityLandscape_2D_Atlas.png	.png	7687129	da73d78bca2a11a5525680ee97f6a79b886f133590fa0c174c09380e6e51b2dd	zenodo_data_results_bundle/figures/Step77_latent_state_probability_landscape/Fig_Step77_StateProbabilityLandscape_2D_Atlas.png	/mnt/h/vir/ST/results/step8_strokeniche_perturbmap/latent_state_probability_landscape_77_X_scgpt_sensitivity
Step77_latent_state_probability_landscape	supplementary_or_qc	/mnt/h/vir/ST/results/step8_strokeniche_perturbmap/latent_state_probability_landscape_77_X_scgpt_sensitivity/Fig_Step77_StateProbabilityLandscape_2D_Atlas.svg	Fig_Step77_StateProbabilityLandscape_2D_Atlas.svg	.svg	7027747	ecd7b74f8443dbaf91cb9de1e68782eab5b082b4a4287c349e812cd636d6faea	zenodo_data_results_bundle/figures/Step77_latent_state_probability_landscape/Fig_Step77_StateProbabilityLandscape_2D_Atlas.svg	/mnt/h/vir/ST/results/step8_strokeniche_perturbmap/latent_state_probability_landscape_77_X_scgpt_sensitivity
Step77_latent_state_probability_landscape	supplementary_or_qc	/mnt/h/vir/ST/results/step8_strokeniche_perturbmap/latent_state_probability_landscape_77_X_scgpt_sensitivity/Fig_Step77_core_Landscape_2D3DPeaks.pdf	Fig_Step77_core_Landscape_2D3DPeaks.pdf	.pdf	1073721	45a303d9277fae7da1bf0001cd2b02279a19d27f58b8cf1d64e14a3e877829bb	zenodo_data_results_bundle/figures/Step77_latent_state_probability_landscape/Fig_Step77_core_Landscape_2D3DPeaks.pdf	/mnt/h/vir/ST/results/step8_strokeniche_perturbmap/latent_state_probability_landscape_77_X_scgpt_sensitivity
Step77_latent_state_probability_landscape	supplementary_or_qc	/mnt/h/vir/ST/results/step8_strokeniche_perturbmap/latent_state_probability_landscape_77_X_scgpt_sensitivity/Fig_Step77_core_Landscape_2D3DPeaks.png	Fig_Step77_core_Landscape_2D3DPeaks.png	.png	4904495	a67583a4f5b168952c0b1b1cb646b220a28b13605f166d39ac99d0cdc7c4b162	zenodo_data_results_bundle/figures/Step77_latent_state_probability_landscape/Fig_Step77_core_Landscape_2D3DPeaks.png	/mnt/h/vir/ST/results/step8_strokeniche_perturbmap/latent_state_probability_landscape_77_X_scgpt_sensitivity
Step77_latent_state_probability_landscape	supplementary_or_qc	/mnt/h/vir/ST/results/step8_strokeniche_perturbmap/latent_state_probability_landscape_77_X_scgpt_sensitivity/Fig_Step77_core_Landscape_2D3DPeaks.svg	Fig_Step77_core_Landscape_2D3DPeaks.svg	.svg	4882837	6c3d179f28abea398876143a8dfa1942082693596c1c955ca3c0c65cbb477c4c	zenodo_data_results_bundle/figures/Step77_latent_state_probability_landscape/Fig_Step77_core_Landscape_2D3DPeaks.svg	/mnt/h/vir/ST/results/step8_strokeniche_perturbmap/latent_state_probability_landscape_77_X_scgpt_sensitivity
Step77_latent_state_probability_landscape	supplementary_or_qc	/mnt/h/vir/ST/results/step8_strokeniche_perturbmap/latent_state_probability_landscape_77_X_scgpt_sensitivity/Fig_Step77_peri_Landscape_2D3DPeaks.pdf	Fig_Step77_peri_Landscape_2D3DPeaks.pdf	.pdf	1074062	fe583ce9a75643227609a9aeb834ffc93e6251dfb51747c4602c6cbcba4e87cb	zenodo_data_results_bundle/figures/Step77_latent_state_probability_landscape/Fig_Step77_peri_Landscape_2D3DPeaks.pdf	/mnt/h/vir/ST/results/step8_strokeniche_perturbmap/latent_state_probability_landscape_77_X_scgpt_sensitivity
Step77_latent_state_probability_landscape	supplementary_or_qc	/mnt/h/vir/ST/results/step8_strokeniche_perturbmap/latent_state_probability_landscape_77_X_scgpt_sensitivity/Fig_Step77_peri_Landscape_2D3DPeaks.png	Fig_Step77_peri_Landscape_2D3DPeaks.png	.png	4913341	130e94667d97a3a097c67149035c466d40eef7c28e8affb5862e5347f274efc5	zenodo_data_results_bundle/figures/Step77_latent_state_probability_landscape/Fig_Step77_peri_Landscape_2D3DPeaks.png	/mnt/h/vir/ST/results/step8_strokeniche_perturbmap/latent_state_probability_landscape_77_X_scgpt_sensitivity
Step77_latent_state_probability_landscape	supplementary_or_qc	/mnt/h/vir/ST/results/step8_strokeniche_perturbmap/latent_state_probability_landscape_77_X_scgpt_sensitivity/Fig_Step77_peri_Landscape_2D3DPeaks.svg	Fig_Step77_peri_Landscape_2D3DPeaks.svg	.svg	4886430	64e2fc3238d01c33d5f544261e3130167eca2bd64f7c82c99f73ca0a3c4d56e2	zenodo_data_results_bundle/figures/Step77_latent_state_probability_landscape/Fig_Step77_peri_Landscape_2D3DPeaks.svg	/mnt/h/vir/ST/results/step8_strokeniche_perturbmap/latent_state_probability_landscape_77_X_scgpt_sensitivity
Step77_latent_state_probability_landscape	supplementary_or_qc	/mnt/h/vir/ST/results/step8_strokeniche_perturbmap/latent_state_probability_landscape_77_X_scgpt_sensitivity/Fig_Step77_remote_Landscape_2D3DPeaks.pdf	Fig_Step77_remote_Landscape_2D3DPeaks.pdf	.pdf	1073978	a68311df8ed2fb377182fdf97f3044b3b8b2188cb10a0a8c452b44e83fe69e82	zenodo_data_results_bundle/figures/Step77_latent_state_probability_landscape/Fig_Step77_remote_Landscape_2D3DPeaks.pdf	/mnt/h/vir/ST/results/step8_strokeniche_perturbmap/latent_state_probability_landscape_77_X_scgpt_sensitivity
Step77_latent_state_probability_landscape	supplementary_or_qc	/mnt/h/vir/ST/results/step8_strokeniche_perturbmap/latent_state_probability_landscape_77_X_scgpt_sensitivity/Fig_Step77_remote_Landscape_2D3DPeaks.png	Fig_Step77_remote_Landscape_2D3DPeaks.png	.png	4929858	cf6886b81efcb38174292bfeda30c1514c9297f3b68fd4885d1019ac39dfa841	zenodo_data_results_bundle/figures/Step77_latent_state_probability_landscape/Fig_Step77_remote_Landscape_2D3DPeaks.png	/mnt/h/vir/ST/results/step8_strokeniche_perturbmap/latent_state_probability_landscape_77_X_scgpt_sensitivity
Step77_latent_state_probability_landscape	supplementary_or_qc	/mnt/h/vir/ST/results/step8_strokeniche_perturbmap/latent_state_probability_landscape_77_X_scgpt_sensitivity/Fig_Step77_remote_Landscape_2D3DPeaks.svg	Fig_Step77_remote_Landscape_2D3DPeaks.svg	.svg	4885938	2f332f222e80044ff4c4ebdf2079b775e78bac76db54e7e264c983ec01b7edd8	zenodo_data_results_bundle/figures/Step77_latent_state_probability_landscape/Fig_Step77_remote_Landscape_2D3DPeaks.svg	/mnt/h/vir/ST/results/step8_strokeniche_perturbmap/latent_state_probability_landscape_77_X_scgpt_sensitivity
Step77_latent_state_probability_landscape	supplementary_or_qc	/mnt/h/vir/ST/results/step8_strokeniche_perturbmap/latent_state_probability_landscape_77_X_scgpt_sensitivity/Fig_Step77_repair_Landscape_2D3DPeaks.pdf	Fig_Step77_repair_Landscape_2D3DPeaks.pdf	.pdf	1170179	9d761cfaf3e5b14c5d0bc7d6e0d7cc85bb833b2626c27ba8c3cca85d05317e87	zenodo_data_results_bundle/figures/Step77_latent_state_probability_landscape/Fig_Step77_repair_Landscape_2D3DPeaks.pdf	/mnt/h/vir/ST/results/step8_strokeniche_perturbmap/latent_state_probability_landscape_77_X_scgpt_sensitivity
Step77_latent_state_probability_landscape	supplementary_or_qc	/mnt/h/vir/ST/results/step8_strokeniche_perturbmap/latent_state_probability_landscape_77_X_scgpt_sensitivity/Fig_Step77_repair_Landscape_2D3DPeaks.png	Fig_Step77_repair_Landscape_2D3DPeaks.png	.png	4834025	5696f806029083e400f1a0e6039c8e69ce4e93da3e01d804101e083f295ac00d	zenodo_data_results_bundle/figures/Step77_latent_state_probability_landscape/Fig_Step77_repair_Landscape_2D3DPeaks.png	/mnt/h/vir/ST/results/step8_strokeniche_perturbmap/latent_state_probability_landscape_77_X_scgpt_sensitivity
Step77_latent_state_probability_landscape	supplementary_or_qc	/mnt/h/vir/ST/results/step8_strokeniche_perturbmap/latent_state_probability_landscape_77_X_scgpt_sensitivity/Fig_Step77_repair_Landscape_2D3DPeaks.svg	Fig_Step77_repair_Landscape_2D3DPeaks.svg	.svg	5032597	911db12a6aac56d3964252b32d0fc2e290e2652f32b4b62d7d81c373fbf0b68d	zenodo_data_results_bundle/figures/Step77_latent_state_probability_landscape/Fig_Step77_repair_Landscape_2D3DPeaks.svg	/mnt/h/vir/ST/results/step8_strokeniche_perturbmap/latent_state_probability_landscape_77_X_scgpt_sensitivity
Step77_latent_state_probability_landscape	supplementary_or_qc	/mnt/h/vir/ST/results/step8_strokeniche_perturbmap/latent_state_probability_landscape_77a_X_nicheformer_fixed_auto/Fig_Step77A_Fixed_StateProbabilityLandscape_2D_Atlas.pdf	Fig_Step77A_Fixed_StateProbabilityLandscape_2D_Atlas.pdf	.pdf	1131333	ff660a53ec6fb8fbad8d80673c7a30a24c2033db5bf97e83467c643906f2fd29	zenodo_data_results_bundle/figures/Step77_latent_state_probability_landscape/Fig_Step77A_Fixed_StateProbabilityLandscape_2D_Atlas.pdf	/mnt/h/vir/ST/results/step8_strokeniche_perturbmap/latent_state_probability_landscape_77a_X_nicheformer_fixed_auto
Step77_latent_state_probability_landscape	supplementary_or_qc	/mnt/h/vir/ST/results/step8_strokeniche_perturbmap/latent_state_probability_landscape_77a_X_nicheformer_fixed_auto/Fig_Step77A_Fixed_StateProbabilityLandscape_2D_Atlas.png	Fig_Step77A_Fixed_StateProbabilityLandscape_2D_Atlas.png	.png	9582784	6113a9299fad98651ade7367f56375c31708aa24eaca581582824fb525e592e4	zenodo_data_results_bundle/figures/Step77_latent_state_probability_landscape/Fig_Step77A_Fixed_StateProbabilityLandscape_2D_Atlas.png	/mnt/h/vir/ST/results/step8_strokeniche_perturbmap/latent_state_probability_landscape_77a_X_nicheformer_fixed_auto
Step77_latent_state_probability_landscape	supplementary_or_qc	/mnt/h/vir/ST/results/step8_strokeniche_perturbmap/latent_state_probability_landscape_77a_X_nicheformer_fixed_auto/Fig_Step77A_Fixed_StateProbabilityLandscape_2D_Atlas.svg	Fig_Step77A_Fixed_StateProbabilityLandscape_2D_Atlas.svg	.svg	6264777	725efd15c56730aefa83f6811897597fee09c8d9841e4e3928d63574bf9c050c	zenodo_data_results_bundle/figures/Step77_latent_state_probability_landscape/Fig_Step77A_Fixed_StateProbabilityLandscape_2D_Atlas.svg	/mnt/h/vir/ST/results/step8_strokeniche_perturbmap/latent_state_probability_landscape_77a_X_nicheformer_fixed_auto
Step77_latent_state_probability_landscape	supplementary_or_qc	/mnt/h/vir/ST/results/step8_strokeniche_perturbmap/latent_state_probability_landscape_77a_X_nicheformer_fixed_auto/Fig_Step77A_TargetDifferenceAudit.pdf	Fig_Step77A_TargetDifferenceAudit.pdf	.pdf	24395	c3eaf57974e726d248ed98a9dd51d517b8a14177771510118e5b05e6708b2136	zenodo_data_results_bundle/figures/Step77_latent_state_probability_landscape/Fig_Step77A_TargetDifferenceAudit.pdf	/mnt/h/vir/ST/results/step8_strokeniche_perturbmap/latent_state_probability_landscape_77a_X_nicheformer_fixed_auto
Step77_latent_state_probability_landscape	supplementary_or_qc	/mnt/h/vir/ST/results/step8_strokeniche_perturbmap/latent_state_probability_landscape_77a_X_nicheformer_fixed_auto/Fig_Step77A_TargetDifferenceAudit.png	Fig_Step77A_TargetDifferenceAudit.png	.png	434756	e21247fe5a2947a307f9880575c9dfda3b0ebd7ef8de58100bad789c3f720916	zenodo_data_results_bundle/figures/Step77_latent_state_probability_landscape/Fig_Step77A_TargetDifferenceAudit.png	/mnt/h/vir/ST/results/step8_strokeniche_perturbmap/latent_state_probability_landscape_77a_X_nicheformer_fixed_auto
Step77_latent_state_probability_landscape	supplementary_or_qc	/mnt/h/vir/ST/results/step8_strokeniche_perturbmap/latent_state_probability_landscape_77a_X_nicheformer_fixed_auto/Fig_Step77A_TargetDifferenceAudit.svg	Fig_Step77A_TargetDifferenceAudit.svg	.svg	75868	1213972f886187d20ebfccc0698507d2db6003d2ca82f36a7fe6e54e26d046a0	zenodo_data_results_bundle/figures/Step77_latent_state_probability_landscape/Fig_Step77A_TargetDifferenceAudit.svg	/mnt/h/vir/ST/results/step8_strokeniche_perturbmap/latent_state_probability_landscape_77a_X_nicheformer_fixed_auto
Step77_latent_state_probability_landscape	supplementary_or_qc	/mnt/h/vir/ST/results/step8_strokeniche_perturbmap/latent_state_probability_landscape_77a_X_nicheformer_fixed_auto/Fig_Step77A_core_Fixed_Landscape_2D3DPeaks.pdf	Fig_Step77A_core_Fixed_Landscape_2D3DPeaks.pdf	.pdf	647345	71453ecb57c940953d132ae1cc4263a2432de856918f39a05af19ab1a25f26a4	zenodo_data_results_bundle/figures/Step77_latent_state_probability_landscape/Fig_Step77A_core_Fixed_Landscape_2D3DPeaks.pdf	/mnt/h/vir/ST/results/step8_strokeniche_perturbmap/latent_state_probability_landscape_77a_X_nicheformer_fixed_auto
Step77_latent_state_probability_landscape	supplementary_or_qc	/mnt/h/vir/ST/results/step8_strokeniche_perturbmap/latent_state_probability_landscape_77a_X_nicheformer_fixed_auto/Fig_Step77A_core_Fixed_Landscape_2D3DPeaks.png	Fig_Step77A_core_Fixed_Landscape_2D3DPeaks.png	.png	5471934	a30119c31c8384c2bbb52599f9afc294c264befed25d9d078525780597cf55b7	zenodo_data_results_bundle/figures/Step77_latent_state_probability_landscape/Fig_Step77A_core_Fixed_Landscape_2D3DPeaks.png	/mnt/h/vir/ST/results/step8_strokeniche_perturbmap/latent_state_probability_landscape_77a_X_nicheformer_fixed_auto
Step77_latent_state_probability_landscape	supplementary_or_qc	/mnt/h/vir/ST/results/step8_strokeniche_perturbmap/latent_state_probability_landscape_77a_X_nicheformer_fixed_auto/Fig_Step77A_core_Fixed_Landscape_2D3DPeaks.svg	Fig_Step77A_core_Fixed_Landscape_2D3DPeaks.svg	.svg	3502549	06defab7f647fc1c51d059f08658dd67a10d16ea5051a2e5d6116729994d2969	zenodo_data_results_bundle/figures/Step77_latent_state_probability_landscape/Fig_Step77A_core_Fixed_Landscape_2D3DPeaks.svg	/mnt/h/vir/ST/results/step8_strokeniche_perturbmap/latent_state_probability_landscape_77a_X_nicheformer_fixed_auto
Step77_latent_state_probability_landscape	supplementary_or_qc	/mnt/h/vir/ST/results/step8_strokeniche_perturbmap/latent_state_probability_landscape_77a_X_nicheformer_fixed_auto/Fig_Step77A_peri_Fixed_Landscape_2D3DPeaks.pdf	Fig_Step77A_peri_Fixed_Landscape_2D3DPeaks.pdf	.pdf	675182	f1b93646d3182891e457f887369ef10cffb252e506946e8503b389fd9450f4e6	zenodo_data_results_bundle/figures/Step77_latent_state_probability_landscape/Fig_Step77A_peri_Fixed_Landscape_2D3DPeaks.pdf	/mnt/h/vir/ST/results/step8_strokeniche_perturbmap/latent_state_probability_landscape_77a_X_nicheformer_fixed_auto
Step77_latent_state_probability_landscape	supplementary_or_qc	/mnt/h/vir/ST/results/step8_strokeniche_perturbmap/latent_state_probability_landscape_77a_X_nicheformer_fixed_auto/Fig_Step77A_peri_Fixed_Landscape_2D3DPeaks.png	Fig_Step77A_peri_Fixed_Landscape_2D3DPeaks.png	.png	5500997	8cc51768efc5bcc30e5fcc64c0c3779ae8dbf846cfaf2444e3c228122b985cff	zenodo_data_results_bundle/figures/Step77_latent_state_probability_landscape/Fig_Step77A_peri_Fixed_Landscape_2D3DPeaks.png	/mnt/h/vir/ST/results/step8_strokeniche_perturbmap/latent_state_probability_landscape_77a_X_nicheformer_fixed_auto
Step77_latent_state_probability_landscape	supplementary_or_qc	/mnt/h/vir/ST/results/step8_strokeniche_perturbmap/latent_state_probability_landscape_77a_X_nicheformer_fixed_auto/Fig_Step77A_peri_Fixed_Landscape_2D3DPeaks.svg	Fig_Step77A_peri_Fixed_Landscape_2D3DPeaks.svg	.svg	3592096	9b85182c2fc54ca63e1c98a3a5fb13c1addc83f00313d832b6f9326482dba843	zenodo_data_results_bundle/figures/Step77_latent_state_probability_landscape/Fig_Step77A_peri_Fixed_Landscape_2D3DPeaks.svg	/mnt/h/vir/ST/results/step8_strokeniche_perturbmap/latent_state_probability_landscape_77a_X_nicheformer_fixed_auto
Step77_latent_state_probability_landscape	supplementary_or_qc	/mnt/h/vir/ST/results/step8_strokeniche_perturbmap/latent_state_probability_landscape_77a_X_nicheformer_fixed_auto/Fig_Step77A_remote_Fixed_Landscape_2D3DPeaks.pdf	Fig_Step77A_remote_Fixed_Landscape_2D3DPeaks.pdf	.pdf	690395	85eb8a48d23a0d84a4960f1385661a07341c5a9444d9106064a1ef2f16084d5a	zenodo_data_results_bundle/figures/Step77_latent_state_probability_landscape/Fig_Step77A_remote_Fixed_Landscape_2D3DPeaks.pdf	/mnt/h/vir/ST/results/step8_strokeniche_perturbmap/latent_state_probability_landscape_77a_X_nicheformer_fixed_auto
Step77_latent_state_probability_landscape	supplementary_or_qc	/mnt/h/vir/ST/results/step8_strokeniche_perturbmap/latent_state_probability_landscape_77a_X_nicheformer_fixed_auto/Fig_Step77A_remote_Fixed_Landscape_2D3DPeaks.png	Fig_Step77A_remote_Fixed_Landscape_2D3DPeaks.png	.png	5691707	3db17c4d69c1188d1d73a0172becdd44034fef87eb26ab242e4e68bf5e9172b9	zenodo_data_results_bundle/figures/Step77_latent_state_probability_landscape/Fig_Step77A_remote_Fixed_Landscape_2D3DPeaks.png	/mnt/h/vir/ST/results/step8_strokeniche_perturbmap/latent_state_probability_landscape_77a_X_nicheformer_fixed_auto
Step77_latent_state_probability_landscape	supplementary_or_qc	/mnt/h/vir/ST/results/step8_strokeniche_perturbmap/latent_state_probability_landscape_77a_X_nicheformer_fixed_auto/Fig_Step77A_remote_Fixed_Landscape_2D3DPeaks.svg	Fig_Step77A_remote_Fixed_Landscape_2D3DPeaks.svg	.svg	3571639	79173fa3c5635c36bce570245c4816c0616cbc7f61b673b13e541da00976e057	zenodo_data_results_bundle/figures/Step77_latent_state_probability_landscape/Fig_Step77A_remote_Fixed_Landscape_2D3DPeaks.svg	/mnt/h/vir/ST/results/step8_strokeniche_perturbmap/latent_state_probability_landscape_77a_X_nicheformer_fixed_auto
Step77_latent_state_probability_landscape	supplementary_or_qc	/mnt/h/vir/ST/results/step8_strokeniche_perturbmap/latent_state_probability_landscape_77a_X_nicheformer_fixed_auto/Fig_Step77A_repair_Fixed_Landscape_2D3DPeaks.pdf	Fig_Step77A_repair_Fixed_Landscape_2D3DPeaks.pdf	.pdf	639986	504cfc5155fdf008910e0d73822e9a9634643d70d0ad878808b4cb012ed2744e	zenodo_data_results_bundle/figures/Step77_latent_state_probability_landscape/Fig_Step77A_repair_Fixed_Landscape_2D3DPeaks.pdf	/mnt/h/vir/ST/results/step8_strokeniche_perturbmap/latent_state_probability_landscape_77a_X_nicheformer_fixed_auto
Step77_latent_state_probability_landscape	supplementary_or_qc	/mnt/h/vir/ST/results/step8_strokeniche_perturbmap/latent_state_probability_landscape_77a_X_nicheformer_fixed_auto/Fig_Step77A_repair_Fixed_Landscape_2D3DPeaks.png	Fig_Step77A_repair_Fixed_Landscape_2D3DPeaks.png	.png	4973221	8328557be09f9ce7d57e5db3ef39a1e28f7332fc182045cc62778f51cb77b9fe	zenodo_data_results_bundle/figures/Step77_latent_state_probability_landscape/Fig_Step77A_repair_Fixed_Landscape_2D3DPeaks.png	/mnt/h/vir/ST/results/step8_strokeniche_perturbmap/latent_state_probability_landscape_77a_X_nicheformer_fixed_auto
Step77_latent_state_probability_landscape	supplementary_or_qc	/mnt/h/vir/ST/results/step8_strokeniche_perturbmap/latent_state_probability_landscape_77a_X_nicheformer_fixed_auto/Fig_Step77A_repair_Fixed_Landscape_2D3DPeaks.svg	Fig_Step77A_repair_Fixed_Landscape_2D3DPeaks.svg	.svg	3446506	5423d85e42f1bc7efd3dfb75cd055c2ab4f55a56b7345bc99b55499d3ecd4497	zenodo_data_results_bundle/figures/Step77_latent_state_probability_landscape/Fig_Step77A_repair_Fixed_Landscape_2D3DPeaks.svg	/mnt/h/vir/ST/results/step8_strokeniche_perturbmap/latent_state_probability_landscape_77a_X_nicheformer_fixed_auto
Step77_latent_state_probability_landscape	supplementary_or_qc	/mnt/h/vir/ST/results/step8_strokeniche_perturbmap/latent_state_probability_landscape_77a_X_nicheformer_labelonehot_final/Fig_Step77A_Fixed_StateProbabilityLandscape_2D_Atlas.pdf	Fig_Step77A_Fixed_StateProbabilityLandscape_2D_Atlas.pdf	.pdf	1138417	334c6eb5c89cc1ba729e8be6ebf5a06119ec6087a4aa39edc6764bee7bd78397	zenodo_data_results_bundle/figures/Step77_latent_state_probability_landscape/Fig_Step77A_Fixed_StateProbabilityLandscape_2D_Atlas.pdf	/mnt/h/vir/ST/results/step8_strokeniche_perturbmap/latent_state_probability_landscape_77a_X_nicheformer_labelonehot_final
Step77_latent_state_probability_landscape	supplementary_or_qc	/mnt/h/vir/ST/results/step8_strokeniche_perturbmap/latent_state_probability_landscape_77a_X_nicheformer_labelonehot_final/Fig_Step77A_Fixed_StateProbabilityLandscape_2D_Atlas.png	Fig_Step77A_Fixed_StateProbabilityLandscape_2D_Atlas.png	.png	9714172	5a4e2be4fd476e2713419cc1ca8e3b371d8a717032bec75cbcba6a76a2f2119f	zenodo_data_results_bundle/figures/Step77_latent_state_probability_landscape/Fig_Step77A_Fixed_StateProbabilityLandscape_2D_Atlas.png	/mnt/h/vir/ST/results/step8_strokeniche_perturbmap/latent_state_probability_landscape_77a_X_nicheformer_labelonehot_final
Step77_latent_state_probability_landscape	supplementary_or_qc	/mnt/h/vir/ST/results/step8_strokeniche_perturbmap/latent_state_probability_landscape_77a_X_nicheformer_labelonehot_final/Fig_Step77A_Fixed_StateProbabilityLandscape_2D_Atlas.svg	Fig_Step77A_Fixed_StateProbabilityLandscape_2D_Atlas.svg	.svg	6278489	27723eee90ebdc5adbcac3cba31d6cbb6583b55590ab9a1ff6db454b2febe994	zenodo_data_results_bundle/figures/Step77_latent_state_probability_landscape/Fig_Step77A_Fixed_StateProbabilityLandscape_2D_Atlas.svg	/mnt/h/vir/ST/results/step8_strokeniche_perturbmap/latent_state_probability_landscape_77a_X_nicheformer_labelonehot_final
Step77_latent_state_probability_landscape	supplementary_or_qc	/mnt/h/vir/ST/results/step8_strokeniche_perturbmap/latent_state_probability_landscape_77a_X_nicheformer_labelonehot_final/Fig_Step77A_TargetDifferenceAudit.pdf	Fig_Step77A_TargetDifferenceAudit.pdf	.pdf	24985	877984e5f9bc8743dfa29aa821f23390bd4b4b69f6b28eb0246307fc99e495b3	zenodo_data_results_bundle/figures/Step77_latent_state_probability_landscape/Fig_Step77A_TargetDifferenceAudit.pdf	/mnt/h/vir/ST/results/step8_strokeniche_perturbmap/latent_state_probability_landscape_77a_X_nicheformer_labelonehot_final
Step77_latent_state_probability_landscape	supplementary_or_qc	/mnt/h/vir/ST/results/step8_strokeniche_perturbmap/latent_state_probability_landscape_77a_X_nicheformer_labelonehot_final/Fig_Step77A_TargetDifferenceAudit.png	Fig_Step77A_TargetDifferenceAudit.png	.png	405557	e2fb741cbd44bdd4722713f48922c8e7affb8dfbfd3760c427644df1dd0fcd4c	zenodo_data_results_bundle/figures/Step77_latent_state_probability_landscape/Fig_Step77A_TargetDifferenceAudit.png	/mnt/h/vir/ST/results/step8_strokeniche_perturbmap/latent_state_probability_landscape_77a_X_nicheformer_labelonehot_final
Step77_latent_state_probability_landscape	supplementary_or_qc	/mnt/h/vir/ST/results/step8_strokeniche_perturbmap/latent_state_probability_landscape_77a_X_nicheformer_labelonehot_final/Fig_Step77A_TargetDifferenceAudit.svg	Fig_Step77A_TargetDifferenceAudit.svg	.svg	75942	18bc0c8ecc6380ec0623d89693348485df469d54c6124253c412e67ad97954cf	zenodo_data_results_bundle/figures/Step77_latent_state_probability_landscape/Fig_Step77A_TargetDifferenceAudit.svg	/mnt/h/vir/ST/results/step8_strokeniche_perturbmap/latent_state_probability_landscape_77a_X_nicheformer_labelonehot_final
Step77_latent_state_probability_landscape	supplementary_or_qc	/mnt/h/vir/ST/results/step8_strokeniche_perturbmap/latent_state_probability_landscape_77a_X_nicheformer_labelonehot_final/Fig_Step77A_core_Fixed_Landscape_2D3DPeaks.pdf	Fig_Step77A_core_Fixed_Landscape_2D3DPeaks.pdf	.pdf	649940	e04e6cc62b66b09d4875146fa1de66ded2608daf4ce7bb688fd7fe1edc67c96f	zenodo_data_results_bundle/figures/Step77_latent_state_probability_landscape/Fig_Step77A_core_Fixed_Landscape_2D3DPeaks.pdf	/mnt/h/vir/ST/results/step8_strokeniche_perturbmap/latent_state_probability_landscape_77a_X_nicheformer_labelonehot_final
Step77_latent_state_probability_landscape	supplementary_or_qc	/mnt/h/vir/ST/results/step8_strokeniche_perturbmap/latent_state_probability_landscape_77a_X_nicheformer_labelonehot_final/Fig_Step77A_core_Fixed_Landscape_2D3DPeaks.png	Fig_Step77A_core_Fixed_Landscape_2D3DPeaks.png	.png	5439601	604e20ffec9fcbc857006da27cb9d16606dcc2171acce5a3c6ef88aae3ad3170	zenodo_data_results_bundle/figures/Step77_latent_state_probability_landscape/Fig_Step77A_core_Fixed_Landscape_2D3DPeaks.png	/mnt/h/vir/ST/results/step8_strokeniche_perturbmap/latent_state_probability_landscape_77a_X_nicheformer_labelonehot_final
Step77_latent_state_probability_landscape	supplementary_or_qc	/mnt/h/vir/ST/results/step8_strokeniche_perturbmap/latent_state_probability_landscape_77a_X_nicheformer_labelonehot_final/Fig_Step77A_core_Fixed_Landscape_2D3DPeaks.svg	Fig_Step77A_core_Fixed_Landscape_2D3DPeaks.svg	.svg	3509725	1c112df0aef477a187bc5af5976b547d25fcd608c0324efde450d628ddb59ee4	zenodo_data_results_bundle/figures/Step77_latent_state_probability_landscape/Fig_Step77A_core_Fixed_Landscape_2D3DPeaks.svg	/mnt/h/vir/ST/results/step8_strokeniche_perturbmap/latent_state_probability_landscape_77a_X_nicheformer_labelonehot_final
Step77_latent_state_probability_landscape	supplementary_or_qc	/mnt/h/vir/ST/results/step8_strokeniche_perturbmap/latent_state_probability_landscape_77a_X_nicheformer_labelonehot_final/Fig_Step77A_peri_Fixed_Landscape_2D3DPeaks.pdf	Fig_Step77A_peri_Fixed_Landscape_2D3DPeaks.pdf	.pdf	679613	74cc354f6c4222800c76289111090dba1517e8bf88d54cb4c445215fab0a0ba2	zenodo_data_results_bundle/figures/Step77_latent_state_probability_landscape/Fig_Step77A_peri_Fixed_Landscape_2D3DPeaks.pdf	/mnt/h/vir/ST/results/step8_strokeniche_perturbmap/latent_state_probability_landscape_77a_X_nicheformer_labelonehot_final
Step77_latent_state_probability_landscape	supplementary_or_qc	/mnt/h/vir/ST/results/step8_strokeniche_perturbmap/latent_state_probability_landscape_77a_X_nicheformer_labelonehot_final/Fig_Step77A_peri_Fixed_Landscape_2D3DPeaks.png	Fig_Step77A_peri_Fixed_Landscape_2D3DPeaks.png	.png	5506084	c9b36c1818fa024ff12fb4668392be43f40dde0b8e432fc8c33b0f7cb0d1eb8f	zenodo_data_results_bundle/figures/Step77_latent_state_probability_landscape/Fig_Step77A_peri_Fixed_Landscape_2D3DPeaks.png	/mnt/h/vir/ST/results/step8_strokeniche_perturbmap/latent_state_probability_landscape_77a_X_nicheformer_labelonehot_final
Step77_latent_state_probability_landscape	supplementary_or_qc	/mnt/h/vir/ST/results/step8_strokeniche_perturbmap/latent_state_probability_landscape_77a_X_nicheformer_labelonehot_final/Fig_Step77A_peri_Fixed_Landscape_2D3DPeaks.svg	Fig_Step77A_peri_Fixed_Landscape_2D3DPeaks.svg	.svg	3599344	154de3c8cb253a48d6a7553014aae661724902a1e68f7c799abd4630de648de1	zenodo_data_results_bundle/figures/Step77_latent_state_probability_landscape/Fig_Step77A_peri_Fixed_Landscape_2D3DPeaks.svg	/mnt/h/vir/ST/results/step8_strokeniche_perturbmap/latent_state_probability_landscape_77a_X_nicheformer_labelonehot_final
Step77_latent_state_probability_landscape	supplementary_or_qc	/mnt/h/vir/ST/results/step8_strokeniche_perturbmap/latent_state_probability_landscape_77a_X_nicheformer_labelonehot_final/Fig_Step77A_remote_Fixed_Landscape_2D3DPeaks.pdf	Fig_Step77A_remote_Fixed_Landscape_2D3DPeaks.pdf	.pdf	694048	c4a1a4b50c54c2e0fc63404a20adc14e07b91bee5fa16c28ddba3e5dc18d8133	zenodo_data_results_bundle/figures/Step77_latent_state_probability_landscape/Fig_Step77A_remote_Fixed_Landscape_2D3DPeaks.pdf	/mnt/h/vir/ST/results/step8_strokeniche_perturbmap/latent_state_probability_landscape_77a_X_nicheformer_labelonehot_final
Step77_latent_state_probability_landscape	supplementary_or_qc	/mnt/h/vir/ST/results/step8_strokeniche_perturbmap/latent_state_probability_landscape_77a_X_nicheformer_labelonehot_final/Fig_Step77A_remote_Fixed_Landscape_2D3DPeaks.png	Fig_Step77A_remote_Fixed_Landscape_2D3DPeaks.png	.png	5721881	179fe81838c68d5b9b8e374423f6ac1c31890cc226e54e2bd03249d8ed172edc	zenodo_data_results_bundle/figures/Step77_latent_state_probability_landscape/Fig_Step77A_remote_Fixed_Landscape_2D3DPeaks.png	/mnt/h/vir/ST/results/step8_strokeniche_perturbmap/latent_state_probability_landscape_77a_X_nicheformer_labelonehot_final
Step77_latent_state_probability_landscape	supplementary_or_qc	/mnt/h/vir/ST/results/step8_strokeniche_perturbmap/latent_state_probability_landscape_77a_X_nicheformer_labelonehot_final/Fig_Step77A_remote_Fixed_Landscape_2D3DPeaks.svg	Fig_Step77A_remote_Fixed_Landscape_2D3DPeaks.svg	.svg	3579271	9a7d7371fc8d473581626533ae5640b0d4edd51a9214686eaa6b05ceda5f68c2	zenodo_data_results_bundle/figures/Step77_latent_state_probability_landscape/Fig_Step77A_remote_Fixed_Landscape_2D3DPeaks.svg	/mnt/h/vir/ST/results/step8_strokeniche_perturbmap/latent_state_probability_landscape_77a_X_nicheformer_labelonehot_final
Step77_latent_state_probability_landscape	supplementary_or_qc	/mnt/h/vir/ST/results/step8_strokeniche_perturbmap/latent_state_probability_landscape_77a_X_nicheformer_labelonehot_final/Fig_Step77A_repair_Fixed_Landscape_2D3DPeaks.pdf	Fig_Step77A_repair_Fixed_Landscape_2D3DPeaks.pdf	.pdf	642223	b76a06909009b76755c158de42016854804e17c275d670c6ffdec3869393f652	zenodo_data_results_bundle/figures/Step77_latent_state_probability_landscape/Fig_Step77A_repair_Fixed_Landscape_2D3DPeaks.pdf	/mnt/h/vir/ST/results/step8_strokeniche_perturbmap/latent_state_probability_landscape_77a_X_nicheformer_labelonehot_final
Step77_latent_state_probability_landscape	supplementary_or_qc	/mnt/h/vir/ST/results/step8_strokeniche_perturbmap/latent_state_probability_landscape_77a_X_nicheformer_labelonehot_final/Fig_Step77A_repair_Fixed_Landscape_2D3DPeaks.png	Fig_Step77A_repair_Fixed_Landscape_2D3DPeaks.png	.png	4994567	5036d4933b83f448ebc5de727c9b935813ef287b4b2b9c31028800087b029ec5	zenodo_data_results_bundle/figures/Step77_latent_state_probability_landscape/Fig_Step77A_repair_Fixed_Landscape_2D3DPeaks.png	/mnt/h/vir/ST/results/step8_strokeniche_perturbmap/latent_state_probability_landscape_77a_X_nicheformer_labelonehot_final
Step77_latent_state_probability_landscape	supplementary_or_qc	/mnt/h/vir/ST/results/step8_strokeniche_perturbmap/latent_state_probability_landscape_77a_X_nicheformer_labelonehot_final/Fig_Step77A_repair_Fixed_Landscape_2D3DPeaks.svg	Fig_Step77A_repair_Fixed_Landscape_2D3DPeaks.svg	.svg	3450202	827c5ab43a8bb22aefc8d5cb7a5415f9317a7fb905314a524f02f5223ef39b92	zenodo_data_results_bundle/figures/Step77_latent_state_probability_landscape/Fig_Step77A_repair_Fixed_Landscape_2D3DPeaks.svg	/mnt/h/vir/ST/results/step8_strokeniche_perturbmap/latent_state_probability_landscape_77a_X_nicheformer_labelonehot_final
Step77_latent_state_probability_landscape	supplementary_or_qc	/mnt/h/vir/ST/results/step8_strokeniche_perturbmap/latent_state_probability_landscape_77a_X_nicheformer_modelprob_audit/Fig_Step77A_Fixed_StateProbabilityLandscape_2D_Atlas.pdf	Fig_Step77A_Fixed_StateProbabilityLandscape_2D_Atlas.pdf	.pdf	1030999	106e76fea26ccf1df3c59cd1ea775981b16adabb0075857bb81432ad15bb348f	zenodo_data_results_bundle/figures/Step77_latent_state_probability_landscape/Fig_Step77A_Fixed_StateProbabilityLandscape_2D_Atlas.pdf	/mnt/h/vir/ST/results/step8_strokeniche_perturbmap/latent_state_probability_landscape_77a_X_nicheformer_modelprob_audit
Step77_latent_state_probability_landscape	supplementary_or_qc	/mnt/h/vir/ST/results/step8_strokeniche_perturbmap/latent_state_probability_landscape_77a_X_nicheformer_modelprob_audit/Fig_Step77A_Fixed_StateProbabilityLandscape_2D_Atlas.png	Fig_Step77A_Fixed_StateProbabilityLandscape_2D_Atlas.png	.png	8574089	4f2715237e84720ab2357aedc0c298c0385fce6061eaed7ca4ab1528771a96b5	zenodo_data_results_bundle/figures/Step77_latent_state_probability_landscape/Fig_Step77A_Fixed_StateProbabilityLandscape_2D_Atlas.png	/mnt/h/vir/ST/results/step8_strokeniche_perturbmap/latent_state_probability_landscape_77a_X_nicheformer_modelprob_audit
Step77_latent_state_probability_landscape	supplementary_or_qc	/mnt/h/vir/ST/results/step8_strokeniche_perturbmap/latent_state_probability_landscape_77a_X_nicheformer_modelprob_audit/Fig_Step77A_Fixed_StateProbabilityLandscape_2D_Atlas.svg	Fig_Step77A_Fixed_StateProbabilityLandscape_2D_Atlas.svg	.svg	6002237	13f3728c9f635bf6f189c6ccaf4e82fb59ba0640559410e7237df91792539db9	zenodo_data_results_bundle/figures/Step77_latent_state_probability_landscape/Fig_Step77A_Fixed_StateProbabilityLandscape_2D_Atlas.svg	/mnt/h/vir/ST/results/step8_strokeniche_perturbmap/latent_state_probability_landscape_77a_X_nicheformer_modelprob_audit
Step77_latent_state_probability_landscape	supplementary_or_qc	/mnt/h/vir/ST/results/step8_strokeniche_perturbmap/latent_state_probability_landscape_77a_X_nicheformer_modelprob_audit/Fig_Step77A_TargetDifferenceAudit.pdf	Fig_Step77A_TargetDifferenceAudit.pdf	.pdf	23652	0da1e2c0505182ee8791b74e94455ea5fceda375db2c1946a3b06083b405ae44	zenodo_data_results_bundle/figures/Step77_latent_state_probability_landscape/Fig_Step77A_TargetDifferenceAudit.pdf	/mnt/h/vir/ST/results/step8_strokeniche_perturbmap/latent_state_probability_landscape_77a_X_nicheformer_modelprob_audit
Step77_latent_state_probability_landscape	supplementary_or_qc	/mnt/h/vir/ST/results/step8_strokeniche_perturbmap/latent_state_probability_landscape_77a_X_nicheformer_modelprob_audit/Fig_Step77A_TargetDifferenceAudit.png	Fig_Step77A_TargetDifferenceAudit.png	.png	393736	d1f2b8e63bb6389e4cc3f168f82b81d7d44eca9cf551ccea05a21d87e370fe22	zenodo_data_results_bundle/figures/Step77_latent_state_probability_landscape/Fig_Step77A_TargetDifferenceAudit.png	/mnt/h/vir/ST/results/step8_strokeniche_perturbmap/latent_state_probability_landscape_77a_X_nicheformer_modelprob_audit
Step77_latent_state_probability_landscape	supplementary_or_qc	/mnt/h/vir/ST/results/step8_strokeniche_perturbmap/latent_state_probability_landscape_77a_X_nicheformer_modelprob_audit/Fig_Step77A_TargetDifferenceAudit.svg	Fig_Step77A_TargetDifferenceAudit.svg	.svg	74494	7af1dcb3f26f806b3d835507a335fe544fdf6d06e823c4ef7103e5cbc1ef399d	zenodo_data_results_bundle/figures/Step77_latent_state_probability_landscape/Fig_Step77A_TargetDifferenceAudit.svg	/mnt/h/vir/ST/results/step8_strokeniche_perturbmap/latent_state_probability_landscape_77a_X_nicheformer_modelprob_audit
Step77_latent_state_probability_landscape	supplementary_or_qc	/mnt/h/vir/ST/results/step8_strokeniche_perturbmap/latent_state_probability_landscape_77a_X_nicheformer_modelprob_audit/Fig_Step77A_core_Fixed_Landscape_2D3DPeaks.pdf	Fig_Step77A_core_Fixed_Landscape_2D3DPeaks.pdf	.pdf	613215	92ba8083cf90741c0b53787e1f95e3b75827d432d10262e9056f939962b814f5	zenodo_data_results_bundle/figures/Step77_latent_state_probability_landscape/Fig_Step77A_core_Fixed_Landscape_2D3DPeaks.pdf	/mnt/h/vir/ST/results/step8_strokeniche_perturbmap/latent_state_probability_landscape_77a_X_nicheformer_modelprob_audit
Step77_latent_state_probability_landscape	supplementary_or_qc	/mnt/h/vir/ST/results/step8_strokeniche_perturbmap/latent_state_probability_landscape_77a_X_nicheformer_modelprob_audit/Fig_Step77A_core_Fixed_Landscape_2D3DPeaks.png	Fig_Step77A_core_Fixed_Landscape_2D3DPeaks.png	.png	5084199	cfae1c220459aeaa542e5bd97742e36e82833cad3c8b8888cfa87eafa42a6cd9	zenodo_data_results_bundle/figures/Step77_latent_state_probability_landscape/Fig_Step77A_core_Fixed_Landscape_2D3DPeaks.png	/mnt/h/vir/ST/results/step8_strokeniche_perturbmap/latent_state_probability_landscape_77a_X_nicheformer_modelprob_audit
Step77_latent_state_probability_landscape	supplementary_or_qc	/mnt/h/vir/ST/results/step8_strokeniche_perturbmap/latent_state_probability_landscape_77a_X_nicheformer_modelprob_audit/Fig_Step77A_core_Fixed_Landscape_2D3DPeaks.svg	Fig_Step77A_core_Fixed_Landscape_2D3DPeaks.svg	.svg	3412448	07776aca01183869bc6aa9df52fe91b67ceda158b5cd7248f39b35c60b0d0e3e	zenodo_data_results_bundle/figures/Step77_latent_state_probability_landscape/Fig_Step77A_core_Fixed_Landscape_2D3DPeaks.svg	/mnt/h/vir/ST/results/step8_strokeniche_perturbmap/latent_state_probability_landscape_77a_X_nicheformer_modelprob_audit
Step77_latent_state_probability_landscape	supplementary_or_qc	/mnt/h/vir/ST/results/step8_strokeniche_perturbmap/latent_state_probability_landscape_77a_X_nicheformer_modelprob_audit/Fig_Step77A_peri_Fixed_Landscape_2D3DPeaks.pdf	Fig_Step77A_peri_Fixed_Landscape_2D3DPeaks.pdf	.pdf	613553	483bb064bd40746c3ddae778683b43d25d68294f1efc836bfd2e67f98cc34663	zenodo_data_results_bundle/figures/Step77_latent_state_probability_landscape/Fig_Step77A_peri_Fixed_Landscape_2D3DPeaks.pdf	/mnt/h/vir/ST/results/step8_strokeniche_perturbmap/latent_state_probability_landscape_77a_X_nicheformer_modelprob_audit
Step77_latent_state_probability_landscape	supplementary_or_qc	/mnt/h/vir/ST/results/step8_strokeniche_perturbmap/latent_state_probability_landscape_77a_X_nicheformer_modelprob_audit/Fig_Step77A_peri_Fixed_Landscape_2D3DPeaks.png	Fig_Step77A_peri_Fixed_Landscape_2D3DPeaks.png	.png	5090349	219862aaedd12c5460cdfea00294eb530dbc3b0da3b7c475f160590a559b0b36	zenodo_data_results_bundle/figures/Step77_latent_state_probability_landscape/Fig_Step77A_peri_Fixed_Landscape_2D3DPeaks.png	/mnt/h/vir/ST/results/step8_strokeniche_perturbmap/latent_state_probability_landscape_77a_X_nicheformer_modelprob_audit
Step77_latent_state_probability_landscape	supplementary_or_qc	/mnt/h/vir/ST/results/step8_strokeniche_perturbmap/latent_state_probability_landscape_77a_X_nicheformer_modelprob_audit/Fig_Step77A_peri_Fixed_Landscape_2D3DPeaks.svg	Fig_Step77A_peri_Fixed_Landscape_2D3DPeaks.svg	.svg	3416045	9c9e4e3330032c769784cb003d67f31517749a0239155c49f4783545eee8bfc6	zenodo_data_results_bundle/figures/Step77_latent_state_probability_landscape/Fig_Step77A_peri_Fixed_Landscape_2D3DPeaks.svg	/mnt/h/vir/ST/results/step8_strokeniche_perturbmap/latent_state_probability_landscape_77a_X_nicheformer_modelprob_audit
Step77_latent_state_probability_landscape	supplementary_or_qc	/mnt/h/vir/ST/results/step8_strokeniche_perturbmap/latent_state_probability_landscape_77a_X_nicheformer_modelprob_audit/Fig_Step77A_remote_Fixed_Landscape_2D3DPeaks.pdf	Fig_Step77A_remote_Fixed_Landscape_2D3DPeaks.pdf	.pdf	613464	30f3ae5b01da48c68727e413ab09dcf8b7556bca3464b81c03bdcfe2ea3fbfb1	zenodo_data_results_bundle/figures/Step77_latent_state_probability_landscape/Fig_Step77A_remote_Fixed_Landscape_2D3DPeaks.pdf	/mnt/h/vir/ST/results/step8_strokeniche_perturbmap/latent_state_probability_landscape_77a_X_nicheformer_modelprob_audit
Step77_latent_state_probability_landscape	supplementary_or_qc	/mnt/h/vir/ST/results/step8_strokeniche_perturbmap/latent_state_probability_landscape_77a_X_nicheformer_modelprob_audit/Fig_Step77A_remote_Fixed_Landscape_2D3DPeaks.png	Fig_Step77A_remote_Fixed_Landscape_2D3DPeaks.png	.png	5108018	481e8f6108227b4f7a4343c2cf9fa7119024f7b1728e100e1a8a3b27f4114ee5	zenodo_data_results_bundle/figures/Step77_latent_state_probability_landscape/Fig_Step77A_remote_Fixed_Landscape_2D3DPeaks.png	/mnt/h/vir/ST/results/step8_strokeniche_perturbmap/latent_state_probability_landscape_77a_X_nicheformer_modelprob_audit
Step77_latent_state_probability_landscape	supplementary_or_qc	/mnt/h/vir/ST/results/step8_strokeniche_perturbmap/latent_state_probability_landscape_77a_X_nicheformer_modelprob_audit/Fig_Step77A_remote_Fixed_Landscape_2D3DPeaks.svg	Fig_Step77A_remote_Fixed_Landscape_2D3DPeaks.svg	.svg	3415555	92c0b12fbfc1de3886d8abe8b5c4270edef796624da6da07c06fd6b076f87d20	zenodo_data_results_bundle/figures/Step77_latent_state_probability_landscape/Fig_Step77A_remote_Fixed_Landscape_2D3DPeaks.svg	/mnt/h/vir/ST/results/step8_strokeniche_perturbmap/latent_state_probability_landscape_77a_X_nicheformer_modelprob_audit
Step77_latent_state_probability_landscape	supplementary_or_qc	/mnt/h/vir/ST/results/step8_strokeniche_perturbmap/latent_state_probability_landscape_77a_X_nicheformer_modelprob_audit/Fig_Step77A_repair_Fixed_Landscape_2D3DPeaks.pdf	Fig_Step77A_repair_Fixed_Landscape_2D3DPeaks.pdf	.pdf	639986	4a3d59fe37e23d9b97f9f4029590058fb9831e731bb7a1847d81e3eb1c21a824	zenodo_data_results_bundle/figures/Step77_latent_state_probability_landscape/Fig_Step77A_repair_Fixed_Landscape_2D3DPeaks.pdf	/mnt/h/vir/ST/results/step8_strokeniche_perturbmap/latent_state_probability_landscape_77a_X_nicheformer_modelprob_audit
Step77_latent_state_probability_landscape	supplementary_or_qc	/mnt/h/vir/ST/results/step8_strokeniche_perturbmap/latent_state_probability_landscape_77a_X_nicheformer_modelprob_audit/Fig_Step77A_repair_Fixed_Landscape_2D3DPeaks.png	Fig_Step77A_repair_Fixed_Landscape_2D3DPeaks.png	.png	4973221	8328557be09f9ce7d57e5db3ef39a1e28f7332fc182045cc62778f51cb77b9fe	zenodo_data_results_bundle/figures/Step77_latent_state_probability_landscape/Fig_Step77A_repair_Fixed_Landscape_2D3DPeaks.png	/mnt/h/vir/ST/results/step8_strokeniche_perturbmap/latent_state_probability_landscape_77a_X_nicheformer_modelprob_audit
Step77_latent_state_probability_landscape	supplementary_or_qc	/mnt/h/vir/ST/results/step8_strokeniche_perturbmap/latent_state_probability_landscape_77a_X_nicheformer_modelprob_audit/Fig_Step77A_repair_Fixed_Landscape_2D3DPeaks.svg	Fig_Step77A_repair_Fixed_Landscape_2D3DPeaks.svg	.svg	3446506	795ea76c7008ae1a10d55933894c017c9bcd3f7d592894057570ed14e513cb70	zenodo_data_results_bundle/figures/Step77_latent_state_probability_landscape/Fig_Step77A_repair_Fixed_Landscape_2D3DPeaks.svg	/mnt/h/vir/ST/results/step8_strokeniche_perturbmap/latent_state_probability_landscape_77a_X_nicheformer_modelprob_audit
Step77_latent_state_probability_landscape	main_candidate_latent_state_probability	/mnt/h/vir/ST/results/step8_strokeniche_perturbmap/latent_state_probability_landscape_77b_manuscript_ready_compact/Fig_Step77B_ManuscriptReadyCompact_LatentLandscape.pdf	Fig_Step77B_ManuscriptReadyCompact_LatentLandscape.pdf	.pdf	1580868	2b028c838f6eca98bc9ae62fa6958661c0ae63339f2e55e1b7ae2673115f6353	zenodo_data_results_bundle/figures/Step77_latent_state_probability_landscape/Fig_Step77B_ManuscriptReadyCompact_LatentLandscape.pdf	/mnt/h/vir/ST/results/step8_strokeniche_perturbmap/latent_state_probability_landscape_77b_manuscript_ready_compact
Step77_latent_state_probability_landscape	main_candidate_latent_state_probability	/mnt/h/vir/ST/results/step8_strokeniche_perturbmap/latent_state_probability_landscape_77b_manuscript_ready_compact/Fig_Step77B_ManuscriptReadyCompact_LatentLandscape.png	Fig_Step77B_ManuscriptReadyCompact_LatentLandscape.png	.png	9421367	9061e43a1723fa0dca7221a373e4fc3bc492daa433ef9cbac04affa3547ece9f	zenodo_data_results_bundle/figures/Step77_latent_state_probability_landscape/Fig_Step77B_ManuscriptReadyCompact_LatentLandscape.png	/mnt/h/vir/ST/results/step8_strokeniche_perturbmap/latent_state_probability_landscape_77b_manuscript_ready_compact
Step77_latent_state_probability_landscape	main_candidate_latent_state_probability	/mnt/h/vir/ST/results/step8_strokeniche_perturbmap/latent_state_probability_landscape_77b_manuscript_ready_compact/Fig_Step77B_ManuscriptReadyCompact_LatentLandscape.svg	Fig_Step77B_ManuscriptReadyCompact_LatentLandscape.svg	.svg	3983489	43542c0515ec38f6eb70af5a118b4468c26bb1fcfef6b6fe4a8255507bc13c96	zenodo_data_results_bundle/figures/Step77_latent_state_probability_landscape/Fig_Step77B_ManuscriptReadyCompact_LatentLandscape.svg	/mnt/h/vir/ST/results/step8_strokeniche_perturbmap/latent_state_probability_landscape_77b_manuscript_ready_compact
Step77_latent_state_probability_landscape	main_candidate_latent_state_probability	/mnt/h/vir/ST/results/step8_strokeniche_perturbmap/latent_state_probability_landscape_77b_manuscript_ready_compact_fixed/Fig_Step77B_ManuscriptReadyCompact_LatentLandscape_fixed.pdf	Fig_Step77B_ManuscriptReadyCompact_LatentLandscape_fixed.pdf	.pdf	896422	94689421aca16458f8a09509c8aaa8159c7a4134e5e51e4d5893ba8021b30751	zenodo_data_results_bundle/figures/Step77_latent_state_probability_landscape/Fig_Step77B_ManuscriptReadyCompact_LatentLandscape_fixed.pdf	/mnt/h/vir/ST/results/step8_strokeniche_perturbmap/latent_state_probability_landscape_77b_manuscript_ready_compact_fixed
Step77_latent_state_probability_landscape	main_candidate_latent_state_probability	/mnt/h/vir/ST/results/step8_strokeniche_perturbmap/latent_state_probability_landscape_77b_manuscript_ready_compact_fixed/Fig_Step77B_ManuscriptReadyCompact_LatentLandscape_fixed.png	Fig_Step77B_ManuscriptReadyCompact_LatentLandscape_fixed.png	.png	4130734	4102803c14c5517f5fd67115aed471a92ca4cbc9e8bfd78edc01c6ec7fbc2038	zenodo_data_results_bundle/figures/Step77_latent_state_probability_landscape/Fig_Step77B_ManuscriptReadyCompact_LatentLandscape_fixed.png	/mnt/h/vir/ST/results/step8_strokeniche_perturbmap/latent_state_probability_landscape_77b_manuscript_ready_compact_fixed
Step77_latent_state_probability_landscape	main_candidate_latent_state_probability	/mnt/h/vir/ST/results/step8_strokeniche_perturbmap/latent_state_probability_landscape_77b_manuscript_ready_compact_fixed/Fig_Step77B_ManuscriptReadyCompact_LatentLandscape_fixed.svg	Fig_Step77B_ManuscriptReadyCompact_LatentLandscape_fixed.svg	.svg	5422022	2fef04d1ac4af2ab10097e8825262dc740c5fa6f13709e32e021dd85cf38d824	zenodo_data_results_bundle/figures/Step77_latent_state_probability_landscape/Fig_Step77B_ManuscriptReadyCompact_LatentLandscape_fixed.svg	/mnt/h/vir/ST/results/step8_strokeniche_perturbmap/latent_state_probability_landscape_77b_manuscript_ready_compact_fixed
Step78_virtual_perturbation_response_landscape	supplementary_or_qc	/mnt/h/vir/ST/results/step8_strokeniche_perturbmap/virtual_perturbation_response_landscape_78b_fixed/Fig_Step78B_ResponseLandscape_ccl2_ccr2_ackr1_blockade.pdf	Fig_Step78B_ResponseLandscape_ccl2_ccr2_ackr1_blockade.pdf	.pdf	943295	92c734410eaa697a35ced243424e60063848fea3d459ceb549ecfda4c52abc37	zenodo_data_results_bundle/figures/Step78_virtual_perturbation_response_landscape/Fig_Step78B_ResponseLandscape_ccl2_ccr2_ackr1_blockade.pdf	/mnt/h/vir/ST/results/step8_strokeniche_perturbmap/virtual_perturbation_response_landscape_78b_fixed
Step78_virtual_perturbation_response_landscape	supplementary_or_qc	/mnt/h/vir/ST/results/step8_strokeniche_perturbmap/virtual_perturbation_response_landscape_78b_fixed/Fig_Step78B_ResponseLandscape_ccl2_ccr2_ackr1_blockade.png	Fig_Step78B_ResponseLandscape_ccl2_ccr2_ackr1_blockade.png	.png	2401805	34a23aa9be74874da753f3086963877964ad37c2534bf6f130441f7767f481e2	zenodo_data_results_bundle/figures/Step78_virtual_perturbation_response_landscape/Fig_Step78B_ResponseLandscape_ccl2_ccr2_ackr1_blockade.png	/mnt/h/vir/ST/results/step8_strokeniche_perturbmap/virtual_perturbation_response_landscape_78b_fixed
Step78_virtual_perturbation_response_landscape	supplementary_or_qc	/mnt/h/vir/ST/results/step8_strokeniche_perturbmap/virtual_perturbation_response_landscape_78b_fixed/Fig_Step78B_ResponseLandscape_ccl2_ccr2_ackr1_blockade.svg	Fig_Step78B_ResponseLandscape_ccl2_ccr2_ackr1_blockade.svg	.svg	4490641	33181583a5920dfa8c9e00121f2518c86724c1c35ef9956a4d9b7ca2261d47bc	zenodo_data_results_bundle/figures/Step78_virtual_perturbation_response_landscape/Fig_Step78B_ResponseLandscape_ccl2_ccr2_ackr1_blockade.svg	/mnt/h/vir/ST/results/step8_strokeniche_perturbmap/virtual_perturbation_response_landscape_78b_fixed
Step78_virtual_perturbation_response_landscape	main_or_extended_virtual_perturbation_response	/mnt/h/vir/ST/results/step8_strokeniche_perturbmap/virtual_perturbation_response_landscape_78b_fixed/Fig_Step78B_ResponseLandscape_ferroptosis_down.pdf	Fig_Step78B_ResponseLandscape_ferroptosis_down.pdf	.pdf	968056	4f95dd27c4166abb2a35fa5f86505ae3ce2759821739440588c72c4430c69ad5	zenodo_data_results_bundle/figures/Step78_virtual_perturbation_response_landscape/Fig_Step78B_ResponseLandscape_ferroptosis_down.pdf	/mnt/h/vir/ST/results/step8_strokeniche_perturbmap/virtual_perturbation_response_landscape_78b_fixed
Step78_virtual_perturbation_response_landscape	main_or_extended_virtual_perturbation_response	/mnt/h/vir/ST/results/step8_strokeniche_perturbmap/virtual_perturbation_response_landscape_78b_fixed/Fig_Step78B_ResponseLandscape_ferroptosis_down.png	Fig_Step78B_ResponseLandscape_ferroptosis_down.png	.png	2535814	6a75cfb3d8eb5e5fa54641ac56a44c9d15d09d699eee35ed044d76584ce7a237	zenodo_data_results_bundle/figures/Step78_virtual_perturbation_response_landscape/Fig_Step78B_ResponseLandscape_ferroptosis_down.png	/mnt/h/vir/ST/results/step8_strokeniche_perturbmap/virtual_perturbation_response_landscape_78b_fixed
Step78_virtual_perturbation_response_landscape	main_or_extended_virtual_perturbation_response	/mnt/h/vir/ST/results/step8_strokeniche_perturbmap/virtual_perturbation_response_landscape_78b_fixed/Fig_Step78B_ResponseLandscape_ferroptosis_down.svg	Fig_Step78B_ResponseLandscape_ferroptosis_down.svg	.svg	4495095	12bec023bbc402da93eb5aec0b20d20f0dcd236762ca9988d451747e7ef8578d	zenodo_data_results_bundle/figures/Step78_virtual_perturbation_response_landscape/Fig_Step78B_ResponseLandscape_ferroptosis_down.svg	/mnt/h/vir/ST/results/step8_strokeniche_perturbmap/virtual_perturbation_response_landscape_78b_fixed
Step78_virtual_perturbation_response_landscape	main_or_extended_virtual_perturbation_response	/mnt/h/vir/ST/results/step8_strokeniche_perturbmap/virtual_perturbation_response_landscape_78b_fixed/Fig_Step78B_ResponseLandscape_ferroptosis_down_modulation.pdf	Fig_Step78B_ResponseLandscape_ferroptosis_down_modulation.pdf	.pdf	968108	e3013d87c921687a029761e2ec7359512a16b509c89beecaf4bae7fb549319e7	zenodo_data_results_bundle/figures/Step78_virtual_perturbation_response_landscape/Fig_Step78B_ResponseLandscape_ferroptosis_down_modulation.pdf	/mnt/h/vir/ST/results/step8_strokeniche_perturbmap/virtual_perturbation_response_landscape_78b_fixed
Step78_virtual_perturbation_response_landscape	main_or_extended_virtual_perturbation_response	/mnt/h/vir/ST/results/step8_strokeniche_perturbmap/virtual_perturbation_response_landscape_78b_fixed/Fig_Step78B_ResponseLandscape_ferroptosis_down_modulation.png	Fig_Step78B_ResponseLandscape_ferroptosis_down_modulation.png	.png	2539179	7d061892cdd279ad9e4f919dd96ab87a91542f1b08804ad887d69e8fd1df1838	zenodo_data_results_bundle/figures/Step78_virtual_perturbation_response_landscape/Fig_Step78B_ResponseLandscape_ferroptosis_down_modulation.png	/mnt/h/vir/ST/results/step8_strokeniche_perturbmap/virtual_perturbation_response_landscape_78b_fixed
Step78_virtual_perturbation_response_landscape	main_or_extended_virtual_perturbation_response	/mnt/h/vir/ST/results/step8_strokeniche_perturbmap/virtual_perturbation_response_landscape_78b_fixed/Fig_Step78B_ResponseLandscape_ferroptosis_down_modulation.svg	Fig_Step78B_ResponseLandscape_ferroptosis_down_modulation.svg	.svg	4496018	fddf7a41a958ecdc467e2b43c9f51d1d029a178c066c4e0ba20bbc3046b09d6c	zenodo_data_results_bundle/figures/Step78_virtual_perturbation_response_landscape/Fig_Step78B_ResponseLandscape_ferroptosis_down_modulation.svg	/mnt/h/vir/ST/results/step8_strokeniche_perturbmap/virtual_perturbation_response_landscape_78b_fixed
Step78_virtual_perturbation_response_landscape	supplementary_or_qc	/mnt/h/vir/ST/results/step8_strokeniche_perturbmap/virtual_perturbation_response_landscape_78b_fixed/Fig_Step78B_ResponseLandscape_repair_ecm_promotion.pdf	Fig_Step78B_ResponseLandscape_repair_ecm_promotion.pdf	.pdf	881025	e589629f29b22604d67dcf664f69a3c70cd28549377f23526e8b3642c224d050	zenodo_data_results_bundle/figures/Step78_virtual_perturbation_response_landscape/Fig_Step78B_ResponseLandscape_repair_ecm_promotion.pdf	/mnt/h/vir/ST/results/step8_strokeniche_perturbmap/virtual_perturbation_response_landscape_78b_fixed
Step78_virtual_perturbation_response_landscape	supplementary_or_qc	/mnt/h/vir/ST/results/step8_strokeniche_perturbmap/virtual_perturbation_response_landscape_78b_fixed/Fig_Step78B_ResponseLandscape_repair_ecm_promotion.png	Fig_Step78B_ResponseLandscape_repair_ecm_promotion.png	.png	2305473	9eab1aaeb377f7831814596c512243b9cbe45fc916fc3a12f8845bb38d7b4db3	zenodo_data_results_bundle/figures/Step78_virtual_perturbation_response_landscape/Fig_Step78B_ResponseLandscape_repair_ecm_promotion.png	/mnt/h/vir/ST/results/step8_strokeniche_perturbmap/virtual_perturbation_response_landscape_78b_fixed
Step78_virtual_perturbation_response_landscape	supplementary_or_qc	/mnt/h/vir/ST/results/step8_strokeniche_perturbmap/virtual_perturbation_response_landscape_78b_fixed/Fig_Step78B_ResponseLandscape_repair_ecm_promotion.svg	Fig_Step78B_ResponseLandscape_repair_ecm_promotion.svg	.svg	4341842	868fdd501e4c7610db94a7dd94d989e4745e3b4e37bf84d012b6bf08f5b5502e	zenodo_data_results_bundle/figures/Step78_virtual_perturbation_response_landscape/Fig_Step78B_ResponseLandscape_repair_ecm_promotion.svg	/mnt/h/vir/ST/results/step8_strokeniche_perturbmap/virtual_perturbation_response_landscape_78b_fixed
Step78_virtual_perturbation_response_landscape	supplementary_or_qc	/mnt/h/vir/ST/results/step8_strokeniche_perturbmap/virtual_perturbation_response_landscape_78b_fixed/Fig_Step78B_ResponseLandscape_repair_ecm_up.pdf	Fig_Step78B_ResponseLandscape_repair_ecm_up.pdf	.pdf	881055	92e233331a876b6e35db1a9ac9bdeca4281987db9d1fca6ce12bc39ebddc370c	zenodo_data_results_bundle/figures/Step78_virtual_perturbation_response_landscape/Fig_Step78B_ResponseLandscape_repair_ecm_up.pdf	/mnt/h/vir/ST/results/step8_strokeniche_perturbmap/virtual_perturbation_response_landscape_78b_fixed
Step78_virtual_perturbation_response_landscape	supplementary_or_qc	/mnt/h/vir/ST/results/step8_strokeniche_perturbmap/virtual_perturbation_response_landscape_78b_fixed/Fig_Step78B_ResponseLandscape_repair_ecm_up.png	Fig_Step78B_ResponseLandscape_repair_ecm_up.png	.png	2301538	5bced8e6373902a38c35d64817ef43cd7c0d757422a29d5450ba0d9c29d6f860	zenodo_data_results_bundle/figures/Step78_virtual_perturbation_response_landscape/Fig_Step78B_ResponseLandscape_repair_ecm_up.png	/mnt/h/vir/ST/results/step8_strokeniche_perturbmap/virtual_perturbation_response_landscape_78b_fixed
Step78_virtual_perturbation_response_landscape	supplementary_or_qc	/mnt/h/vir/ST/results/step8_strokeniche_perturbmap/virtual_perturbation_response_landscape_78b_fixed/Fig_Step78B_ResponseLandscape_repair_ecm_up.svg	Fig_Step78B_ResponseLandscape_repair_ecm_up.svg	.svg	4341339	b925b90a7bbab3da4d1d8fe3c9ddb32e6ee06c91885c2403225acd66f7c449f9	zenodo_data_results_bundle/figures/Step78_virtual_perturbation_response_landscape/Fig_Step78B_ResponseLandscape_repair_ecm_up.svg	/mnt/h/vir/ST/results/step8_strokeniche_perturbmap/virtual_perturbation_response_landscape_78b_fixed
Step78_virtual_perturbation_response_landscape	main_or_extended_virtual_perturbation_response	/mnt/h/vir/ST/results/step8_strokeniche_perturbmap/virtual_perturbation_response_landscape_78b_fixed/Fig_Step78B_ResponseLandscape_spp1_cd44_blockade.pdf	Fig_Step78B_ResponseLandscape_spp1_cd44_blockade.pdf	.pdf	989221	8a2b222c5969217a21ff09308884e43b3fc8f986d00f6debc860ba6b53895459	zenodo_data_results_bundle/figures/Step78_virtual_perturbation_response_landscape/Fig_Step78B_ResponseLandscape_spp1_cd44_blockade.pdf	/mnt/h/vir/ST/results/step8_strokeniche_perturbmap/virtual_perturbation_response_landscape_78b_fixed
Step78_virtual_perturbation_response_landscape	main_or_extended_virtual_perturbation_response	/mnt/h/vir/ST/results/step8_strokeniche_perturbmap/virtual_perturbation_response_landscape_78b_fixed/Fig_Step78B_ResponseLandscape_spp1_cd44_blockade.png	Fig_Step78B_ResponseLandscape_spp1_cd44_blockade.png	.png	2511035	ca78a3c64415156977f3ec894fad0f9f705136d2bfb3e4261bf4da789b2cd5b0	zenodo_data_results_bundle/figures/Step78_virtual_perturbation_response_landscape/Fig_Step78B_ResponseLandscape_spp1_cd44_blockade.png	/mnt/h/vir/ST/results/step8_strokeniche_perturbmap/virtual_perturbation_response_landscape_78b_fixed
Step78_virtual_perturbation_response_landscape	main_or_extended_virtual_perturbation_response	/mnt/h/vir/ST/results/step8_strokeniche_perturbmap/virtual_perturbation_response_landscape_78b_fixed/Fig_Step78B_ResponseLandscape_spp1_cd44_blockade.svg	Fig_Step78B_ResponseLandscape_spp1_cd44_blockade.svg	.svg	4570123	14860b1a2ecece1013433b07d348dcdb810dfbe3d4f5022a1fad5d29612f22cd	zenodo_data_results_bundle/figures/Step78_virtual_perturbation_response_landscape/Fig_Step78B_ResponseLandscape_spp1_cd44_blockade.svg	/mnt/h/vir/ST/results/step8_strokeniche_perturbmap/virtual_perturbation_response_landscape_78b_fixed
Step78_virtual_perturbation_response_landscape	supplementary_or_qc	/mnt/h/vir/ST/results/step8_strokeniche_perturbmap/virtual_perturbation_response_landscape_78b_fixed/Fig_Step78B_ResponseLandscape_vegfa_flt1_kdr_blockade.pdf	Fig_Step78B_ResponseLandscape_vegfa_flt1_kdr_blockade.pdf	.pdf	938796	dd35c6206cfcca96904f2a690bdcff55b893d13b114f6639bf2bc4314dc02c0c	zenodo_data_results_bundle/figures/Step78_virtual_perturbation_response_landscape/Fig_Step78B_ResponseLandscape_vegfa_flt1_kdr_blockade.pdf	/mnt/h/vir/ST/results/step8_strokeniche_perturbmap/virtual_perturbation_response_landscape_78b_fixed
Step78_virtual_perturbation_response_landscape	supplementary_or_qc	/mnt/h/vir/ST/results/step8_strokeniche_perturbmap/virtual_perturbation_response_landscape_78b_fixed/Fig_Step78B_ResponseLandscape_vegfa_flt1_kdr_blockade.png	Fig_Step78B_ResponseLandscape_vegfa_flt1_kdr_blockade.png	.png	2360551	0c024d42befa19cd2a191a4b2e5180dae8d5861bb7c9fd8b307e6bfad7f9ca8c	zenodo_data_results_bundle/figures/Step78_virtual_perturbation_response_landscape/Fig_Step78B_ResponseLandscape_vegfa_flt1_kdr_blockade.png	/mnt/h/vir/ST/results/step8_strokeniche_perturbmap/virtual_perturbation_response_landscape_78b_fixed
Step78_virtual_perturbation_response_landscape	supplementary_or_qc	/mnt/h/vir/ST/results/step8_strokeniche_perturbmap/virtual_perturbation_response_landscape_78b_fixed/Fig_Step78B_ResponseLandscape_vegfa_flt1_kdr_blockade.svg	Fig_Step78B_ResponseLandscape_vegfa_flt1_kdr_blockade.svg	.svg	4491554	e4efc3b1a94168ee301565429e24039edfd521081f0ab8c258965374b6b0d5a0	zenodo_data_results_bundle/figures/Step78_virtual_perturbation_response_landscape/Fig_Step78B_ResponseLandscape_vegfa_flt1_kdr_blockade.svg	/mnt/h/vir/ST/results/step8_strokeniche_perturbmap/virtual_perturbation_response_landscape_78b_fixed
Step78_virtual_perturbation_response_landscape	supplementary_or_qc	/mnt/h/vir/ST/results/step8_strokeniche_perturbmap/virtual_perturbation_response_landscape_78b_fixed/Fig_Step78B_VirtualPerturbationResponseLandscape_Atlas.pdf	Fig_Step78B_VirtualPerturbationResponseLandscape_Atlas.pdf	.pdf	5839494	c13e878803e26d081419758977d835a8afb23ce12ffe7cdb767777d7eaf39594	zenodo_data_results_bundle/figures/Step78_virtual_perturbation_response_landscape/Fig_Step78B_VirtualPerturbationResponseLandscape_Atlas.pdf	/mnt/h/vir/ST/results/step8_strokeniche_perturbmap/virtual_perturbation_response_landscape_78b_fixed
Step78_virtual_perturbation_response_landscape	supplementary_or_qc	/mnt/h/vir/ST/results/step8_strokeniche_perturbmap/virtual_perturbation_response_landscape_78b_fixed/Fig_Step78B_VirtualPerturbationResponseLandscape_Atlas.png	Fig_Step78B_VirtualPerturbationResponseLandscape_Atlas.png	.png	9762526	288859ea3d0112ddc489a321e9e7b411b28e588380c05a8be8881c0ae39104ec	zenodo_data_results_bundle/figures/Step78_virtual_perturbation_response_landscape/Fig_Step78B_VirtualPerturbationResponseLandscape_Atlas.png	/mnt/h/vir/ST/results/step8_strokeniche_perturbmap/virtual_perturbation_response_landscape_78b_fixed
Step78_virtual_perturbation_response_landscape	supplementary_or_qc	/mnt/h/vir/ST/results/step8_strokeniche_perturbmap/virtual_perturbation_response_landscape_78b_fixed/Fig_Step78B_VirtualPerturbationResponseLandscape_Atlas.svg	Fig_Step78B_VirtualPerturbationResponseLandscape_Atlas.svg	.svg	30239791	a1106b3a1d6ca4e4f0515772f3b6b4abc422f118e69c52f93411d3d1ac7ba329	zenodo_data_results_bundle/figures/Step78_virtual_perturbation_response_landscape/Fig_Step78B_VirtualPerturbationResponseLandscape_Atlas.svg	/mnt/h/vir/ST/results/step8_strokeniche_perturbmap/virtual_perturbation_response_landscape_78b_fixed
Step78_virtual_perturbation_response_landscape	supplementary_or_qc	/mnt/h/vir/ST/results/step8_strokeniche_perturbmap/virtual_perturbation_response_landscape_78c_final/Fig_Step78C_ResponseLandscape_Ccl2_Ccr2-Ackr1_blockade_final.pdf	Fig_Step78C_ResponseLandscape_Ccl2_Ccr2-Ackr1_blockade_final.pdf	.pdf	1501375	70f737492973972109a0326d00660326e53732b03a47d497436f49491d12299b	zenodo_data_results_bundle/figures/Step78_virtual_perturbation_response_landscape/Fig_Step78C_ResponseLandscape_Ccl2_Ccr2-Ackr1_blockade_final.pdf	/mnt/h/vir/ST/results/step8_strokeniche_perturbmap/virtual_perturbation_response_landscape_78c_final
Step78_virtual_perturbation_response_landscape	supplementary_or_qc	/mnt/h/vir/ST/results/step8_strokeniche_perturbmap/virtual_perturbation_response_landscape_78c_final/Fig_Step78C_ResponseLandscape_Ccl2_Ccr2-Ackr1_blockade_final.png	Fig_Step78C_ResponseLandscape_Ccl2_Ccr2-Ackr1_blockade_final.png	.png	2513407	7c5a3fde53146417eb45169a9717e15e506aa30d011c074a2082f37c5a94626e	zenodo_data_results_bundle/figures/Step78_virtual_perturbation_response_landscape/Fig_Step78C_ResponseLandscape_Ccl2_Ccr2-Ackr1_blockade_final.png	/mnt/h/vir/ST/results/step8_strokeniche_perturbmap/virtual_perturbation_response_landscape_78c_final
Step78_virtual_perturbation_response_landscape	supplementary_or_qc	/mnt/h/vir/ST/results/step8_strokeniche_perturbmap/virtual_perturbation_response_landscape_78c_final/Fig_Step78C_ResponseLandscape_Ccl2_Ccr2-Ackr1_blockade_final.svg	Fig_Step78C_ResponseLandscape_Ccl2_Ccr2-Ackr1_blockade_final.svg	.svg	7175135	81f19caa631901f63a4879da6b21bbc3d6b4f101a229777124d7f51db687d892	zenodo_data_results_bundle/figures/Step78_virtual_perturbation_response_landscape/Fig_Step78C_ResponseLandscape_Ccl2_Ccr2-Ackr1_blockade_final.svg	/mnt/h/vir/ST/results/step8_strokeniche_perturbmap/virtual_perturbation_response_landscape_78c_final
Step78_virtual_perturbation_response_landscape	main_or_extended_virtual_perturbation_response	/mnt/h/vir/ST/results/step8_strokeniche_perturbmap/virtual_perturbation_response_landscape_78c_final/Fig_Step78C_ResponseLandscape_Ferroptosis_down_final.pdf	Fig_Step78C_ResponseLandscape_Ferroptosis_down_final.pdf	.pdf	1896594	f95ef5cd742d8c00f76d434f94ccdb78aa641348b9aed7740314506c58293942	zenodo_data_results_bundle/figures/Step78_virtual_perturbation_response_landscape/Fig_Step78C_ResponseLandscape_Ferroptosis_down_final.pdf	/mnt/h/vir/ST/results/step8_strokeniche_perturbmap/virtual_perturbation_response_landscape_78c_final
Step78_virtual_perturbation_response_landscape	main_or_extended_virtual_perturbation_response	/mnt/h/vir/ST/results/step8_strokeniche_perturbmap/virtual_perturbation_response_landscape_78c_final/Fig_Step78C_ResponseLandscape_Ferroptosis_down_final.png	Fig_Step78C_ResponseLandscape_Ferroptosis_down_final.png	.png	3028847	47a9d5d17ae1e3ed7f3bce05b1af99e7553bf3eda9ca3090b16e12e1b8f09e3f	zenodo_data_results_bundle/figures/Step78_virtual_perturbation_response_landscape/Fig_Step78C_ResponseLandscape_Ferroptosis_down_final.png	/mnt/h/vir/ST/results/step8_strokeniche_perturbmap/virtual_perturbation_response_landscape_78c_final
Step78_virtual_perturbation_response_landscape	main_or_extended_virtual_perturbation_response	/mnt/h/vir/ST/results/step8_strokeniche_perturbmap/virtual_perturbation_response_landscape_78c_final/Fig_Step78C_ResponseLandscape_Ferroptosis_down_final.svg	Fig_Step78C_ResponseLandscape_Ferroptosis_down_final.svg	.svg	7941106	3fe35426cdd8d7df9a5498cbe21f4d7fec6f6ae8d28037d63c36673f5f954b5a	zenodo_data_results_bundle/figures/Step78_virtual_perturbation_response_landscape/Fig_Step78C_ResponseLandscape_Ferroptosis_down_final.svg	/mnt/h/vir/ST/results/step8_strokeniche_perturbmap/virtual_perturbation_response_landscape_78c_final
Step78_virtual_perturbation_response_landscape	supplementary_or_qc	/mnt/h/vir/ST/results/step8_strokeniche_perturbmap/virtual_perturbation_response_landscape_78c_final/Fig_Step78C_ResponseLandscape_Repair-ECM_up_final.pdf	Fig_Step78C_ResponseLandscape_Repair-ECM_up_final.pdf	.pdf	869517	a13c3342cd42e961e6c431a3a1eea0094eb23bf0e7db11d8bc4d8231da4f466c	zenodo_data_results_bundle/figures/Step78_virtual_perturbation_response_landscape/Fig_Step78C_ResponseLandscape_Repair-ECM_up_final.pdf	/mnt/h/vir/ST/results/step8_strokeniche_perturbmap/virtual_perturbation_response_landscape_78c_final
Step78_virtual_perturbation_response_landscape	supplementary_or_qc	/mnt/h/vir/ST/results/step8_strokeniche_perturbmap/virtual_perturbation_response_landscape_78c_final/Fig_Step78C_ResponseLandscape_Repair-ECM_up_final.png	Fig_Step78C_ResponseLandscape_Repair-ECM_up_final.png	.png	981271	ac49a62cd26e093d8f49fbc91c300bee3ec4a993c8b594b9b98a7fa54ab5ed60	zenodo_data_results_bundle/figures/Step78_virtual_perturbation_response_landscape/Fig_Step78C_ResponseLandscape_Repair-ECM_up_final.png	/mnt/h/vir/ST/results/step8_strokeniche_perturbmap/virtual_perturbation_response_landscape_78c_final
Step78_virtual_perturbation_response_landscape	supplementary_or_qc	/mnt/h/vir/ST/results/step8_strokeniche_perturbmap/virtual_perturbation_response_landscape_78c_final/Fig_Step78C_ResponseLandscape_Repair-ECM_up_final.svg	Fig_Step78C_ResponseLandscape_Repair-ECM_up_final.svg	.svg	5873254	93ea234afd611dbaf6abdd0424c0b6e501778f1aec479095cc64354bb92778dd	zenodo_data_results_bundle/figures/Step78_virtual_perturbation_response_landscape/Fig_Step78C_ResponseLandscape_Repair-ECM_up_final.svg	/mnt/h/vir/ST/results/step8_strokeniche_perturbmap/virtual_perturbation_response_landscape_78c_final
Step78_virtual_perturbation_response_landscape	main_or_extended_virtual_perturbation_response	/mnt/h/vir/ST/results/step8_strokeniche_perturbmap/virtual_perturbation_response_landscape_78c_final/Fig_Step78C_ResponseLandscape_Spp1-Cd44_blockade_final.pdf	Fig_Step78C_ResponseLandscape_Spp1-Cd44_blockade_final.pdf	.pdf	1874185	576741638aad5df11520c061b990b3e449a30ece2c6aac02b46faff75cea4733	zenodo_data_results_bundle/figures/Step78_virtual_perturbation_response_landscape/Fig_Step78C_ResponseLandscape_Spp1-Cd44_blockade_final.pdf	/mnt/h/vir/ST/results/step8_strokeniche_perturbmap/virtual_perturbation_response_landscape_78c_final
Step78_virtual_perturbation_response_landscape	main_or_extended_virtual_perturbation_response	/mnt/h/vir/ST/results/step8_strokeniche_perturbmap/virtual_perturbation_response_landscape_78c_final/Fig_Step78C_ResponseLandscape_Spp1-Cd44_blockade_final.png	Fig_Step78C_ResponseLandscape_Spp1-Cd44_blockade_final.png	.png	2988787	f60e76fbfb0085d5283cd38a725a70240097be714ac733744735c9334f3b35b7	zenodo_data_results_bundle/figures/Step78_virtual_perturbation_response_landscape/Fig_Step78C_ResponseLandscape_Spp1-Cd44_blockade_final.png	/mnt/h/vir/ST/results/step8_strokeniche_perturbmap/virtual_perturbation_response_landscape_78c_final
Step78_virtual_perturbation_response_landscape	main_or_extended_virtual_perturbation_response	/mnt/h/vir/ST/results/step8_strokeniche_perturbmap/virtual_perturbation_response_landscape_78c_final/Fig_Step78C_ResponseLandscape_Spp1-Cd44_blockade_final.svg	Fig_Step78C_ResponseLandscape_Spp1-Cd44_blockade_final.svg	.svg	7874264	40de6e1ea171ea3869741a94a5a63e047772729df096749a50b17d5fe73ecee7	zenodo_data_results_bundle/figures/Step78_virtual_perturbation_response_landscape/Fig_Step78C_ResponseLandscape_Spp1-Cd44_blockade_final.svg	/mnt/h/vir/ST/results/step8_strokeniche_perturbmap/virtual_perturbation_response_landscape_78c_final
Step78_virtual_perturbation_response_landscape	supplementary_or_qc	/mnt/h/vir/ST/results/step8_strokeniche_perturbmap/virtual_perturbation_response_landscape_78c_final/Fig_Step78C_ResponseLandscape_Vegfa-Flt1_Kdr_blockade_final.pdf	Fig_Step78C_ResponseLandscape_Vegfa-Flt1_Kdr_blockade_final.pdf	.pdf	1447107	e024b5e4d0cf42326fcc1665ecf76f15130ba0b9bc41a4e55126af273009ca0d	zenodo_data_results_bundle/figures/Step78_virtual_perturbation_response_landscape/Fig_Step78C_ResponseLandscape_Vegfa-Flt1_Kdr_blockade_final.pdf	/mnt/h/vir/ST/results/step8_strokeniche_perturbmap/virtual_perturbation_response_landscape_78c_final
Step78_virtual_perturbation_response_landscape	supplementary_or_qc	/mnt/h/vir/ST/results/step8_strokeniche_perturbmap/virtual_perturbation_response_landscape_78c_final/Fig_Step78C_ResponseLandscape_Vegfa-Flt1_Kdr_blockade_final.png	Fig_Step78C_ResponseLandscape_Vegfa-Flt1_Kdr_blockade_final.png	.png	2422926	8e580056e0e7348c898eac216f3b845ee2d6894a82c14c7bf786c43a9f0335d0	zenodo_data_results_bundle/figures/Step78_virtual_perturbation_response_landscape/Fig_Step78C_ResponseLandscape_Vegfa-Flt1_Kdr_blockade_final.png	/mnt/h/vir/ST/results/step8_strokeniche_perturbmap/virtual_perturbation_response_landscape_78c_final
Step78_virtual_perturbation_response_landscape	supplementary_or_qc	/mnt/h/vir/ST/results/step8_strokeniche_perturbmap/virtual_perturbation_response_landscape_78c_final/Fig_Step78C_ResponseLandscape_Vegfa-Flt1_Kdr_blockade_final.svg	Fig_Step78C_ResponseLandscape_Vegfa-Flt1_Kdr_blockade_final.svg	.svg	7075601	51072566bdbbb919734b04a21e67f2709fdb54368564ecfa36da6c7c37b01bcc	zenodo_data_results_bundle/figures/Step78_virtual_perturbation_response_landscape/Fig_Step78C_ResponseLandscape_Vegfa-Flt1_Kdr_blockade_final.svg	/mnt/h/vir/ST/results/step8_strokeniche_perturbmap/virtual_perturbation_response_landscape_78c_final
Step78_virtual_perturbation_response_landscape	supplementary_or_qc	/mnt/h/vir/ST/results/step8_strokeniche_perturbmap/virtual_perturbation_response_landscape_78c_final/Fig_Step78C_VirtualPerturbationResponseLandscape_Atlas_final.pdf	Fig_Step78C_VirtualPerturbationResponseLandscape_Atlas_final.pdf	.pdf	7313158	0bb0e5e62b50364f21f93ccd10c2ea0b36669b33a1e53266cbdce8212dac0075	zenodo_data_results_bundle/figures/Step78_virtual_perturbation_response_landscape/Fig_Step78C_VirtualPerturbationResponseLandscape_Atlas_final.pdf	/mnt/h/vir/ST/results/step8_strokeniche_perturbmap/virtual_perturbation_response_landscape_78c_final
Step78_virtual_perturbation_response_landscape	supplementary_or_qc	/mnt/h/vir/ST/results/step8_strokeniche_perturbmap/virtual_perturbation_response_landscape_78c_final/Fig_Step78C_VirtualPerturbationResponseLandscape_Atlas_final.png	Fig_Step78C_VirtualPerturbationResponseLandscape_Atlas_final.png	.png	5608048	c3158fb1f9a57feffe8ad963bd25c304912521393b9486bdeb70322abb204890	zenodo_data_results_bundle/figures/Step78_virtual_perturbation_response_landscape/Fig_Step78C_VirtualPerturbationResponseLandscape_Atlas_final.png	/mnt/h/vir/ST/results/step8_strokeniche_perturbmap/virtual_perturbation_response_landscape_78c_final
Step78_virtual_perturbation_response_landscape	supplementary_or_qc	/mnt/h/vir/ST/results/step8_strokeniche_perturbmap/virtual_perturbation_response_landscape_78c_final/Fig_Step78C_VirtualPerturbationResponseLandscape_Atlas_final.svg	Fig_Step78C_VirtualPerturbationResponseLandscape_Atlas_final.svg	.svg	33379426	2c90e91d6295bca09c29b3e63510d97c972801a424673a6cb7174dd1c99f72ec	zenodo_data_results_bundle/figures/Step78_virtual_perturbation_response_landscape/Fig_Step78C_VirtualPerturbationResponseLandscape_Atlas_final.svg	/mnt/h/vir/ST/results/step8_strokeniche_perturbmap/virtual_perturbation_response_landscape_78c_final
Step78_virtual_perturbation_response_landscape	main_or_extended_virtual_perturbation_response	/mnt/h/vir/ST/results/step8_strokeniche_perturbmap/virtual_perturbation_response_landscape_78d_fixed_freeze/Fig_Step78D_ResponseLandscape_Ccl2_Ccr2-Ackr1_final.pdf	Fig_Step78D_ResponseLandscape_Ccl2_Ccr2-Ackr1_final.pdf	.pdf	1042446	c4e004927d8ad2e0acd8999211af28af5166d3c2a4c21b30c5292814c7e4806b	zenodo_data_results_bundle/figures/Step78_virtual_perturbation_response_landscape/Fig_Step78D_ResponseLandscape_Ccl2_Ccr2-Ackr1_final.pdf	/mnt/h/vir/ST/results/step8_strokeniche_perturbmap/virtual_perturbation_response_landscape_78d_fixed_freeze
Step78_virtual_perturbation_response_landscape	main_or_extended_virtual_perturbation_response	/mnt/h/vir/ST/results/step8_strokeniche_perturbmap/virtual_perturbation_response_landscape_78d_fixed_freeze/Fig_Step78D_ResponseLandscape_Ccl2_Ccr2-Ackr1_final.png	Fig_Step78D_ResponseLandscape_Ccl2_Ccr2-Ackr1_final.png	.png	5114805	17293f77cf8f3fd594a252c42c6c073e28cf07cbe7de3b77edf3de9641da1f61	zenodo_data_results_bundle/figures/Step78_virtual_perturbation_response_landscape/Fig_Step78D_ResponseLandscape_Ccl2_Ccr2-Ackr1_final.png	/mnt/h/vir/ST/results/step8_strokeniche_perturbmap/virtual_perturbation_response_landscape_78d_fixed_freeze
Step78_virtual_perturbation_response_landscape	main_or_extended_virtual_perturbation_response	/mnt/h/vir/ST/results/step8_strokeniche_perturbmap/virtual_perturbation_response_landscape_78d_fixed_freeze/Fig_Step78D_ResponseLandscape_Ccl2_Ccr2-Ackr1_final.svg	Fig_Step78D_ResponseLandscape_Ccl2_Ccr2-Ackr1_final.svg	.svg	4596016	b27b3b751be9841615055c02afa3ebf902976153b9172dd1232051ffd9fb9397	zenodo_data_results_bundle/figures/Step78_virtual_perturbation_response_landscape/Fig_Step78D_ResponseLandscape_Ccl2_Ccr2-Ackr1_final.svg	/mnt/h/vir/ST/results/step8_strokeniche_perturbmap/virtual_perturbation_response_landscape_78d_fixed_freeze
Step78_virtual_perturbation_response_landscape	main_or_extended_virtual_perturbation_response	/mnt/h/vir/ST/results/step8_strokeniche_perturbmap/virtual_perturbation_response_landscape_78d_fixed_freeze/Fig_Step78D_ResponseLandscape_Ferroptosis_down_final.pdf	Fig_Step78D_ResponseLandscape_Ferroptosis_down_final.pdf	.pdf	1115063	0fb7a1532038022fe8240aee543c4712906a45a645f5170495acdd31afa10cd6	zenodo_data_results_bundle/figures/Step78_virtual_perturbation_response_landscape/Fig_Step78D_ResponseLandscape_Ferroptosis_down_final.pdf	/mnt/h/vir/ST/results/step8_strokeniche_perturbmap/virtual_perturbation_response_landscape_78d_fixed_freeze
Step78_virtual_perturbation_response_landscape	main_or_extended_virtual_perturbation_response	/mnt/h/vir/ST/results/step8_strokeniche_perturbmap/virtual_perturbation_response_landscape_78d_fixed_freeze/Fig_Step78D_ResponseLandscape_Ferroptosis_down_final.png	Fig_Step78D_ResponseLandscape_Ferroptosis_down_final.png	.png	5599636	f2abc30da34ebf574aed6b4eee1488232e43f5cbde86d8d25154904b08ce323b	zenodo_data_results_bundle/figures/Step78_virtual_perturbation_response_landscape/Fig_Step78D_ResponseLandscape_Ferroptosis_down_final.png	/mnt/h/vir/ST/results/step8_strokeniche_perturbmap/virtual_perturbation_response_landscape_78d_fixed_freeze
Step78_virtual_perturbation_response_landscape	main_or_extended_virtual_perturbation_response	/mnt/h/vir/ST/results/step8_strokeniche_perturbmap/virtual_perturbation_response_landscape_78d_fixed_freeze/Fig_Step78D_ResponseLandscape_Ferroptosis_down_final.svg	Fig_Step78D_ResponseLandscape_Ferroptosis_down_final.svg	.svg	4777792	72a429a4102970e3b3396f9401fca100c94f5b532b07bc5f2d07760fd479dc7f	zenodo_data_results_bundle/figures/Step78_virtual_perturbation_response_landscape/Fig_Step78D_ResponseLandscape_Ferroptosis_down_final.svg	/mnt/h/vir/ST/results/step8_strokeniche_perturbmap/virtual_perturbation_response_landscape_78d_fixed_freeze
Step78_virtual_perturbation_response_landscape	main_or_extended_virtual_perturbation_response	/mnt/h/vir/ST/results/step8_strokeniche_perturbmap/virtual_perturbation_response_landscape_78d_fixed_freeze/Fig_Step78D_ResponseLandscape_Repair-ECM_up_signed_audit.pdf	Fig_Step78D_ResponseLandscape_Repair-ECM_up_signed_audit.pdf	.pdf	847057	d5b7a5824bae9d7cb6d460e3327aaab6ad73cdd5b227b257bc938ac035efa614	zenodo_data_results_bundle/figures/Step78_virtual_perturbation_response_landscape/Fig_Step78D_ResponseLandscape_Repair-ECM_up_signed_audit.pdf	/mnt/h/vir/ST/results/step8_strokeniche_perturbmap/virtual_perturbation_response_landscape_78d_fixed_freeze
Step78_virtual_perturbation_response_landscape	main_or_extended_virtual_perturbation_response	/mnt/h/vir/ST/results/step8_strokeniche_perturbmap/virtual_perturbation_response_landscape_78d_fixed_freeze/Fig_Step78D_ResponseLandscape_Repair-ECM_up_signed_audit.png	Fig_Step78D_ResponseLandscape_Repair-ECM_up_signed_audit.png	.png	3601801	7ddd9608c7108bd4bf527e3b206f2d8b7df5a87b15ad4ea0bcaf31579d74f539	zenodo_data_results_bundle/figures/Step78_virtual_perturbation_response_landscape/Fig_Step78D_ResponseLandscape_Repair-ECM_up_signed_audit.png	/mnt/h/vir/ST/results/step8_strokeniche_perturbmap/virtual_perturbation_response_landscape_78d_fixed_freeze
Step78_virtual_perturbation_response_landscape	main_or_extended_virtual_perturbation_response	/mnt/h/vir/ST/results/step8_strokeniche_perturbmap/virtual_perturbation_response_landscape_78d_fixed_freeze/Fig_Step78D_ResponseLandscape_Repair-ECM_up_signed_audit.svg	Fig_Step78D_ResponseLandscape_Repair-ECM_up_signed_audit.svg	.svg	4132049	2945e0f6abfbec22b0586daecab133a987f0ad9deea630913e86e7a0a41fd43b	zenodo_data_results_bundle/figures/Step78_virtual_perturbation_response_landscape/Fig_Step78D_ResponseLandscape_Repair-ECM_up_signed_audit.svg	/mnt/h/vir/ST/results/step8_strokeniche_perturbmap/virtual_perturbation_response_landscape_78d_fixed_freeze
Step78_virtual_perturbation_response_landscape	main_or_extended_virtual_perturbation_response	/mnt/h/vir/ST/results/step8_strokeniche_perturbmap/virtual_perturbation_response_landscape_78d_fixed_freeze/Fig_Step78D_ResponseLandscape_Spp1-Cd44_final.pdf	Fig_Step78D_ResponseLandscape_Spp1-Cd44_final.pdf	.pdf	1113382	b8c838711046861fd75d92b7a8033c3371482c6b9311bcf9c35576fcbbd1b958	zenodo_data_results_bundle/figures/Step78_virtual_perturbation_response_landscape/Fig_Step78D_ResponseLandscape_Spp1-Cd44_final.pdf	/mnt/h/vir/ST/results/step8_strokeniche_perturbmap/virtual_perturbation_response_landscape_78d_fixed_freeze
Step78_virtual_perturbation_response_landscape	main_or_extended_virtual_perturbation_response	/mnt/h/vir/ST/results/step8_strokeniche_perturbmap/virtual_perturbation_response_landscape_78d_fixed_freeze/Fig_Step78D_ResponseLandscape_Spp1-Cd44_final.png	Fig_Step78D_ResponseLandscape_Spp1-Cd44_final.png	.png	5580721	42a2a996350f8c1747e1e747468287016b9504e07170a057089db4c67b0d9a29	zenodo_data_results_bundle/figures/Step78_virtual_perturbation_response_landscape/Fig_Step78D_ResponseLandscape_Spp1-Cd44_final.png	/mnt/h/vir/ST/results/step8_strokeniche_perturbmap/virtual_perturbation_response_landscape_78d_fixed_freeze
Step78_virtual_perturbation_response_landscape	main_or_extended_virtual_perturbation_response	/mnt/h/vir/ST/results/step8_strokeniche_perturbmap/virtual_perturbation_response_landscape_78d_fixed_freeze/Fig_Step78D_ResponseLandscape_Spp1-Cd44_final.svg	Fig_Step78D_ResponseLandscape_Spp1-Cd44_final.svg	.svg	4773465	cdd90dd1a36eb561e439285978bdddbd30a5aa8d43859398ff56879b799e01a5	zenodo_data_results_bundle/figures/Step78_virtual_perturbation_response_landscape/Fig_Step78D_ResponseLandscape_Spp1-Cd44_final.svg	/mnt/h/vir/ST/results/step8_strokeniche_perturbmap/virtual_perturbation_response_landscape_78d_fixed_freeze
Step78_virtual_perturbation_response_landscape	main_or_extended_virtual_perturbation_response	/mnt/h/vir/ST/results/step8_strokeniche_perturbmap/virtual_perturbation_response_landscape_78d_fixed_freeze/Fig_Step78D_ResponseLandscape_Vegfa-Flt1_Kdr_final.pdf	Fig_Step78D_ResponseLandscape_Vegfa-Flt1_Kdr_final.pdf	.pdf	1009480	550a633ca612f062c5d835eaebeef53824b18b2595d270eec1d9ce041a29af29	zenodo_data_results_bundle/figures/Step78_virtual_perturbation_response_landscape/Fig_Step78D_ResponseLandscape_Vegfa-Flt1_Kdr_final.pdf	/mnt/h/vir/ST/results/step8_strokeniche_perturbmap/virtual_perturbation_response_landscape_78d_fixed_freeze
Step78_virtual_perturbation_response_landscape	main_or_extended_virtual_perturbation_response	/mnt/h/vir/ST/results/step8_strokeniche_perturbmap/virtual_perturbation_response_landscape_78d_fixed_freeze/Fig_Step78D_ResponseLandscape_Vegfa-Flt1_Kdr_final.png	Fig_Step78D_ResponseLandscape_Vegfa-Flt1_Kdr_final.png	.png	4835925	6c80c34d2663d6316cdce2c94ccb0ba8cc1d5c70bf533a332ea25b265904f24c	zenodo_data_results_bundle/figures/Step78_virtual_perturbation_response_landscape/Fig_Step78D_ResponseLandscape_Vegfa-Flt1_Kdr_final.png	/mnt/h/vir/ST/results/step8_strokeniche_perturbmap/virtual_perturbation_response_landscape_78d_fixed_freeze
Step78_virtual_perturbation_response_landscape	main_or_extended_virtual_perturbation_response	/mnt/h/vir/ST/results/step8_strokeniche_perturbmap/virtual_perturbation_response_landscape_78d_fixed_freeze/Fig_Step78D_ResponseLandscape_Vegfa-Flt1_Kdr_final.svg	Fig_Step78D_ResponseLandscape_Vegfa-Flt1_Kdr_final.svg	.svg	4513392	0e95479865ce42a63485956162360d7448d4d333d6950761d8d3f616538843ba	zenodo_data_results_bundle/figures/Step78_virtual_perturbation_response_landscape/Fig_Step78D_ResponseLandscape_Vegfa-Flt1_Kdr_final.svg	/mnt/h/vir/ST/results/step8_strokeniche_perturbmap/virtual_perturbation_response_landscape_78d_fixed_freeze
Step78_virtual_perturbation_response_landscape	main_or_extended_virtual_perturbation_response	/mnt/h/vir/ST/results/step8_strokeniche_perturbmap/virtual_perturbation_response_landscape_78d_fixed_freeze/Fig_Step78D_VirtualPerturbationResponseLandscape_main_rescue_positive_atlas.pdf	Fig_Step78D_VirtualPerturbationResponseLandscape_main_rescue_positive_atlas.pdf	.pdf	3295808	574a9375ece84bc882a9de83b3e269da59dda9e82d29baa5aa2790a756af638a	zenodo_data_results_bundle/figures/Step78_virtual_perturbation_response_landscape/Fig_Step78D_VirtualPerturbationResponseLandscape_main_rescue_positive_atlas.pdf	/mnt/h/vir/ST/results/step8_strokeniche_perturbmap/virtual_perturbation_response_landscape_78d_fixed_freeze
Step78_virtual_perturbation_response_landscape	main_or_extended_virtual_perturbation_response	/mnt/h/vir/ST/results/step8_strokeniche_perturbmap/virtual_perturbation_response_landscape_78d_fixed_freeze/Fig_Step78D_VirtualPerturbationResponseLandscape_main_rescue_positive_atlas.png	Fig_Step78D_VirtualPerturbationResponseLandscape_main_rescue_positive_atlas.png	.png	10136442	b6ef99d8ce73f33aa56028518fc4d3c2dbbe5dfefcd74c312b0b8e4bd5a2f338	zenodo_data_results_bundle/figures/Step78_virtual_perturbation_response_landscape/Fig_Step78D_VirtualPerturbationResponseLandscape_main_rescue_positive_atlas.png	/mnt/h/vir/ST/results/step8_strokeniche_perturbmap/virtual_perturbation_response_landscape_78d_fixed_freeze
Step78_virtual_perturbation_response_landscape	main_or_extended_virtual_perturbation_response	/mnt/h/vir/ST/results/step8_strokeniche_perturbmap/virtual_perturbation_response_landscape_78d_fixed_freeze/Fig_Step78D_VirtualPerturbationResponseLandscape_main_rescue_positive_atlas.svg	Fig_Step78D_VirtualPerturbationResponseLandscape_main_rescue_positive_atlas.svg	.svg	17120989	1e26effc1e3828d712e7cd4fbd260753e4b0573f4a2db42964455a53d68b640e	zenodo_data_results_bundle/figures/Step78_virtual_perturbation_response_landscape/Fig_Step78D_VirtualPerturbationResponseLandscape_main_rescue_positive_atlas.svg	/mnt/h/vir/ST/results/step8_strokeniche_perturbmap/virtual_perturbation_response_landscape_78d_fixed_freeze
Step78_virtual_perturbation_response_landscape	main_or_extended_virtual_perturbation_response	/mnt/h/vir/ST/results/step8_strokeniche_perturbmap/virtual_perturbation_response_landscape_78d_fixed_freeze/Fig_Step78D_VirtualPerturbationResponseLandscape_signed_audit_atlas.pdf	Fig_Step78D_VirtualPerturbationResponseLandscape_signed_audit_atlas.pdf	.pdf	3927126	0b37ea3dc66175b1ee2e636bbb47a5a1a431e8806dc7662bf6d20bb4dfee4ec0	zenodo_data_results_bundle/figures/Step78_virtual_perturbation_response_landscape/Fig_Step78D_VirtualPerturbationResponseLandscape_signed_audit_atlas.pdf	/mnt/h/vir/ST/results/step8_strokeniche_perturbmap/virtual_perturbation_response_landscape_78d_fixed_freeze
Step78_virtual_perturbation_response_landscape	main_or_extended_virtual_perturbation_response	/mnt/h/vir/ST/results/step8_strokeniche_perturbmap/virtual_perturbation_response_landscape_78d_fixed_freeze/Fig_Step78D_VirtualPerturbationResponseLandscape_signed_audit_atlas.png	Fig_Step78D_VirtualPerturbationResponseLandscape_signed_audit_atlas.png	.png	11967148	694adb8ab2dd31375e9ab0f353172449f95221808eb623e3ab85efbe91ecc162	zenodo_data_results_bundle/figures/Step78_virtual_perturbation_response_landscape/Fig_Step78D_VirtualPerturbationResponseLandscape_signed_audit_atlas.png	/mnt/h/vir/ST/results/step8_strokeniche_perturbmap/virtual_perturbation_response_landscape_78d_fixed_freeze
Step78_virtual_perturbation_response_landscape	main_or_extended_virtual_perturbation_response	/mnt/h/vir/ST/results/step8_strokeniche_perturbmap/virtual_perturbation_response_landscape_78d_fixed_freeze/Fig_Step78D_VirtualPerturbationResponseLandscape_signed_audit_atlas.svg	Fig_Step78D_VirtualPerturbationResponseLandscape_signed_audit_atlas.svg	.svg	20791075	f7d6361b99c260e6b2ce9568c7ab13e6e0cf139785a0a8e95d24c33af1278482	zenodo_data_results_bundle/figures/Step78_virtual_perturbation_response_landscape/Fig_Step78D_VirtualPerturbationResponseLandscape_signed_audit_atlas.svg	/mnt/h/vir/ST/results/step8_strokeniche_perturbmap/virtual_perturbation_response_landscape_78d_fixed_freeze
Step79_state_timepoint_spatial_progression	extended_state_timepoint_progression	/mnt/h/vir/ST/results/step8_strokeniche_perturbmap/state_timepoint_spatial_progression_atlas_79/Fig_Step79A_StateModule_TimepointProgressionAtlas.pdf	Fig_Step79A_StateModule_TimepointProgressionAtlas.pdf	.pdf	13952738	5a2e57bf91bf95c47766dc687d91148c0fd6470eae059a49dd65bc14cedbaeb8	zenodo_data_results_bundle/figures/Step79_state_timepoint_spatial_progression/Fig_Step79A_StateModule_TimepointProgressionAtlas.pdf	/mnt/h/vir/ST/results/step8_strokeniche_perturbmap/state_timepoint_spatial_progression_atlas_79
Step79_state_timepoint_spatial_progression	extended_state_timepoint_progression	/mnt/h/vir/ST/results/step8_strokeniche_perturbmap/state_timepoint_spatial_progression_atlas_79/Fig_Step79A_StateModule_TimepointProgressionAtlas.png	Fig_Step79A_StateModule_TimepointProgressionAtlas.png	.png	11900727	d3a69d55cd7bc2a3452d4de01bf8db804fcfeef1b1e37833e8e1e6e2f58fa3ab	zenodo_data_results_bundle/figures/Step79_state_timepoint_spatial_progression/Fig_Step79A_StateModule_TimepointProgressionAtlas.png	/mnt/h/vir/ST/results/step8_strokeniche_perturbmap/state_timepoint_spatial_progression_atlas_79
Step79_state_timepoint_spatial_progression	extended_state_timepoint_progression	/mnt/h/vir/ST/results/step8_strokeniche_perturbmap/state_timepoint_spatial_progression_atlas_79/Fig_Step79A_StateModule_TimepointProgressionAtlas.svg	Fig_Step79A_StateModule_TimepointProgressionAtlas.svg	.svg	29767911	37ec581859fde64d872844a998fe58e61cec596f605a35a0de9cc32f9c692425	zenodo_data_results_bundle/figures/Step79_state_timepoint_spatial_progression/Fig_Step79A_StateModule_TimepointProgressionAtlas.svg	/mnt/h/vir/ST/results/step8_strokeniche_perturbmap/state_timepoint_spatial_progression_atlas_79
Step79_state_timepoint_spatial_progression	extended_state_timepoint_progression	/mnt/h/vir/ST/results/step8_strokeniche_perturbmap/state_timepoint_spatial_progression_atlas_79/Fig_Step79B_Marker_TimepointProgressionAtlas.pdf	Fig_Step79B_Marker_TimepointProgressionAtlas.pdf	.pdf	18513781	621c363401055d56aef547f7ba4c9e980b265405aa6ef6f50603836feeeb8a3d	zenodo_data_results_bundle/figures/Step79_state_timepoint_spatial_progression/Fig_Step79B_Marker_TimepointProgressionAtlas.pdf	/mnt/h/vir/ST/results/step8_strokeniche_perturbmap/state_timepoint_spatial_progression_atlas_79
Step79_state_timepoint_spatial_progression	extended_state_timepoint_progression	/mnt/h/vir/ST/results/step8_strokeniche_perturbmap/state_timepoint_spatial_progression_atlas_79/Fig_Step79B_Marker_TimepointProgressionAtlas.png	Fig_Step79B_Marker_TimepointProgressionAtlas.png	.png	14154651	ff6558a554a7956b82f08b26f4e2d61110ed486783b44e9b841c86a36bcd9775	zenodo_data_results_bundle/figures/Step79_state_timepoint_spatial_progression/Fig_Step79B_Marker_TimepointProgressionAtlas.png	/mnt/h/vir/ST/results/step8_strokeniche_perturbmap/state_timepoint_spatial_progression_atlas_79
Step79_state_timepoint_spatial_progression	extended_state_timepoint_progression	/mnt/h/vir/ST/results/step8_strokeniche_perturbmap/state_timepoint_spatial_progression_atlas_79/Fig_Step79B_Marker_TimepointProgressionAtlas.svg	Fig_Step79B_Marker_TimepointProgressionAtlas.svg	.svg	41190584	6e1d8ce39e4623a853547ce2a30aacdc9a07a1d03aec270131e4d8e921a4909a	zenodo_data_results_bundle/figures/Step79_state_timepoint_spatial_progression/Fig_Step79B_Marker_TimepointProgressionAtlas.svg	/mnt/h/vir/ST/results/step8_strokeniche_perturbmap/state_timepoint_spatial_progression_atlas_79
Step79_state_timepoint_spatial_progression	extended_state_timepoint_progression	/mnt/h/vir/ST/results/step8_strokeniche_perturbmap/state_timepoint_spatial_progression_atlas_79_final_v2/Fig_Step79A_StateModule_TimepointProgressionAtlas_FINAL_v2.pdf	Fig_Step79A_StateModule_TimepointProgressionAtlas_FINAL_v2.pdf	.pdf	3813745	5a64b2ff327a49311e576671390649fc9c231aa2706c624fe05fed200720cef3	zenodo_data_results_bundle/figures/Step79_state_timepoint_spatial_progression/Fig_Step79A_StateModule_TimepointProgressionAtlas_FINAL_v2.pdf	/mnt/h/vir/ST/results/step8_strokeniche_perturbmap/state_timepoint_spatial_progression_atlas_79_final_v2
Step79_state_timepoint_spatial_progression	extended_state_timepoint_progression	/mnt/h/vir/ST/results/step8_strokeniche_perturbmap/state_timepoint_spatial_progression_atlas_79_final_v2/Fig_Step79A_StateModule_TimepointProgressionAtlas_FINAL_v2.png	Fig_Step79A_StateModule_TimepointProgressionAtlas_FINAL_v2.png	.png	10738389	2d568cb0b81b9dc87ddf0b433ff1023f2ed0ae4401322a28bc515c27f4bab0f2	zenodo_data_results_bundle/figures/Step79_state_timepoint_spatial_progression/Fig_Step79A_StateModule_TimepointProgressionAtlas_FINAL_v2.png	/mnt/h/vir/ST/results/step8_strokeniche_perturbmap/state_timepoint_spatial_progression_atlas_79_final_v2
Step79_state_timepoint_spatial_progression	extended_state_timepoint_progression	/mnt/h/vir/ST/results/step8_strokeniche_perturbmap/state_timepoint_spatial_progression_atlas_79_final_v2/Fig_Step79A_StateModule_TimepointProgressionAtlas_FINAL_v2.svg	Fig_Step79A_StateModule_TimepointProgressionAtlas_FINAL_v2.svg	.svg	18484914	94de6de8c006b67027f6b9e0a7672f51319dcf24c498912ccb9a795168196a40	zenodo_data_results_bundle/figures/Step79_state_timepoint_spatial_progression/Fig_Step79A_StateModule_TimepointProgressionAtlas_FINAL_v2.svg	/mnt/h/vir/ST/results/step8_strokeniche_perturbmap/state_timepoint_spatial_progression_atlas_79_final_v2
Step79_state_timepoint_spatial_progression	extended_state_timepoint_progression	/mnt/h/vir/ST/results/step8_strokeniche_perturbmap/state_timepoint_spatial_progression_atlas_79_final_v2/Fig_Step79B_Marker_TimepointProgressionAtlas_FINAL_v2.pdf	Fig_Step79B_Marker_TimepointProgressionAtlas_FINAL_v2.pdf	.pdf	5357603	90f428ec8ac689106778c4f6263ed94470c0a740ed1a72cc9a89c5ec3e7762f2	zenodo_data_results_bundle/figures/Step79_state_timepoint_spatial_progression/Fig_Step79B_Marker_TimepointProgressionAtlas_FINAL_v2.pdf	/mnt/h/vir/ST/results/step8_strokeniche_perturbmap/state_timepoint_spatial_progression_atlas_79_final_v2
Step79_state_timepoint_spatial_progression	extended_state_timepoint_progression	/mnt/h/vir/ST/results/step8_strokeniche_perturbmap/state_timepoint_spatial_progression_atlas_79_final_v2/Fig_Step79B_Marker_TimepointProgressionAtlas_FINAL_v2.png	Fig_Step79B_Marker_TimepointProgressionAtlas_FINAL_v2.png	.png	10867565	65958628bf81512c932009cb586d441576c36a1a0fccefe4c05be6c3c6593a4f	zenodo_data_results_bundle/figures/Step79_state_timepoint_spatial_progression/Fig_Step79B_Marker_TimepointProgressionAtlas_FINAL_v2.png	/mnt/h/vir/ST/results/step8_strokeniche_perturbmap/state_timepoint_spatial_progression_atlas_79_final_v2
Step79_state_timepoint_spatial_progression	extended_state_timepoint_progression	/mnt/h/vir/ST/results/step8_strokeniche_perturbmap/state_timepoint_spatial_progression_atlas_79_final_v2/Fig_Step79B_Marker_TimepointProgressionAtlas_FINAL_v2.svg	Fig_Step79B_Marker_TimepointProgressionAtlas_FINAL_v2.svg	.svg	28929909	200964e8ccfbb1f8da865e1cb90ef64035e205b2582b85c639d5754d07ececbd	zenodo_data_results_bundle/figures/Step79_state_timepoint_spatial_progression/Fig_Step79B_Marker_TimepointProgressionAtlas_FINAL_v2.svg	/mnt/h/vir/ST/results/step8_strokeniche_perturbmap/state_timepoint_spatial_progression_atlas_79_final_v2
Step79_state_timepoint_spatial_progression	extended_state_timepoint_progression	/mnt/h/vir/ST/results/step8_strokeniche_perturbmap/state_timepoint_spatial_progression_atlas_79_final_v2/Fig_Step79C_ProbabilityColumnAudit_FINAL_v2.pdf	Fig_Step79C_ProbabilityColumnAudit_FINAL_v2.pdf	.pdf	19606	75a49fb53884d40cab2adb574f12d53015d9a607802563a292d0cab2342724e3	zenodo_data_results_bundle/figures/Step79_state_timepoint_spatial_progression/Fig_Step79C_ProbabilityColumnAudit_FINAL_v2.pdf	/mnt/h/vir/ST/results/step8_strokeniche_perturbmap/state_timepoint_spatial_progression_atlas_79_final_v2
Step79_state_timepoint_spatial_progression	extended_state_timepoint_progression	/mnt/h/vir/ST/results/step8_strokeniche_perturbmap/state_timepoint_spatial_progression_atlas_79_final_v2/Fig_Step79C_ProbabilityColumnAudit_FINAL_v2.png	Fig_Step79C_ProbabilityColumnAudit_FINAL_v2.png	.png	164859	ca5e651b760c050894fc9104f48eb156499db894014a0f21817f8ecef72e6e2a	zenodo_data_results_bundle/figures/Step79_state_timepoint_spatial_progression/Fig_Step79C_ProbabilityColumnAudit_FINAL_v2.png	/mnt/h/vir/ST/results/step8_strokeniche_perturbmap/state_timepoint_spatial_progression_atlas_79_final_v2
Step79_state_timepoint_spatial_progression	extended_state_timepoint_progression	/mnt/h/vir/ST/results/step8_strokeniche_perturbmap/state_timepoint_spatial_progression_atlas_79_final_v2/Fig_Step79C_ProbabilityColumnAudit_FINAL_v2.svg	Fig_Step79C_ProbabilityColumnAudit_FINAL_v2.svg	.svg	47790	1ac933dee319b5373d4dccf88a7f1b03aa9b3662bcaffa1f00df98b155b703f5	zenodo_data_results_bundle/figures/Step79_state_timepoint_spatial_progression/Fig_Step79C_ProbabilityColumnAudit_FINAL_v2.svg	/mnt/h/vir/ST/results/step8_strokeniche_perturbmap/state_timepoint_spatial_progression_atlas_79_final_v2
Step80_candidate_perturbation_dotplot	extended_candidate_expression_dotplot	/mnt/h/vir/ST/results/step8_strokeniche_perturbmap/candidate_perturbation_axis_dotplot_80/Fig_Step80_CandidatePerturbationAxisExpressionDotplot.pdf	Fig_Step80_CandidatePerturbationAxisExpressionDotplot.pdf	.pdf	58125	059b9441a0c0e6092f5ac5e23542d5dd50cc1103753515b944b1eae3cc5a8aa6	zenodo_data_results_bundle/figures/Step80_candidate_perturbation_dotplot/Fig_Step80_CandidatePerturbationAxisExpressionDotplot.pdf	/mnt/h/vir/ST/results/step8_strokeniche_perturbmap/candidate_perturbation_axis_dotplot_80
Step80_candidate_perturbation_dotplot	extended_candidate_expression_dotplot	/mnt/h/vir/ST/results/step8_strokeniche_perturbmap/candidate_perturbation_axis_dotplot_80/Fig_Step80_CandidatePerturbationAxisExpressionDotplot.png	Fig_Step80_CandidatePerturbationAxisExpressionDotplot.png	.png	610771	5170f8005de60baf2f32c326fd4a12abbb3d70a98a4b2dde621b4935540f2bd2	zenodo_data_results_bundle/figures/Step80_candidate_perturbation_dotplot/Fig_Step80_CandidatePerturbationAxisExpressionDotplot.png	/mnt/h/vir/ST/results/step8_strokeniche_perturbmap/candidate_perturbation_axis_dotplot_80
Step80_candidate_perturbation_dotplot	extended_candidate_expression_dotplot	/mnt/h/vir/ST/results/step8_strokeniche_perturbmap/candidate_perturbation_axis_dotplot_80/Fig_Step80_CandidatePerturbationAxisExpressionDotplot.svg	Fig_Step80_CandidatePerturbationAxisExpressionDotplot.svg	.svg	184637	4bc7380c0ba59c39e8cb9aab407272ceeb08469af8e2fc05dc8457fa5ff956d9	zenodo_data_results_bundle/figures/Step80_candidate_perturbation_dotplot/Fig_Step80_CandidatePerturbationAxisExpressionDotplot.svg	/mnt/h/vir/ST/results/step8_strokeniche_perturbmap/candidate_perturbation_axis_dotplot_80
Step81_surrogate_feature_response_audit	extended_surrogate_response_qc	/mnt/h/vir/ST/results/step8_strokeniche_perturbmap/surrogate_feature_response_audit_81b_fixed/Fig_Step81B_FeatureResponseCorrelationHeatmap.pdf	Fig_Step81B_FeatureResponseCorrelationHeatmap.pdf	.pdf	35817	0e3b6c5c453188c65613bbb8b83bc2ebb0dbf694cd06cbab38890931927ceed2	zenodo_data_results_bundle/figures/Step81_surrogate_feature_response_audit/Fig_Step81B_FeatureResponseCorrelationHeatmap.pdf	/mnt/h/vir/ST/results/step8_strokeniche_perturbmap/surrogate_feature_response_audit_81b_fixed
Step81_surrogate_feature_response_audit	extended_surrogate_response_qc	/mnt/h/vir/ST/results/step8_strokeniche_perturbmap/surrogate_feature_response_audit_81b_fixed/Fig_Step81B_FeatureResponseCorrelationHeatmap.png	Fig_Step81B_FeatureResponseCorrelationHeatmap.png	.png	180996	1faf4ae3eb9975d6eeaf421b3f73e981c963a6c238308116134e74bc404695fd	zenodo_data_results_bundle/figures/Step81_surrogate_feature_response_audit/Fig_Step81B_FeatureResponseCorrelationHeatmap.png	/mnt/h/vir/ST/results/step8_strokeniche_perturbmap/surrogate_feature_response_audit_81b_fixed
Step81_surrogate_feature_response_audit	extended_surrogate_response_qc	/mnt/h/vir/ST/results/step8_strokeniche_perturbmap/surrogate_feature_response_audit_81b_fixed/Fig_Step81B_FeatureResponseCorrelationHeatmap.svg	Fig_Step81B_FeatureResponseCorrelationHeatmap.svg	.svg	71039	1801f4b184c053319e325ac4e47b8a35f3880171efad5ca0a4ae6953ffbeae6b	zenodo_data_results_bundle/figures/Step81_surrogate_feature_response_audit/Fig_Step81B_FeatureResponseCorrelationHeatmap.svg	/mnt/h/vir/ST/results/step8_strokeniche_perturbmap/surrogate_feature_response_audit_81b_fixed
Step81_surrogate_feature_response_audit	extended_surrogate_response_qc	/mnt/h/vir/ST/results/step8_strokeniche_perturbmap/surrogate_feature_response_audit_81b_fixed/Fig_Step81B_SurrogateFeatureResponseAudit.pdf	Fig_Step81B_SurrogateFeatureResponseAudit.pdf	.pdf	1657440	c5cfdde377c9c886bb03a7b376695d68cd66d654b598b9c5fead4c14c4448195	zenodo_data_results_bundle/figures/Step81_surrogate_feature_response_audit/Fig_Step81B_SurrogateFeatureResponseAudit.pdf	/mnt/h/vir/ST/results/step8_strokeniche_perturbmap/surrogate_feature_response_audit_81b_fixed
Step81_surrogate_feature_response_audit	extended_surrogate_response_qc	/mnt/h/vir/ST/results/step8_strokeniche_perturbmap/surrogate_feature_response_audit_81b_fixed/Fig_Step81B_SurrogateFeatureResponseAudit.png	Fig_Step81B_SurrogateFeatureResponseAudit.png	.png	2525059	04fc26eb67457a49edba832e8a4f3b0958235dae3764978a2929bdf45920f376	zenodo_data_results_bundle/figures/Step81_surrogate_feature_response_audit/Fig_Step81B_SurrogateFeatureResponseAudit.png	/mnt/h/vir/ST/results/step8_strokeniche_perturbmap/surrogate_feature_response_audit_81b_fixed
Step81_surrogate_feature_response_audit	extended_surrogate_response_qc	/mnt/h/vir/ST/results/step8_strokeniche_perturbmap/surrogate_feature_response_audit_81b_fixed/Fig_Step81B_SurrogateFeatureResponseAudit.svg	Fig_Step81B_SurrogateFeatureResponseAudit.svg	.svg	2627888	77c93b3a82bcf1057562d9a6fb1496315f41db4753f6a7868f025c191b621eae	zenodo_data_results_bundle/figures/Step81_surrogate_feature_response_audit/Fig_Step81B_SurrogateFeatureResponseAudit.svg	/mnt/h/vir/ST/results/step8_strokeniche_perturbmap/surrogate_feature_response_audit_81b_fixed
