step	role	source_path	file_name	file_ext	size_bytes	sha256	release_path	source_dir
Step64_dynamics_graph_state_modeling	source_table_or_audit	/mnt/h/vir/ST/results/step8_strokeniche_perturbmap/codex_handoff_strokeniche_UNAGI_like_63_68_20260602_011244/reports/dynamics_graph_64b_fixed_region_probs_state_celltype/step64b_report.json	step64b_report.json	.json	5962	d029a47b058891691d75a7d3e4413bab77da5ab27152e09867874c440344b0b7	zenodo_data_results_bundle/tables/Step64_dynamics_graph_state_modeling/step64b_report.json	/mnt/h/vir/ST/results/step8_strokeniche_perturbmap/codex_handoff_strokeniche_UNAGI_like_63_68_20260602_011244/reports/dynamics_graph_64b_fixed_region_probs_state_celltype
Step64_dynamics_graph_state_modeling	source_table_or_audit	/mnt/h/vir/ST/results/step8_strokeniche_perturbmap/codex_handoff_strokeniche_UNAGI_like_63_68_20260602_011244/reports/dynamics_graph_64b_fixed_region_probs_state_celltype/step64b_report.txt	step64b_report.txt	.txt	26841	7378bf452dde14d583ff07af38c7d9e5379b155d5decfa2674c0087c1487048a	zenodo_data_results_bundle/tables/Step64_dynamics_graph_state_modeling/step64b_report.txt	/mnt/h/vir/ST/results/step8_strokeniche_perturbmap/codex_handoff_strokeniche_UNAGI_like_63_68_20260602_011244/reports/dynamics_graph_64b_fixed_region_probs_state_celltype
Step64_dynamics_graph_state_modeling	source_table_or_audit	/mnt/h/vir/ST/results/step8_strokeniche_perturbmap/codex_handoff_strokeniche_UNAGI_like_63_68_20260602_011244/reports/dynamics_graph_64c_refined_labels_state_celltype/step64c_report.json	step64c_report.json	.json	4260	230b843295257710d98c38eafb8a14aea2496109dda23e60207e64cfb75b516a	zenodo_data_results_bundle/tables/Step64_dynamics_graph_state_modeling/step64c_report.json	/mnt/h/vir/ST/results/step8_strokeniche_perturbmap/codex_handoff_strokeniche_UNAGI_like_63_68_20260602_011244/reports/dynamics_graph_64c_refined_labels_state_celltype
Step64_dynamics_graph_state_modeling	source_table_or_audit	/mnt/h/vir/ST/results/step8_strokeniche_perturbmap/codex_handoff_strokeniche_UNAGI_like_63_68_20260602_011244/reports/dynamics_graph_64c_refined_labels_state_celltype/step64c_report.txt	step64c_report.txt	.txt	39157	5f8cc71ef387f094e61e2681af31d3978c8885221061e339efbf469b8a92bf57	zenodo_data_results_bundle/tables/Step64_dynamics_graph_state_modeling/step64c_report.txt	/mnt/h/vir/ST/results/step8_strokeniche_perturbmap/codex_handoff_strokeniche_UNAGI_like_63_68_20260602_011244/reports/dynamics_graph_64c_refined_labels_state_celltype
Step64_dynamics_graph_state_modeling	source_table_or_audit	/mnt/h/vir/ST/results/step8_strokeniche_perturbmap/codex_handoff_strokeniche_UNAGI_like_63_68_20260602_011244/tables/dynamics_graph_64b_fixed_region_probs_state_celltype/step64b_cluster_metadata.csv	step64b_cluster_metadata.csv	.csv	1219	b79355ca525a8b34cbe9f596cb66800b7d3dd8505e240fff78bee1c2bdb5274e	zenodo_data_results_bundle/tables/Step64_dynamics_graph_state_modeling/step64b_cluster_metadata.csv	/mnt/h/vir/ST/results/step8_strokeniche_perturbmap/codex_handoff_strokeniche_UNAGI_like_63_68_20260602_011244/tables/dynamics_graph_64b_fixed_region_probs_state_celltype
Step64_dynamics_graph_state_modeling	source_table_or_audit	/mnt/h/vir/ST/results/step8_strokeniche_perturbmap/codex_handoff_strokeniche_UNAGI_like_63_68_20260602_011244/tables/dynamics_graph_64b_fixed_region_probs_state_celltype/step64b_clustered_cells.csv	step64b_clustered_cells.csv	.csv	32149439	7a841c68f2ccf8b9e80badb67127571a4ffa29edc351d1bd8575c09322ecd0e2	zenodo_data_results_bundle/tables/Step64_dynamics_graph_state_modeling/step64b_clustered_cells.csv	/mnt/h/vir/ST/results/step8_strokeniche_perturbmap/codex_handoff_strokeniche_UNAGI_like_63_68_20260602_011244/tables/dynamics_graph_64b_fixed_region_probs_state_celltype
Step64_dynamics_graph_state_modeling	source_table_or_audit	/mnt/h/vir/ST/results/step8_strokeniche_perturbmap/codex_handoff_strokeniche_UNAGI_like_63_68_20260602_011244/tables/dynamics_graph_64b_fixed_region_probs_state_celltype/step64b_dynamics_graph_edges.csv	step64b_dynamics_graph_edges.csv	.csv	46405	67147e854ffc264b3abfc2dd022535200733f00eb75547f823bf0550d69ebfc0	zenodo_data_results_bundle/tables/Step64_dynamics_graph_state_modeling/step64b_dynamics_graph_edges.csv	/mnt/h/vir/ST/results/step8_strokeniche_perturbmap/codex_handoff_strokeniche_UNAGI_like_63_68_20260602_011244/tables/dynamics_graph_64b_fixed_region_probs_state_celltype
Step64_dynamics_graph_state_modeling	source_table_or_audit	/mnt/h/vir/ST/results/step8_strokeniche_perturbmap/codex_handoff_strokeniche_UNAGI_like_63_68_20260602_011244/tables/dynamics_graph_64b_fixed_region_probs_state_celltype/step64b_dynamics_graph_edges_all.csv	step64b_dynamics_graph_edges_all.csv	.csv	187775	e08b62a4802735b3305b69027dd07c24cc031e9923f4a6c3498cacabe9c13642	zenodo_data_results_bundle/tables/Step64_dynamics_graph_state_modeling/step64b_dynamics_graph_edges_all.csv	/mnt/h/vir/ST/results/step8_strokeniche_perturbmap/codex_handoff_strokeniche_UNAGI_like_63_68_20260602_011244/tables/dynamics_graph_64b_fixed_region_probs_state_celltype
Step64_dynamics_graph_state_modeling	source_table_or_audit	/mnt/h/vir/ST/results/step8_strokeniche_perturbmap/codex_handoff_strokeniche_UNAGI_like_63_68_20260602_011244/tables/dynamics_graph_64b_fixed_region_probs_state_celltype/step64b_dynamics_graph_nodes.csv	step64b_dynamics_graph_nodes.csv	.csv	55668	d9288e305c2e0c91e6e23a55e862409d20c57c6270a711010034813fdde42867	zenodo_data_results_bundle/tables/Step64_dynamics_graph_state_modeling/step64b_dynamics_graph_nodes.csv	/mnt/h/vir/ST/results/step8_strokeniche_perturbmap/codex_handoff_strokeniche_UNAGI_like_63_68_20260602_011244/tables/dynamics_graph_64b_fixed_region_probs_state_celltype
Step64_dynamics_graph_state_modeling	source_table_or_audit	/mnt/h/vir/ST/results/step8_strokeniche_perturbmap/codex_handoff_strokeniche_UNAGI_like_63_68_20260602_011244/tables/dynamics_graph_64b_fixed_region_probs_state_celltype/step64b_modeling_input_used.fixed_region_probs.csv	step64b_modeling_input_used.fixed_region_probs.csv	.csv	31766935	125873953a6b96a4b68fd466ce843fb1188f04a4f0be5315f33977d31773f465	zenodo_data_results_bundle/tables/Step64_dynamics_graph_state_modeling/step64b_modeling_input_used.fixed_region_probs.csv	/mnt/h/vir/ST/results/step8_strokeniche_perturbmap/codex_handoff_strokeniche_UNAGI_like_63_68_20260602_011244/tables/dynamics_graph_64b_fixed_region_probs_state_celltype
Step64_dynamics_graph_state_modeling	source_table_or_audit	/mnt/h/vir/ST/results/step8_strokeniche_perturbmap/codex_handoff_strokeniche_UNAGI_like_63_68_20260602_011244/tables/dynamics_graph_64b_fixed_region_probs_state_celltype/step64b_original_probability_audit.csv	step64b_original_probability_audit.csv	.csv	612	a288f76993e08df8b9abb40f4f15c96355bb0a044a715d7ad85c359a3b1d898a	zenodo_data_results_bundle/tables/Step64_dynamics_graph_state_modeling/step64b_original_probability_audit.csv	/mnt/h/vir/ST/results/step8_strokeniche_perturbmap/codex_handoff_strokeniche_UNAGI_like_63_68_20260602_011244/tables/dynamics_graph_64b_fixed_region_probs_state_celltype
Step64_dynamics_graph_state_modeling	source_table_or_audit	/mnt/h/vir/ST/results/step8_strokeniche_perturbmap/codex_handoff_strokeniche_UNAGI_like_63_68_20260602_011244/tables/dynamics_graph_64b_fixed_region_probs_state_celltype/step64b_postfix_probability_audit.csv	step64b_postfix_probability_audit.csv	.csv	118	fe90e2a29b54bd99e59436f8fe65fd07781359bbafe7230092909a55809d6bb0	zenodo_data_results_bundle/tables/Step64_dynamics_graph_state_modeling/step64b_postfix_probability_audit.csv	/mnt/h/vir/ST/results/step8_strokeniche_perturbmap/codex_handoff_strokeniche_UNAGI_like_63_68_20260602_011244/tables/dynamics_graph_64b_fixed_region_probs_state_celltype
Step64_dynamics_graph_state_modeling	source_table_or_audit	/mnt/h/vir/ST/results/step8_strokeniche_perturbmap/codex_handoff_strokeniche_UNAGI_like_63_68_20260602_011244/tables/dynamics_graph_64b_fixed_region_probs_state_celltype/step64b_probability_source_audit.csv	step64b_probability_source_audit.csv	.csv	1556	257bea1d2726b3b75d6bedbcf2aea26fb7b127f3a25f1158f2035919778ac816	zenodo_data_results_bundle/tables/Step64_dynamics_graph_state_modeling/step64b_probability_source_audit.csv	/mnt/h/vir/ST/results/step8_strokeniche_perturbmap/codex_handoff_strokeniche_UNAGI_like_63_68_20260602_011244/tables/dynamics_graph_64b_fixed_region_probs_state_celltype
Step64_dynamics_graph_state_modeling	source_table_or_audit	/mnt/h/vir/ST/results/step8_strokeniche_perturbmap/codex_handoff_strokeniche_UNAGI_like_63_68_20260602_011244/tables/dynamics_graph_64b_fixed_region_probs_state_celltype/step64b_track_assignment_by_cell.csv	step64b_track_assignment_by_cell.csv	.csv	5734868	5eed64ccfb54b150a9792870d9838eed3ad3afaab00fba7a368d213a40a0e481	zenodo_data_results_bundle/tables/Step64_dynamics_graph_state_modeling/step64b_track_assignment_by_cell.csv	/mnt/h/vir/ST/results/step8_strokeniche_perturbmap/codex_handoff_strokeniche_UNAGI_like_63_68_20260602_011244/tables/dynamics_graph_64b_fixed_region_probs_state_celltype
Step64_dynamics_graph_state_modeling	source_table_or_audit	/mnt/h/vir/ST/results/step8_strokeniche_perturbmap/codex_handoff_strokeniche_UNAGI_like_63_68_20260602_011244/tables/dynamics_graph_64b_fixed_region_probs_state_celltype/step64b_track_summary.csv	step64b_track_summary.csv	.csv	13763	c2d9c46c0bd69f50c073623b258817278936938ec60a73cbea2bf426cfecd4f3	zenodo_data_results_bundle/tables/Step64_dynamics_graph_state_modeling/step64b_track_summary.csv	/mnt/h/vir/ST/results/step8_strokeniche_perturbmap/codex_handoff_strokeniche_UNAGI_like_63_68_20260602_011244/tables/dynamics_graph_64b_fixed_region_probs_state_celltype
Step64_dynamics_graph_state_modeling	source_table_or_audit	/mnt/h/vir/ST/results/step8_strokeniche_perturbmap/codex_handoff_strokeniche_UNAGI_like_63_68_20260602_011244/tables/dynamics_graph_64c_refined_labels_state_celltype/step64c_dynamics_graph_nodes.refined_labels.csv	step64c_dynamics_graph_nodes.refined_labels.csv	.csv	57634	f7e5b096eabe17769fa6e2b99cacb2d3b9e6f301d14f248a16de7ce21fab5751	zenodo_data_results_bundle/tables/Step64_dynamics_graph_state_modeling/step64c_dynamics_graph_nodes.refined_labels.csv	/mnt/h/vir/ST/results/step8_strokeniche_perturbmap/codex_handoff_strokeniche_UNAGI_like_63_68_20260602_011244/tables/dynamics_graph_64c_refined_labels_state_celltype
Step64_dynamics_graph_state_modeling	source_table_or_audit	/mnt/h/vir/ST/results/step8_strokeniche_perturbmap/codex_handoff_strokeniche_UNAGI_like_63_68_20260602_011244/tables/dynamics_graph_64c_refined_labels_state_celltype/step64c_track_assignment_by_cell.refined_labels.csv	step64c_track_assignment_by_cell.refined_labels.csv	.csv	9467907	80ffbe231d5a09b4a40d2d276d2f428521a46164733ca166af1a30cf5f83ad78	zenodo_data_results_bundle/tables/Step64_dynamics_graph_state_modeling/step64c_track_assignment_by_cell.refined_labels.csv	/mnt/h/vir/ST/results/step8_strokeniche_perturbmap/codex_handoff_strokeniche_UNAGI_like_63_68_20260602_011244/tables/dynamics_graph_64c_refined_labels_state_celltype
Step64_dynamics_graph_state_modeling	source_table_or_audit	/mnt/h/vir/ST/results/step8_strokeniche_perturbmap/codex_handoff_strokeniche_UNAGI_like_63_68_20260602_011244/tables/dynamics_graph_64c_refined_labels_state_celltype/step64c_track_label_evidence_long.csv	step64c_track_label_evidence_long.csv	.csv	66607	a4eba078d36c623bc0a77ba1c5e8126feb7e75b36bb30a29b795512d089bafec	zenodo_data_results_bundle/tables/Step64_dynamics_graph_state_modeling/step64c_track_label_evidence_long.csv	/mnt/h/vir/ST/results/step8_strokeniche_perturbmap/codex_handoff_strokeniche_UNAGI_like_63_68_20260602_011244/tables/dynamics_graph_64c_refined_labels_state_celltype
Step64_dynamics_graph_state_modeling	source_table_or_audit	/mnt/h/vir/ST/results/step8_strokeniche_perturbmap/codex_handoff_strokeniche_UNAGI_like_63_68_20260602_011244/tables/dynamics_graph_64c_refined_labels_state_celltype/step64c_track_label_refined.csv	step64c_track_label_refined.csv	.csv	74060	1396c447483b591408229e7805bddec7d846f322f361129eeed4410fad64a20d	zenodo_data_results_bundle/tables/Step64_dynamics_graph_state_modeling/step64c_track_label_refined.csv	/mnt/h/vir/ST/results/step8_strokeniche_perturbmap/codex_handoff_strokeniche_UNAGI_like_63_68_20260602_011244/tables/dynamics_graph_64c_refined_labels_state_celltype
Step64_dynamics_graph_state_modeling	source_table_or_audit	/mnt/h/vir/ST/results/step8_strokeniche_perturbmap/dynamics_graph_64b_fixed_region_probs_state_celltype/step64b_cluster_metadata.csv	step64b_cluster_metadata.csv	.csv	1219	b79355ca525a8b34cbe9f596cb66800b7d3dd8505e240fff78bee1c2bdb5274e	zenodo_data_results_bundle/tables/Step64_dynamics_graph_state_modeling/step64b_cluster_metadata.csv	/mnt/h/vir/ST/results/step8_strokeniche_perturbmap/dynamics_graph_64b_fixed_region_probs_state_celltype
Step64_dynamics_graph_state_modeling	source_table_or_audit	/mnt/h/vir/ST/results/step8_strokeniche_perturbmap/dynamics_graph_64b_fixed_region_probs_state_celltype/step64b_clustered_cells.csv	step64b_clustered_cells.csv	.csv	32149439	7a841c68f2ccf8b9e80badb67127571a4ffa29edc351d1bd8575c09322ecd0e2	zenodo_data_results_bundle/tables/Step64_dynamics_graph_state_modeling/step64b_clustered_cells.csv	/mnt/h/vir/ST/results/step8_strokeniche_perturbmap/dynamics_graph_64b_fixed_region_probs_state_celltype
Step64_dynamics_graph_state_modeling	source_table_or_audit	/mnt/h/vir/ST/results/step8_strokeniche_perturbmap/dynamics_graph_64b_fixed_region_probs_state_celltype/step64b_distance_feature_metadata.json	step64b_distance_feature_metadata.json	.json	8165	7b14f4f6022829b4c341a130903e99a77f6187b87e2c426e03686a4deafe3d8f	zenodo_data_results_bundle/tables/Step64_dynamics_graph_state_modeling/step64b_distance_feature_metadata.json	/mnt/h/vir/ST/results/step8_strokeniche_perturbmap/dynamics_graph_64b_fixed_region_probs_state_celltype
Step64_dynamics_graph_state_modeling	source_table_or_audit	/mnt/h/vir/ST/results/step8_strokeniche_perturbmap/dynamics_graph_64b_fixed_region_probs_state_celltype/step64b_dynamics_graph_edges.csv	step64b_dynamics_graph_edges.csv	.csv	46405	67147e854ffc264b3abfc2dd022535200733f00eb75547f823bf0550d69ebfc0	zenodo_data_results_bundle/tables/Step64_dynamics_graph_state_modeling/step64b_dynamics_graph_edges.csv	/mnt/h/vir/ST/results/step8_strokeniche_perturbmap/dynamics_graph_64b_fixed_region_probs_state_celltype
Step64_dynamics_graph_state_modeling	source_table_or_audit	/mnt/h/vir/ST/results/step8_strokeniche_perturbmap/dynamics_graph_64b_fixed_region_probs_state_celltype/step64b_dynamics_graph_edges_all.csv	step64b_dynamics_graph_edges_all.csv	.csv	187775	e08b62a4802735b3305b69027dd07c24cc031e9923f4a6c3498cacabe9c13642	zenodo_data_results_bundle/tables/Step64_dynamics_graph_state_modeling/step64b_dynamics_graph_edges_all.csv	/mnt/h/vir/ST/results/step8_strokeniche_perturbmap/dynamics_graph_64b_fixed_region_probs_state_celltype
Step64_dynamics_graph_state_modeling	source_table_or_audit	/mnt/h/vir/ST/results/step8_strokeniche_perturbmap/dynamics_graph_64b_fixed_region_probs_state_celltype/step64b_dynamics_graph_nodes.csv	step64b_dynamics_graph_nodes.csv	.csv	55668	d9288e305c2e0c91e6e23a55e862409d20c57c6270a711010034813fdde42867	zenodo_data_results_bundle/tables/Step64_dynamics_graph_state_modeling/step64b_dynamics_graph_nodes.csv	/mnt/h/vir/ST/results/step8_strokeniche_perturbmap/dynamics_graph_64b_fixed_region_probs_state_celltype
Step64_dynamics_graph_state_modeling	source_table_or_audit	/mnt/h/vir/ST/results/step8_strokeniche_perturbmap/dynamics_graph_64b_fixed_region_probs_state_celltype/step64b_modeling_input_used.fixed_region_probs.csv	step64b_modeling_input_used.fixed_region_probs.csv	.csv	31766935	125873953a6b96a4b68fd466ce843fb1188f04a4f0be5315f33977d31773f465	zenodo_data_results_bundle/tables/Step64_dynamics_graph_state_modeling/step64b_modeling_input_used.fixed_region_probs.csv	/mnt/h/vir/ST/results/step8_strokeniche_perturbmap/dynamics_graph_64b_fixed_region_probs_state_celltype
Step64_dynamics_graph_state_modeling	source_table_or_audit	/mnt/h/vir/ST/results/step8_strokeniche_perturbmap/dynamics_graph_64b_fixed_region_probs_state_celltype/step64b_original_probability_audit.csv	step64b_original_probability_audit.csv	.csv	612	a288f76993e08df8b9abb40f4f15c96355bb0a044a715d7ad85c359a3b1d898a	zenodo_data_results_bundle/tables/Step64_dynamics_graph_state_modeling/step64b_original_probability_audit.csv	/mnt/h/vir/ST/results/step8_strokeniche_perturbmap/dynamics_graph_64b_fixed_region_probs_state_celltype
Step64_dynamics_graph_state_modeling	source_table_or_audit	/mnt/h/vir/ST/results/step8_strokeniche_perturbmap/dynamics_graph_64b_fixed_region_probs_state_celltype/step64b_postfix_probability_audit.csv	step64b_postfix_probability_audit.csv	.csv	118	fe90e2a29b54bd99e59436f8fe65fd07781359bbafe7230092909a55809d6bb0	zenodo_data_results_bundle/tables/Step64_dynamics_graph_state_modeling/step64b_postfix_probability_audit.csv	/mnt/h/vir/ST/results/step8_strokeniche_perturbmap/dynamics_graph_64b_fixed_region_probs_state_celltype
Step64_dynamics_graph_state_modeling	source_table_or_audit	/mnt/h/vir/ST/results/step8_strokeniche_perturbmap/dynamics_graph_64b_fixed_region_probs_state_celltype/step64b_probability_source_audit.csv	step64b_probability_source_audit.csv	.csv	1556	257bea1d2726b3b75d6bedbcf2aea26fb7b127f3a25f1158f2035919778ac816	zenodo_data_results_bundle/tables/Step64_dynamics_graph_state_modeling/step64b_probability_source_audit.csv	/mnt/h/vir/ST/results/step8_strokeniche_perturbmap/dynamics_graph_64b_fixed_region_probs_state_celltype
Step64_dynamics_graph_state_modeling	source_table_or_audit	/mnt/h/vir/ST/results/step8_strokeniche_perturbmap/dynamics_graph_64b_fixed_region_probs_state_celltype/step64b_report.json	step64b_report.json	.json	5962	d029a47b058891691d75a7d3e4413bab77da5ab27152e09867874c440344b0b7	zenodo_data_results_bundle/tables/Step64_dynamics_graph_state_modeling/step64b_report.json	/mnt/h/vir/ST/results/step8_strokeniche_perturbmap/dynamics_graph_64b_fixed_region_probs_state_celltype
Step64_dynamics_graph_state_modeling	source_table_or_audit	/mnt/h/vir/ST/results/step8_strokeniche_perturbmap/dynamics_graph_64b_fixed_region_probs_state_celltype/step64b_report.txt	step64b_report.txt	.txt	26841	7378bf452dde14d583ff07af38c7d9e5379b155d5decfa2674c0087c1487048a	zenodo_data_results_bundle/tables/Step64_dynamics_graph_state_modeling/step64b_report.txt	/mnt/h/vir/ST/results/step8_strokeniche_perturbmap/dynamics_graph_64b_fixed_region_probs_state_celltype
Step64_dynamics_graph_state_modeling	source_table_or_audit	/mnt/h/vir/ST/results/step8_strokeniche_perturbmap/dynamics_graph_64b_fixed_region_probs_state_celltype/step64b_selected_probability_source.json	step64b_selected_probability_source.json	.json	426	2f8448ed9f36d00d5cf73dadb305059d8dd15ae27be365a4ad80d76c85b05f6f	zenodo_data_results_bundle/tables/Step64_dynamics_graph_state_modeling/step64b_selected_probability_source.json	/mnt/h/vir/ST/results/step8_strokeniche_perturbmap/dynamics_graph_64b_fixed_region_probs_state_celltype
Step64_dynamics_graph_state_modeling	source_table_or_audit	/mnt/h/vir/ST/results/step8_strokeniche_perturbmap/dynamics_graph_64b_fixed_region_probs_state_celltype/step64b_track_assignment_by_cell.csv	step64b_track_assignment_by_cell.csv	.csv	5734868	5eed64ccfb54b150a9792870d9838eed3ad3afaab00fba7a368d213a40a0e481	zenodo_data_results_bundle/tables/Step64_dynamics_graph_state_modeling/step64b_track_assignment_by_cell.csv	/mnt/h/vir/ST/results/step8_strokeniche_perturbmap/dynamics_graph_64b_fixed_region_probs_state_celltype
Step64_dynamics_graph_state_modeling	source_table_or_audit	/mnt/h/vir/ST/results/step8_strokeniche_perturbmap/dynamics_graph_64b_fixed_region_probs_state_celltype/step64b_track_module_matrix.csv	step64b_track_module_matrix.csv	.csv	15071	cd1c1b919173c20c98743f483071316b09726465163be0819ba1b74d5f050cec	zenodo_data_results_bundle/tables/Step64_dynamics_graph_state_modeling/step64b_track_module_matrix.csv	/mnt/h/vir/ST/results/step8_strokeniche_perturbmap/dynamics_graph_64b_fixed_region_probs_state_celltype
Step64_dynamics_graph_state_modeling	source_table_or_audit	/mnt/h/vir/ST/results/step8_strokeniche_perturbmap/dynamics_graph_64b_fixed_region_probs_state_celltype/step64b_track_summary.csv	step64b_track_summary.csv	.csv	13763	c2d9c46c0bd69f50c073623b258817278936938ec60a73cbea2bf426cfecd4f3	zenodo_data_results_bundle/tables/Step64_dynamics_graph_state_modeling/step64b_track_summary.csv	/mnt/h/vir/ST/results/step8_strokeniche_perturbmap/dynamics_graph_64b_fixed_region_probs_state_celltype
Step64_dynamics_graph_state_modeling	source_table_or_audit	/mnt/h/vir/ST/results/step8_strokeniche_perturbmap/dynamics_graph_64c_refined_labels_state_celltype/step64c_dynamics_graph_nodes.refined_labels.csv	step64c_dynamics_graph_nodes.refined_labels.csv	.csv	57634	f7e5b096eabe17769fa6e2b99cacb2d3b9e6f301d14f248a16de7ce21fab5751	zenodo_data_results_bundle/tables/Step64_dynamics_graph_state_modeling/step64c_dynamics_graph_nodes.refined_labels.csv	/mnt/h/vir/ST/results/step8_strokeniche_perturbmap/dynamics_graph_64c_refined_labels_state_celltype
Step64_dynamics_graph_state_modeling	source_table_or_audit	/mnt/h/vir/ST/results/step8_strokeniche_perturbmap/dynamics_graph_64c_refined_labels_state_celltype/step64c_report.json	step64c_report.json	.json	4260	230b843295257710d98c38eafb8a14aea2496109dda23e60207e64cfb75b516a	zenodo_data_results_bundle/tables/Step64_dynamics_graph_state_modeling/step64c_report.json	/mnt/h/vir/ST/results/step8_strokeniche_perturbmap/dynamics_graph_64c_refined_labels_state_celltype
Step64_dynamics_graph_state_modeling	source_table_or_audit	/mnt/h/vir/ST/results/step8_strokeniche_perturbmap/dynamics_graph_64c_refined_labels_state_celltype/step64c_report.txt	step64c_report.txt	.txt	39157	5f8cc71ef387f094e61e2681af31d3978c8885221061e339efbf469b8a92bf57	zenodo_data_results_bundle/tables/Step64_dynamics_graph_state_modeling/step64c_report.txt	/mnt/h/vir/ST/results/step8_strokeniche_perturbmap/dynamics_graph_64c_refined_labels_state_celltype
Step64_dynamics_graph_state_modeling	source_table_or_audit	/mnt/h/vir/ST/results/step8_strokeniche_perturbmap/dynamics_graph_64c_refined_labels_state_celltype/step64c_track_assignment_by_cell.refined_labels.csv	step64c_track_assignment_by_cell.refined_labels.csv	.csv	9467907	80ffbe231d5a09b4a40d2d276d2f428521a46164733ca166af1a30cf5f83ad78	zenodo_data_results_bundle/tables/Step64_dynamics_graph_state_modeling/step64c_track_assignment_by_cell.refined_labels.csv	/mnt/h/vir/ST/results/step8_strokeniche_perturbmap/dynamics_graph_64c_refined_labels_state_celltype
Step64_dynamics_graph_state_modeling	source_table_or_audit	/mnt/h/vir/ST/results/step8_strokeniche_perturbmap/dynamics_graph_64c_refined_labels_state_celltype/step64c_track_axis_score_matrix.csv	step64c_track_axis_score_matrix.csv	.csv	7690	b6d04fefa373e3a5264461337a2bfbd4a83ad6dbe1798b1b637810d928fa1d65	zenodo_data_results_bundle/tables/Step64_dynamics_graph_state_modeling/step64c_track_axis_score_matrix.csv	/mnt/h/vir/ST/results/step8_strokeniche_perturbmap/dynamics_graph_64c_refined_labels_state_celltype
Step64_dynamics_graph_state_modeling	source_table_or_audit	/mnt/h/vir/ST/results/step8_strokeniche_perturbmap/dynamics_graph_64c_refined_labels_state_celltype/step64c_track_label_evidence_long.csv	step64c_track_label_evidence_long.csv	.csv	66607	a4eba078d36c623bc0a77ba1c5e8126feb7e75b36bb30a29b795512d089bafec	zenodo_data_results_bundle/tables/Step64_dynamics_graph_state_modeling/step64c_track_label_evidence_long.csv	/mnt/h/vir/ST/results/step8_strokeniche_perturbmap/dynamics_graph_64c_refined_labels_state_celltype
Step64_dynamics_graph_state_modeling	source_table_or_audit	/mnt/h/vir/ST/results/step8_strokeniche_perturbmap/dynamics_graph_64c_refined_labels_state_celltype/step64c_track_label_refined.csv	step64c_track_label_refined.csv	.csv	74060	1396c447483b591408229e7805bddec7d846f322f361129eeed4410fad64a20d	zenodo_data_results_bundle/tables/Step64_dynamics_graph_state_modeling/step64c_track_label_refined.csv	/mnt/h/vir/ST/results/step8_strokeniche_perturbmap/dynamics_graph_64c_refined_labels_state_celltype
Step64_dynamics_graph_state_modeling	source_table_or_audit	/mnt/h/vir/ST/results/step8_strokeniche_perturbmap/dynamics_graph_64c_refined_labels_state_celltype/step64c_track_module_evidence_matrix.csv	step64c_track_module_evidence_matrix.csv	.csv	12416	c5b4324d307341a4f113f8aaea77f36ad1c5810e4245ead6b130331e7054bf21	zenodo_data_results_bundle/tables/Step64_dynamics_graph_state_modeling/step64c_track_module_evidence_matrix.csv	/mnt/h/vir/ST/results/step8_strokeniche_perturbmap/dynamics_graph_64c_refined_labels_state_celltype
Step65_track_dynamic_markers_regulators	source_table_or_audit	/mnt/h/vir/ST/results/step8_strokeniche_perturbmap/codex_handoff_strokeniche_UNAGI_like_63_68_20260602_011244/reports/track_dynamic_marker_regulator_65_kmeans/step65_report.json	step65_report.json	.json	4304	2ad8bea66050eea97bc4d9338f2a9f701765adf38cd1ce05105bb6f2ea14c1a0	zenodo_data_results_bundle/tables/Step65_track_dynamic_markers_regulators/step65_report.json	/mnt/h/vir/ST/results/step8_strokeniche_perturbmap/codex_handoff_strokeniche_UNAGI_like_63_68_20260602_011244/reports/track_dynamic_marker_regulator_65_kmeans
Step65_track_dynamic_markers_regulators	source_table_or_audit	/mnt/h/vir/ST/results/step8_strokeniche_perturbmap/codex_handoff_strokeniche_UNAGI_like_63_68_20260602_011244/reports/track_dynamic_marker_regulator_65_kmeans/step65_report.txt	step65_report.txt	.txt	80710	8d70a9511bdb363cd31d1a4c1b810d81a169fecf5111cee770bf15571c681879	zenodo_data_results_bundle/tables/Step65_track_dynamic_markers_regulators/step65_report.txt	/mnt/h/vir/ST/results/step8_strokeniche_perturbmap/codex_handoff_strokeniche_UNAGI_like_63_68_20260602_011244/reports/track_dynamic_marker_regulator_65_kmeans
Step65_track_dynamic_markers_regulators	source_table_or_audit	/mnt/h/vir/ST/results/step8_strokeniche_perturbmap/codex_handoff_strokeniche_UNAGI_like_63_68_20260602_011244/reports/track_dynamic_marker_regulator_65_state_celltype/step65_report.json	step65_report.json	.json	4479	5457a092eb57675197dc94ab024ac066b90e1bae5a49269332d9aa7aa52db94f	zenodo_data_results_bundle/tables/Step65_track_dynamic_markers_regulators/step65_report.json	/mnt/h/vir/ST/results/step8_strokeniche_perturbmap/codex_handoff_strokeniche_UNAGI_like_63_68_20260602_011244/reports/track_dynamic_marker_regulator_65_state_celltype
Step65_track_dynamic_markers_regulators	source_table_or_audit	/mnt/h/vir/ST/results/step8_strokeniche_perturbmap/codex_handoff_strokeniche_UNAGI_like_63_68_20260602_011244/reports/track_dynamic_marker_regulator_65_state_celltype/step65_report.txt	step65_report.txt	.txt	38624	3ee9ed8feaf4fd9f1d6002fb51d0f769be2c6edd11727bcca72410f3aa9c4176	zenodo_data_results_bundle/tables/Step65_track_dynamic_markers_regulators/step65_report.txt	/mnt/h/vir/ST/results/step8_strokeniche_perturbmap/codex_handoff_strokeniche_UNAGI_like_63_68_20260602_011244/reports/track_dynamic_marker_regulator_65_state_celltype
Step65_track_dynamic_markers_regulators	source_table_or_audit	/mnt/h/vir/ST/results/step8_strokeniche_perturbmap/codex_handoff_strokeniche_UNAGI_like_63_68_20260602_011244/reports/track_dynamic_marker_regulator_65b_kmeans_gene_auto/step65_report.json	step65_report.json	.json	4583	f3416c36a006f67fda702be9888afef4bcd45a59e253ab5386ae1ee232dd929b	zenodo_data_results_bundle/tables/Step65_track_dynamic_markers_regulators/step65_report.json	/mnt/h/vir/ST/results/step8_strokeniche_perturbmap/codex_handoff_strokeniche_UNAGI_like_63_68_20260602_011244/reports/track_dynamic_marker_regulator_65b_kmeans_gene_auto
Step65_track_dynamic_markers_regulators	source_table_or_audit	/mnt/h/vir/ST/results/step8_strokeniche_perturbmap/codex_handoff_strokeniche_UNAGI_like_63_68_20260602_011244/reports/track_dynamic_marker_regulator_65b_kmeans_gene_auto/step65_report.txt	step65_report.txt	.txt	140307	9a2f2a362332a0392c2f08e0386f35a7d0f349b4a8c403b522616f80f6dc9d3a	zenodo_data_results_bundle/tables/Step65_track_dynamic_markers_regulators/step65_report.txt	/mnt/h/vir/ST/results/step8_strokeniche_perturbmap/codex_handoff_strokeniche_UNAGI_like_63_68_20260602_011244/reports/track_dynamic_marker_regulator_65b_kmeans_gene_auto
Step65_track_dynamic_markers_regulators	source_table_or_audit	/mnt/h/vir/ST/results/step8_strokeniche_perturbmap/codex_handoff_strokeniche_UNAGI_like_63_68_20260602_011244/reports/track_dynamic_marker_regulator_65b_kmeans_gene_auto/step65b_detection_report.txt	step65b_detection_report.txt	.txt	41906	38510f35501db49754a9cea1336f788405f25eb10b3479ad54c2e5fc12e75e92	zenodo_data_results_bundle/tables/Step65_track_dynamic_markers_regulators/step65b_detection_report.txt	/mnt/h/vir/ST/results/step8_strokeniche_perturbmap/codex_handoff_strokeniche_UNAGI_like_63_68_20260602_011244/reports/track_dynamic_marker_regulator_65b_kmeans_gene_auto
Step65_track_dynamic_markers_regulators	source_table_or_audit	/mnt/h/vir/ST/results/step8_strokeniche_perturbmap/codex_handoff_strokeniche_UNAGI_like_63_68_20260602_011244/reports/track_dynamic_marker_regulator_65b_state_celltype_gene_auto/step65_report.json	step65_report.json	.json	4757	980688da92856cd968cc5d3438f1f24112bae2a0fa15e8097172916ab17fe28b	zenodo_data_results_bundle/tables/Step65_track_dynamic_markers_regulators/step65_report.json	/mnt/h/vir/ST/results/step8_strokeniche_perturbmap/codex_handoff_strokeniche_UNAGI_like_63_68_20260602_011244/reports/track_dynamic_marker_regulator_65b_state_celltype_gene_auto
Step65_track_dynamic_markers_regulators	source_table_or_audit	/mnt/h/vir/ST/results/step8_strokeniche_perturbmap/codex_handoff_strokeniche_UNAGI_like_63_68_20260602_011244/reports/track_dynamic_marker_regulator_65b_state_celltype_gene_auto/step65_report.txt	step65_report.txt	.txt	132910	f73ffcf6301a193dc49ef1f3e07bd148682353e339ef26b65a0c396dcb50c896	zenodo_data_results_bundle/tables/Step65_track_dynamic_markers_regulators/step65_report.txt	/mnt/h/vir/ST/results/step8_strokeniche_perturbmap/codex_handoff_strokeniche_UNAGI_like_63_68_20260602_011244/reports/track_dynamic_marker_regulator_65b_state_celltype_gene_auto
Step65_track_dynamic_markers_regulators	source_table_or_audit	/mnt/h/vir/ST/results/step8_strokeniche_perturbmap/codex_handoff_strokeniche_UNAGI_like_63_68_20260602_011244/reports/track_dynamic_marker_regulator_65b_state_celltype_gene_auto/step65b_detection_report.txt	step65b_detection_report.txt	.txt	42184	beb16fc0697256e107acaad19a0a6a7cc410599eea3b4ae670d3da6c6c0a3ebc	zenodo_data_results_bundle/tables/Step65_track_dynamic_markers_regulators/step65b_detection_report.txt	/mnt/h/vir/ST/results/step8_strokeniche_perturbmap/codex_handoff_strokeniche_UNAGI_like_63_68_20260602_011244/reports/track_dynamic_marker_regulator_65b_state_celltype_gene_auto
Step65_track_dynamic_markers_regulators	source_table_or_audit	/mnt/h/vir/ST/results/step8_strokeniche_perturbmap/codex_handoff_strokeniche_UNAGI_like_63_68_20260602_011244/reports/track_dynamic_marker_regulator_65c_state_celltype_gene_clean_stroke_externaldb/step65c_detection_report.txt	step65c_detection_report.txt	.txt	61175	d34a137e25384e3154a4979c944afd58c80602a9271570f7885103aa78885630	zenodo_data_results_bundle/tables/Step65_track_dynamic_markers_regulators/step65c_detection_report.txt	/mnt/h/vir/ST/results/step8_strokeniche_perturbmap/codex_handoff_strokeniche_UNAGI_like_63_68_20260602_011244/reports/track_dynamic_marker_regulator_65c_state_celltype_gene_clean_stroke_externaldb
Step65_track_dynamic_markers_regulators	source_table_or_audit	/mnt/h/vir/ST/results/step8_strokeniche_perturbmap/codex_handoff_strokeniche_UNAGI_like_63_68_20260602_011244/reports/track_dynamic_marker_regulator_65c_state_celltype_gene_clean_stroke_no_externaldb/step65_report.json	step65_report.json	.json	5298	4f19804cdc961822b0a188a05099e4de105b2a02f8a811d83560de1535656469	zenodo_data_results_bundle/tables/Step65_track_dynamic_markers_regulators/step65_report.json	/mnt/h/vir/ST/results/step8_strokeniche_perturbmap/codex_handoff_strokeniche_UNAGI_like_63_68_20260602_011244/reports/track_dynamic_marker_regulator_65c_state_celltype_gene_clean_stroke_no_externaldb
Step65_track_dynamic_markers_regulators	source_table_or_audit	/mnt/h/vir/ST/results/step8_strokeniche_perturbmap/codex_handoff_strokeniche_UNAGI_like_63_68_20260602_011244/reports/track_dynamic_marker_regulator_65c_state_celltype_gene_clean_stroke_no_externaldb/step65_report.txt	step65_report.txt	.txt	133447	344dace3593a2ce8116a5746ef91cc904dcb0b76e6c06663d9d7e845047baef4	zenodo_data_results_bundle/tables/Step65_track_dynamic_markers_regulators/step65_report.txt	/mnt/h/vir/ST/results/step8_strokeniche_perturbmap/codex_handoff_strokeniche_UNAGI_like_63_68_20260602_011244/reports/track_dynamic_marker_regulator_65c_state_celltype_gene_clean_stroke_no_externaldb
Step65_track_dynamic_markers_regulators	source_table_or_audit	/mnt/h/vir/ST/results/step8_strokeniche_perturbmap/codex_handoff_strokeniche_UNAGI_like_63_68_20260602_011244/reports/track_dynamic_marker_regulator_65c_state_celltype_gene_clean_stroke_no_externaldb/step65c_detection_report.txt	step65c_detection_report.txt	.txt	61193	fd73b2fb75d5185f697e39b876e9d1b55509282b65c1534bfde4166b386b3b30	zenodo_data_results_bundle/tables/Step65_track_dynamic_markers_regulators/step65c_detection_report.txt	/mnt/h/vir/ST/results/step8_strokeniche_perturbmap/codex_handoff_strokeniche_UNAGI_like_63_68_20260602_011244/reports/track_dynamic_marker_regulator_65c_state_celltype_gene_clean_stroke_no_externaldb
Step65_track_dynamic_markers_regulators	source_table_or_audit	/mnt/h/vir/ST/results/step8_strokeniche_perturbmap/codex_handoff_strokeniche_UNAGI_like_63_68_20260602_011244/reports/track_dynamic_marker_regulator_65c_state_celltype_gene_clean_stroke_real_externaldb/step65_report.json	step65_report.json	.json	5345	b584f25a150259331cff204a8235c719a9e183b9823dc43a7e6aef872ff23fcc	zenodo_data_results_bundle/tables/Step65_track_dynamic_markers_regulators/step65_report.json	/mnt/h/vir/ST/results/step8_strokeniche_perturbmap/codex_handoff_strokeniche_UNAGI_like_63_68_20260602_011244/reports/track_dynamic_marker_regulator_65c_state_celltype_gene_clean_stroke_real_externaldb
Step65_track_dynamic_markers_regulators	source_table_or_audit	/mnt/h/vir/ST/results/step8_strokeniche_perturbmap/codex_handoff_strokeniche_UNAGI_like_63_68_20260602_011244/reports/track_dynamic_marker_regulator_65c_state_celltype_gene_clean_stroke_real_externaldb/step65_report.txt	step65_report.txt	.txt	161691	85251da53ad9d72f31636546e9fa8459760e89c15e37747e3557bd5b263920bf	zenodo_data_results_bundle/tables/Step65_track_dynamic_markers_regulators/step65_report.txt	/mnt/h/vir/ST/results/step8_strokeniche_perturbmap/codex_handoff_strokeniche_UNAGI_like_63_68_20260602_011244/reports/track_dynamic_marker_regulator_65c_state_celltype_gene_clean_stroke_real_externaldb
Step65_track_dynamic_markers_regulators	source_table_or_audit	/mnt/h/vir/ST/results/step8_strokeniche_perturbmap/codex_handoff_strokeniche_UNAGI_like_63_68_20260602_011244/reports/track_dynamic_marker_regulator_65c_state_celltype_gene_clean_stroke_real_externaldb/step65c_detection_report.txt	step65c_detection_report.txt	.txt	84717	6a54e192af553d25164df11734a7754ffac072847790b48f82469eb344346b2e	zenodo_data_results_bundle/tables/Step65_track_dynamic_markers_regulators/step65c_detection_report.txt	/mnt/h/vir/ST/results/step8_strokeniche_perturbmap/codex_handoff_strokeniche_UNAGI_like_63_68_20260602_011244/reports/track_dynamic_marker_regulator_65c_state_celltype_gene_clean_stroke_real_externaldb
Step65_track_dynamic_markers_regulators	source_table_or_audit	/mnt/h/vir/ST/results/step8_strokeniche_perturbmap/codex_handoff_strokeniche_UNAGI_like_63_68_20260602_011244/reports/track_dynamic_marker_regulator_65c_state_celltype_gene_clean_stroke_real_externaldb_no_encode_metadata/step65_report.json	step65_report.json	.json	5725	87e02340f466e72f3fba4a99e8257e41385326af82e46d502cfc7f3036457124	zenodo_data_results_bundle/tables/Step65_track_dynamic_markers_regulators/step65_report.json	/mnt/h/vir/ST/results/step8_strokeniche_perturbmap/codex_handoff_strokeniche_UNAGI_like_63_68_20260602_011244/reports/track_dynamic_marker_regulator_65c_state_celltype_gene_clean_stroke_real_externaldb_no_encode_metadata
Step65_track_dynamic_markers_regulators	source_table_or_audit	/mnt/h/vir/ST/results/step8_strokeniche_perturbmap/codex_handoff_strokeniche_UNAGI_like_63_68_20260602_011244/reports/track_dynamic_marker_regulator_65c_state_celltype_gene_clean_stroke_real_externaldb_no_encode_metadata/step65_report.txt	step65_report.txt	.txt	162071	99ab98f44ee7a4c9d173f52e44b94f95f0db21907dbca68a2380f43d99751fde	zenodo_data_results_bundle/tables/Step65_track_dynamic_markers_regulators/step65_report.txt	/mnt/h/vir/ST/results/step8_strokeniche_perturbmap/codex_handoff_strokeniche_UNAGI_like_63_68_20260602_011244/reports/track_dynamic_marker_regulator_65c_state_celltype_gene_clean_stroke_real_externaldb_no_encode_metadata
Step65_track_dynamic_markers_regulators	source_table_or_audit	/mnt/h/vir/ST/results/step8_strokeniche_perturbmap/codex_handoff_strokeniche_UNAGI_like_63_68_20260602_011244/reports/track_dynamic_marker_regulator_65c_state_celltype_gene_clean_stroke_real_externaldb_no_encode_metadata/step65c_detection_report.txt	step65c_detection_report.txt	.txt	58472	545c9c038dd243c7d3b4bd3012e8460bf80561ee8500891029ac0c0fb337e01f	zenodo_data_results_bundle/tables/Step65_track_dynamic_markers_regulators/step65c_detection_report.txt	/mnt/h/vir/ST/results/step8_strokeniche_perturbmap/codex_handoff_strokeniche_UNAGI_like_63_68_20260602_011244/reports/track_dynamic_marker_regulator_65c_state_celltype_gene_clean_stroke_real_externaldb_no_encode_metadata
Step65_track_dynamic_markers_regulators	source_table_or_audit	/mnt/h/vir/ST/results/step8_strokeniche_perturbmap/codex_handoff_strokeniche_UNAGI_like_63_68_20260602_011244/reports/track_dynamic_marker_regulator_65d_encode_chipseq_gmt_supplement/step65d_encode_chipseq_report.json	step65d_encode_chipseq_report.json	.json	1208	c39a68667ca7f85eca821d9f34ed7e7775d1f8ace41787553bb9b3d3ccec5179	zenodo_data_results_bundle/tables/Step65_track_dynamic_markers_regulators/step65d_encode_chipseq_report.json	/mnt/h/vir/ST/results/step8_strokeniche_perturbmap/codex_handoff_strokeniche_UNAGI_like_63_68_20260602_011244/reports/track_dynamic_marker_regulator_65d_encode_chipseq_gmt_supplement
Step65_track_dynamic_markers_regulators	source_table_or_audit	/mnt/h/vir/ST/results/step8_strokeniche_perturbmap/codex_handoff_strokeniche_UNAGI_like_63_68_20260602_011244/reports/track_dynamic_marker_regulator_65e_encode_chipseq_housekeeping_filtered/step65e_report.json	step65e_report.json	.json	5620	c575b8b17bfe387514a00546a0ec0e4efc6688dcf524670727a38dbcf5b2b6a3	zenodo_data_results_bundle/tables/Step65_track_dynamic_markers_regulators/step65e_report.json	/mnt/h/vir/ST/results/step8_strokeniche_perturbmap/codex_handoff_strokeniche_UNAGI_like_63_68_20260602_011244/reports/track_dynamic_marker_regulator_65e_encode_chipseq_housekeeping_filtered
Step65_track_dynamic_markers_regulators	source_table_or_audit	/mnt/h/vir/ST/results/step8_strokeniche_perturbmap/codex_handoff_strokeniche_UNAGI_like_63_68_20260602_011244/reports/track_dynamic_marker_regulator_65e_encode_chipseq_housekeeping_filtered/step65e_report.txt	step65e_report.txt	.txt	82395	ebdc520b6fe97c565e46ca106b309b37493c5e2ddb8272a3a1eb06f0e9bf8674	zenodo_data_results_bundle/tables/Step65_track_dynamic_markers_regulators/step65e_report.txt	/mnt/h/vir/ST/results/step8_strokeniche_perturbmap/codex_handoff_strokeniche_UNAGI_like_63_68_20260602_011244/reports/track_dynamic_marker_regulator_65e_encode_chipseq_housekeeping_filtered
Step65_track_dynamic_markers_regulators	source_table_or_audit	/mnt/h/vir/ST/results/step8_strokeniche_perturbmap/codex_handoff_strokeniche_UNAGI_like_63_68_20260602_011244/tables/track_dynamic_marker_regulator_65_kmeans/step65_regulator_database_used.csv	step65_regulator_database_used.csv	.csv	10088	520dfcde71c688cfb80829d1fdc0dcb4a9f4df06397de6927f789729aaae0d33	zenodo_data_results_bundle/tables/Step65_track_dynamic_markers_regulators/step65_regulator_database_used.csv	/mnt/h/vir/ST/results/step8_strokeniche_perturbmap/codex_handoff_strokeniche_UNAGI_like_63_68_20260602_011244/tables/track_dynamic_marker_regulator_65_kmeans
Step65_track_dynamic_markers_regulators	source_table_or_audit	/mnt/h/vir/ST/results/step8_strokeniche_perturbmap/codex_handoff_strokeniche_UNAGI_like_63_68_20260602_011244/tables/track_dynamic_marker_regulator_65_kmeans/step65_regulator_enrichment.csv	step65_regulator_enrichment.csv	.csv	22634	9ea67b7d2f9c0b27ffef83b5b6a43722c369c1555cccc35187cd224ea9d3c19e	zenodo_data_results_bundle/tables/Step65_track_dynamic_markers_regulators/step65_regulator_enrichment.csv	/mnt/h/vir/ST/results/step8_strokeniche_perturbmap/codex_handoff_strokeniche_UNAGI_like_63_68_20260602_011244/tables/track_dynamic_marker_regulator_65_kmeans
Step65_track_dynamic_markers_regulators	source_table_or_audit	/mnt/h/vir/ST/results/step8_strokeniche_perturbmap/codex_handoff_strokeniche_UNAGI_like_63_68_20260602_011244/tables/track_dynamic_marker_regulator_65_kmeans/step65_track_dynamic_genes.csv	step65_track_dynamic_genes.csv	.csv	1	01ba4719c80b6fe911b091a7c05124b64eeece964e09c058ef8f9805daca546b	zenodo_data_results_bundle/tables/Step65_track_dynamic_markers_regulators/step65_track_dynamic_genes.csv	/mnt/h/vir/ST/results/step8_strokeniche_perturbmap/codex_handoff_strokeniche_UNAGI_like_63_68_20260602_011244/tables/track_dynamic_marker_regulator_65_kmeans
Step65_track_dynamic_markers_regulators	source_table_or_audit	/mnt/h/vir/ST/results/step8_strokeniche_perturbmap/codex_handoff_strokeniche_UNAGI_like_63_68_20260602_011244/tables/track_dynamic_marker_regulator_65_kmeans/step65_track_dynamic_marker_summary.csv	step65_track_dynamic_marker_summary.csv	.csv	17853	96682803ff92f6bcdd188df647f44e9757d87267f85a572f987516033db75e66	zenodo_data_results_bundle/tables/Step65_track_dynamic_markers_regulators/step65_track_dynamic_marker_summary.csv	/mnt/h/vir/ST/results/step8_strokeniche_perturbmap/codex_handoff_strokeniche_UNAGI_like_63_68_20260602_011244/tables/track_dynamic_marker_regulator_65_kmeans
Step65_track_dynamic_markers_regulators	source_table_or_audit	/mnt/h/vir/ST/results/step8_strokeniche_perturbmap/codex_handoff_strokeniche_UNAGI_like_63_68_20260602_011244/tables/track_dynamic_marker_regulator_65_kmeans/step65_track_dynamic_modules.csv	step65_track_dynamic_modules.csv	.csv	216723	cafb3e4085617979f483c4696120e5618e2c0e67e603e06fe02466d94b82880a	zenodo_data_results_bundle/tables/Step65_track_dynamic_markers_regulators/step65_track_dynamic_modules.csv	/mnt/h/vir/ST/results/step8_strokeniche_perturbmap/codex_handoff_strokeniche_UNAGI_like_63_68_20260602_011244/tables/track_dynamic_marker_regulator_65_kmeans
Step65_track_dynamic_markers_regulators	source_table_or_audit	/mnt/h/vir/ST/results/step8_strokeniche_perturbmap/codex_handoff_strokeniche_UNAGI_like_63_68_20260602_011244/tables/track_dynamic_marker_regulator_65_kmeans/step65_track_feature_timepoint_means.genes.csv	step65_track_feature_timepoint_means.genes.csv	.csv	1	01ba4719c80b6fe911b091a7c05124b64eeece964e09c058ef8f9805daca546b	zenodo_data_results_bundle/tables/Step65_track_dynamic_markers_regulators/step65_track_feature_timepoint_means.genes.csv	/mnt/h/vir/ST/results/step8_strokeniche_perturbmap/codex_handoff_strokeniche_UNAGI_like_63_68_20260602_011244/tables/track_dynamic_marker_regulator_65_kmeans
Step65_track_dynamic_markers_regulators	source_table_or_audit	/mnt/h/vir/ST/results/step8_strokeniche_perturbmap/codex_handoff_strokeniche_UNAGI_like_63_68_20260602_011244/tables/track_dynamic_marker_regulator_65_kmeans/step65_track_feature_timepoint_means.modules.csv	step65_track_feature_timepoint_means.modules.csv	.csv	248101	78fbdf01dbab4de4a8137cd3cb2a5f329df7fbde0a0b1daaba4a916a19bae46b	zenodo_data_results_bundle/tables/Step65_track_dynamic_markers_regulators/step65_track_feature_timepoint_means.modules.csv	/mnt/h/vir/ST/results/step8_strokeniche_perturbmap/codex_handoff_strokeniche_UNAGI_like_63_68_20260602_011244/tables/track_dynamic_marker_regulator_65_kmeans
Step65_track_dynamic_markers_regulators	source_table_or_audit	/mnt/h/vir/ST/results/step8_strokeniche_perturbmap/codex_handoff_strokeniche_UNAGI_like_63_68_20260602_011244/tables/track_dynamic_marker_regulator_65_kmeans/step65_track_marker_gene_sets.csv	step65_track_marker_gene_sets.csv	.csv	8185	21aba95d40ac60d8c3d476fba8f407ae78200e01e8e29835a2a0a3474bed63b5	zenodo_data_results_bundle/tables/Step65_track_dynamic_markers_regulators/step65_track_marker_gene_sets.csv	/mnt/h/vir/ST/results/step8_strokeniche_perturbmap/codex_handoff_strokeniche_UNAGI_like_63_68_20260602_011244/tables/track_dynamic_marker_regulator_65_kmeans
Step65_track_dynamic_markers_regulators	source_table_or_audit	/mnt/h/vir/ST/results/step8_strokeniche_perturbmap/codex_handoff_strokeniche_UNAGI_like_63_68_20260602_011244/tables/track_dynamic_marker_regulator_65_kmeans/step65_track_network_edges.csv	step65_track_network_edges.csv	.csv	37061	06fbfd940f37eab1b084f4c46576ec73d848e142616fc25554ff68852eec729d	zenodo_data_results_bundle/tables/Step65_track_dynamic_markers_regulators/step65_track_network_edges.csv	/mnt/h/vir/ST/results/step8_strokeniche_perturbmap/codex_handoff_strokeniche_UNAGI_like_63_68_20260602_011244/tables/track_dynamic_marker_regulator_65_kmeans
Step65_track_dynamic_markers_regulators	source_table_or_audit	/mnt/h/vir/ST/results/step8_strokeniche_perturbmap/codex_handoff_strokeniche_UNAGI_like_63_68_20260602_011244/tables/track_dynamic_marker_regulator_65_kmeans/step65_track_pathway_summary.csv	step65_track_pathway_summary.csv	.csv	9865	8c3bcb735444e7fc786178f3d8a7bce62d99aadf802c9a5ffd375e6b781ff9cd	zenodo_data_results_bundle/tables/Step65_track_dynamic_markers_regulators/step65_track_pathway_summary.csv	/mnt/h/vir/ST/results/step8_strokeniche_perturbmap/codex_handoff_strokeniche_UNAGI_like_63_68_20260602_011244/tables/track_dynamic_marker_regulator_65_kmeans
Step65_track_dynamic_markers_regulators	source_table_or_audit	/mnt/h/vir/ST/results/step8_strokeniche_perturbmap/codex_handoff_strokeniche_UNAGI_like_63_68_20260602_011244/tables/track_dynamic_marker_regulator_65_kmeans/step65_track_regulator_summary.csv	step65_track_regulator_summary.csv	.csv	9865	8c3bcb735444e7fc786178f3d8a7bce62d99aadf802c9a5ffd375e6b781ff9cd	zenodo_data_results_bundle/tables/Step65_track_dynamic_markers_regulators/step65_track_regulator_summary.csv	/mnt/h/vir/ST/results/step8_strokeniche_perturbmap/codex_handoff_strokeniche_UNAGI_like_63_68_20260602_011244/tables/track_dynamic_marker_regulator_65_kmeans
Step65_track_dynamic_markers_regulators	source_table_or_audit	/mnt/h/vir/ST/results/step8_strokeniche_perturbmap/codex_handoff_strokeniche_UNAGI_like_63_68_20260602_011244/tables/track_dynamic_marker_regulator_65_state_celltype/step65_regulator_database_used.csv	step65_regulator_database_used.csv	.csv	10088	520dfcde71c688cfb80829d1fdc0dcb4a9f4df06397de6927f789729aaae0d33	zenodo_data_results_bundle/tables/Step65_track_dynamic_markers_regulators/step65_regulator_database_used.csv	/mnt/h/vir/ST/results/step8_strokeniche_perturbmap/codex_handoff_strokeniche_UNAGI_like_63_68_20260602_011244/tables/track_dynamic_marker_regulator_65_state_celltype
Step65_track_dynamic_markers_regulators	source_table_or_audit	/mnt/h/vir/ST/results/step8_strokeniche_perturbmap/codex_handoff_strokeniche_UNAGI_like_63_68_20260602_011244/tables/track_dynamic_marker_regulator_65_state_celltype/step65_regulator_enrichment.csv	step65_regulator_enrichment.csv	.csv	4667	cf156c5f4686b585e0a8a1d221f0a007f46d7872df125b75e8425ec6f7e802af	zenodo_data_results_bundle/tables/Step65_track_dynamic_markers_regulators/step65_regulator_enrichment.csv	/mnt/h/vir/ST/results/step8_strokeniche_perturbmap/codex_handoff_strokeniche_UNAGI_like_63_68_20260602_011244/tables/track_dynamic_marker_regulator_65_state_celltype
Step65_track_dynamic_markers_regulators	source_table_or_audit	/mnt/h/vir/ST/results/step8_strokeniche_perturbmap/codex_handoff_strokeniche_UNAGI_like_63_68_20260602_011244/tables/track_dynamic_marker_regulator_65_state_celltype/step65_track_dynamic_genes.csv	step65_track_dynamic_genes.csv	.csv	1	01ba4719c80b6fe911b091a7c05124b64eeece964e09c058ef8f9805daca546b	zenodo_data_results_bundle/tables/Step65_track_dynamic_markers_regulators/step65_track_dynamic_genes.csv	/mnt/h/vir/ST/results/step8_strokeniche_perturbmap/codex_handoff_strokeniche_UNAGI_like_63_68_20260602_011244/tables/track_dynamic_marker_regulator_65_state_celltype
Step65_track_dynamic_markers_regulators	source_table_or_audit	/mnt/h/vir/ST/results/step8_strokeniche_perturbmap/codex_handoff_strokeniche_UNAGI_like_63_68_20260602_011244/tables/track_dynamic_marker_regulator_65_state_celltype/step65_track_dynamic_marker_summary.csv	step65_track_dynamic_marker_summary.csv	.csv	16688	dd9db387b9658a020ab50cb29148a1a95e88ca90cb102abb8bace66fa7e51291	zenodo_data_results_bundle/tables/Step65_track_dynamic_markers_regulators/step65_track_dynamic_marker_summary.csv	/mnt/h/vir/ST/results/step8_strokeniche_perturbmap/codex_handoff_strokeniche_UNAGI_like_63_68_20260602_011244/tables/track_dynamic_marker_regulator_65_state_celltype
Step65_track_dynamic_markers_regulators	source_table_or_audit	/mnt/h/vir/ST/results/step8_strokeniche_perturbmap/codex_handoff_strokeniche_UNAGI_like_63_68_20260602_011244/tables/track_dynamic_marker_regulator_65_state_celltype/step65_track_dynamic_modules.csv	step65_track_dynamic_modules.csv	.csv	215624	d72f621f80cc24f1e817b95c9b5dceb17e74be11b5eb6d8142629775ee8f3428	zenodo_data_results_bundle/tables/Step65_track_dynamic_markers_regulators/step65_track_dynamic_modules.csv	/mnt/h/vir/ST/results/step8_strokeniche_perturbmap/codex_handoff_strokeniche_UNAGI_like_63_68_20260602_011244/tables/track_dynamic_marker_regulator_65_state_celltype
Step65_track_dynamic_markers_regulators	source_table_or_audit	/mnt/h/vir/ST/results/step8_strokeniche_perturbmap/codex_handoff_strokeniche_UNAGI_like_63_68_20260602_011244/tables/track_dynamic_marker_regulator_65_state_celltype/step65_track_feature_timepoint_means.genes.csv	step65_track_feature_timepoint_means.genes.csv	.csv	1	01ba4719c80b6fe911b091a7c05124b64eeece964e09c058ef8f9805daca546b	zenodo_data_results_bundle/tables/Step65_track_dynamic_markers_regulators/step65_track_feature_timepoint_means.genes.csv	/mnt/h/vir/ST/results/step8_strokeniche_perturbmap/codex_handoff_strokeniche_UNAGI_like_63_68_20260602_011244/tables/track_dynamic_marker_regulator_65_state_celltype
Step65_track_dynamic_markers_regulators	source_table_or_audit	/mnt/h/vir/ST/results/step8_strokeniche_perturbmap/codex_handoff_strokeniche_UNAGI_like_63_68_20260602_011244/tables/track_dynamic_marker_regulator_65_state_celltype/step65_track_feature_timepoint_means.modules.csv	step65_track_feature_timepoint_means.modules.csv	.csv	247205	4cba84c06fd254048189d41a73c5f22c1ee8060524fe3397f42186077ad473b3	zenodo_data_results_bundle/tables/Step65_track_dynamic_markers_regulators/step65_track_feature_timepoint_means.modules.csv	/mnt/h/vir/ST/results/step8_strokeniche_perturbmap/codex_handoff_strokeniche_UNAGI_like_63_68_20260602_011244/tables/track_dynamic_marker_regulator_65_state_celltype
Step65_track_dynamic_markers_regulators	source_table_or_audit	/mnt/h/vir/ST/results/step8_strokeniche_perturbmap/codex_handoff_strokeniche_UNAGI_like_63_68_20260602_011244/tables/track_dynamic_marker_regulator_65_state_celltype/step65_track_marker_gene_sets.csv	step65_track_marker_gene_sets.csv	.csv	5573	f115a91b3c60072b7b61c7d2990f883cfdd9d1f3279d178c55376bb6ca965e7e	zenodo_data_results_bundle/tables/Step65_track_dynamic_markers_regulators/step65_track_marker_gene_sets.csv	/mnt/h/vir/ST/results/step8_strokeniche_perturbmap/codex_handoff_strokeniche_UNAGI_like_63_68_20260602_011244/tables/track_dynamic_marker_regulator_65_state_celltype
Step65_track_dynamic_markers_regulators	source_table_or_audit	/mnt/h/vir/ST/results/step8_strokeniche_perturbmap/codex_handoff_strokeniche_UNAGI_like_63_68_20260602_011244/tables/track_dynamic_marker_regulator_65_state_celltype/step65_track_network_edges.csv	step65_track_network_edges.csv	.csv	8018	1e6fe3461d28aee2912991846f3bb3f8cdf2a795f9ed99d5e276c6bea03b540e	zenodo_data_results_bundle/tables/Step65_track_dynamic_markers_regulators/step65_track_network_edges.csv	/mnt/h/vir/ST/results/step8_strokeniche_perturbmap/codex_handoff_strokeniche_UNAGI_like_63_68_20260602_011244/tables/track_dynamic_marker_regulator_65_state_celltype
Step65_track_dynamic_markers_regulators	source_table_or_audit	/mnt/h/vir/ST/results/step8_strokeniche_perturbmap/codex_handoff_strokeniche_UNAGI_like_63_68_20260602_011244/tables/track_dynamic_marker_regulator_65_state_celltype/step65_track_pathway_summary.csv	step65_track_pathway_summary.csv	.csv	2896	acd5a570cafa2e8197f15cea2581a6d1bb9353268571093640c2c9da9b35ca2e	zenodo_data_results_bundle/tables/Step65_track_dynamic_markers_regulators/step65_track_pathway_summary.csv	/mnt/h/vir/ST/results/step8_strokeniche_perturbmap/codex_handoff_strokeniche_UNAGI_like_63_68_20260602_011244/tables/track_dynamic_marker_regulator_65_state_celltype
Step65_track_dynamic_markers_regulators	source_table_or_audit	/mnt/h/vir/ST/results/step8_strokeniche_perturbmap/codex_handoff_strokeniche_UNAGI_like_63_68_20260602_011244/tables/track_dynamic_marker_regulator_65_state_celltype/step65_track_regulator_summary.csv	step65_track_regulator_summary.csv	.csv	2896	acd5a570cafa2e8197f15cea2581a6d1bb9353268571093640c2c9da9b35ca2e	zenodo_data_results_bundle/tables/Step65_track_dynamic_markers_regulators/step65_track_regulator_summary.csv	/mnt/h/vir/ST/results/step8_strokeniche_perturbmap/codex_handoff_strokeniche_UNAGI_like_63_68_20260602_011244/tables/track_dynamic_marker_regulator_65_state_celltype
Step65_track_dynamic_markers_regulators	source_table_or_audit	/mnt/h/vir/ST/results/step8_strokeniche_perturbmap/codex_handoff_strokeniche_UNAGI_like_63_68_20260602_011244/tables/track_dynamic_marker_regulator_65b_kmeans_gene_auto/step65_regulator_database_used.csv	step65_regulator_database_used.csv	.csv	89061	3735f4339adee311f9826de4ed5318721f49448897a10a7d47beb27d055c7bec	zenodo_data_results_bundle/tables/Step65_track_dynamic_markers_regulators/step65_regulator_database_used.csv	/mnt/h/vir/ST/results/step8_strokeniche_perturbmap/codex_handoff_strokeniche_UNAGI_like_63_68_20260602_011244/tables/track_dynamic_marker_regulator_65b_kmeans_gene_auto
Step65_track_dynamic_markers_regulators	source_table_or_audit	/mnt/h/vir/ST/results/step8_strokeniche_perturbmap/codex_handoff_strokeniche_UNAGI_like_63_68_20260602_011244/tables/track_dynamic_marker_regulator_65b_kmeans_gene_auto/step65_regulator_enrichment.csv	step65_regulator_enrichment.csv	.csv	230254	6f401093682ad51e0ecbe2deb598e2cf8aa984f467ec09c5d3aa0b351e94e762	zenodo_data_results_bundle/tables/Step65_track_dynamic_markers_regulators/step65_regulator_enrichment.csv	/mnt/h/vir/ST/results/step8_strokeniche_perturbmap/codex_handoff_strokeniche_UNAGI_like_63_68_20260602_011244/tables/track_dynamic_marker_regulator_65b_kmeans_gene_auto
Step65_track_dynamic_markers_regulators	source_table_or_audit	/mnt/h/vir/ST/results/step8_strokeniche_perturbmap/codex_handoff_strokeniche_UNAGI_like_63_68_20260602_011244/tables/track_dynamic_marker_regulator_65b_kmeans_gene_auto/step65_track_dynamic_genes.csv	step65_track_dynamic_genes.csv	.csv	22179639	6dbe0b48c4c25b2dd37647a6b4db18fc17dd186cca45f1edf322ade711c0fa2a	zenodo_data_results_bundle/tables/Step65_track_dynamic_markers_regulators/step65_track_dynamic_genes.csv	/mnt/h/vir/ST/results/step8_strokeniche_perturbmap/codex_handoff_strokeniche_UNAGI_like_63_68_20260602_011244/tables/track_dynamic_marker_regulator_65b_kmeans_gene_auto
Step65_track_dynamic_markers_regulators	source_table_or_audit	/mnt/h/vir/ST/results/step8_strokeniche_perturbmap/codex_handoff_strokeniche_UNAGI_like_63_68_20260602_011244/tables/track_dynamic_marker_regulator_65b_kmeans_gene_auto/step65_track_dynamic_marker_summary.csv	step65_track_dynamic_marker_summary.csv	.csv	66775	b48c8c6247f29d11cf343a336a48552f5006e551c28427dd65b1826354f09448	zenodo_data_results_bundle/tables/Step65_track_dynamic_markers_regulators/step65_track_dynamic_marker_summary.csv	/mnt/h/vir/ST/results/step8_strokeniche_perturbmap/codex_handoff_strokeniche_UNAGI_like_63_68_20260602_011244/tables/track_dynamic_marker_regulator_65b_kmeans_gene_auto
Step65_track_dynamic_markers_regulators	source_table_or_audit	/mnt/h/vir/ST/results/step8_strokeniche_perturbmap/codex_handoff_strokeniche_UNAGI_like_63_68_20260602_011244/tables/track_dynamic_marker_regulator_65b_kmeans_gene_auto/step65_track_dynamic_modules.csv	step65_track_dynamic_modules.csv	.csv	216723	cafb3e4085617979f483c4696120e5618e2c0e67e603e06fe02466d94b82880a	zenodo_data_results_bundle/tables/Step65_track_dynamic_markers_regulators/step65_track_dynamic_modules.csv	/mnt/h/vir/ST/results/step8_strokeniche_perturbmap/codex_handoff_strokeniche_UNAGI_like_63_68_20260602_011244/tables/track_dynamic_marker_regulator_65b_kmeans_gene_auto
Step65_track_dynamic_markers_regulators	source_table_or_audit	/mnt/h/vir/ST/results/step8_strokeniche_perturbmap/codex_handoff_strokeniche_UNAGI_like_63_68_20260602_011244/tables/track_dynamic_marker_regulator_65b_kmeans_gene_auto/step65_track_feature_timepoint_means.genes.csv	step65_track_feature_timepoint_means.genes.csv	.csv	22229680	bfe5868a1f25f92fdf15c340b1da9185377dae827ede917e1bad0a4f38ae00fc	zenodo_data_results_bundle/tables/Step65_track_dynamic_markers_regulators/step65_track_feature_timepoint_means.genes.csv	/mnt/h/vir/ST/results/step8_strokeniche_perturbmap/codex_handoff_strokeniche_UNAGI_like_63_68_20260602_011244/tables/track_dynamic_marker_regulator_65b_kmeans_gene_auto
Step65_track_dynamic_markers_regulators	source_table_or_audit	/mnt/h/vir/ST/results/step8_strokeniche_perturbmap/codex_handoff_strokeniche_UNAGI_like_63_68_20260602_011244/tables/track_dynamic_marker_regulator_65b_kmeans_gene_auto/step65_track_feature_timepoint_means.modules.csv	step65_track_feature_timepoint_means.modules.csv	.csv	248101	78fbdf01dbab4de4a8137cd3cb2a5f329df7fbde0a0b1daaba4a916a19bae46b	zenodo_data_results_bundle/tables/Step65_track_dynamic_markers_regulators/step65_track_feature_timepoint_means.modules.csv	/mnt/h/vir/ST/results/step8_strokeniche_perturbmap/codex_handoff_strokeniche_UNAGI_like_63_68_20260602_011244/tables/track_dynamic_marker_regulator_65b_kmeans_gene_auto
Step65_track_dynamic_markers_regulators	source_table_or_audit	/mnt/h/vir/ST/results/step8_strokeniche_perturbmap/codex_handoff_strokeniche_UNAGI_like_63_68_20260602_011244/tables/track_dynamic_marker_regulator_65b_kmeans_gene_auto/step65_track_marker_gene_sets.csv	step65_track_marker_gene_sets.csv	.csv	30695	f48f7de86bebee453d21df2da31d76d3a4d2ffa694cd508cd5690f265a21e4b4	zenodo_data_results_bundle/tables/Step65_track_dynamic_markers_regulators/step65_track_marker_gene_sets.csv	/mnt/h/vir/ST/results/step8_strokeniche_perturbmap/codex_handoff_strokeniche_UNAGI_like_63_68_20260602_011244/tables/track_dynamic_marker_regulator_65b_kmeans_gene_auto
Step65_track_dynamic_markers_regulators	source_table_or_audit	/mnt/h/vir/ST/results/step8_strokeniche_perturbmap/codex_handoff_strokeniche_UNAGI_like_63_68_20260602_011244/tables/track_dynamic_marker_regulator_65b_kmeans_gene_auto/step65_track_network_edges.csv	step65_track_network_edges.csv	.csv	111347	58932620f59c65fd70b94af158377bf3930a91a14908fa2f7be4ba8892356570	zenodo_data_results_bundle/tables/Step65_track_dynamic_markers_regulators/step65_track_network_edges.csv	/mnt/h/vir/ST/results/step8_strokeniche_perturbmap/codex_handoff_strokeniche_UNAGI_like_63_68_20260602_011244/tables/track_dynamic_marker_regulator_65b_kmeans_gene_auto
Step65_track_dynamic_markers_regulators	source_table_or_audit	/mnt/h/vir/ST/results/step8_strokeniche_perturbmap/codex_handoff_strokeniche_UNAGI_like_63_68_20260602_011244/tables/track_dynamic_marker_regulator_65b_kmeans_gene_auto/step65_track_pathway_summary.csv	step65_track_pathway_summary.csv	.csv	26960	7083c9913e1ca75031128fae9d9ecbb166935a611c9149402be6fd553ff05bc6	zenodo_data_results_bundle/tables/Step65_track_dynamic_markers_regulators/step65_track_pathway_summary.csv	/mnt/h/vir/ST/results/step8_strokeniche_perturbmap/codex_handoff_strokeniche_UNAGI_like_63_68_20260602_011244/tables/track_dynamic_marker_regulator_65b_kmeans_gene_auto
Step65_track_dynamic_markers_regulators	source_table_or_audit	/mnt/h/vir/ST/results/step8_strokeniche_perturbmap/codex_handoff_strokeniche_UNAGI_like_63_68_20260602_011244/tables/track_dynamic_marker_regulator_65b_kmeans_gene_auto/step65_track_regulator_summary.csv	step65_track_regulator_summary.csv	.csv	26960	7083c9913e1ca75031128fae9d9ecbb166935a611c9149402be6fd553ff05bc6	zenodo_data_results_bundle/tables/Step65_track_dynamic_markers_regulators/step65_track_regulator_summary.csv	/mnt/h/vir/ST/results/step8_strokeniche_perturbmap/codex_handoff_strokeniche_UNAGI_like_63_68_20260602_011244/tables/track_dynamic_marker_regulator_65b_kmeans_gene_auto
Step65_track_dynamic_markers_regulators	source_table_or_audit	/mnt/h/vir/ST/results/step8_strokeniche_perturbmap/codex_handoff_strokeniche_UNAGI_like_63_68_20260602_011244/tables/track_dynamic_marker_regulator_65b_kmeans_gene_auto/step65b_combined_regulator_targets.csv	step65b_combined_regulator_targets.csv	.csv	202276	9dfa7ab4a02b513395884422366100783aaa2eab6632f7143420721a9651be86	zenodo_data_results_bundle/tables/Step65_track_dynamic_markers_regulators/step65b_combined_regulator_targets.csv	/mnt/h/vir/ST/results/step8_strokeniche_perturbmap/codex_handoff_strokeniche_UNAGI_like_63_68_20260602_011244/tables/track_dynamic_marker_regulator_65b_kmeans_gene_auto
Step65_track_dynamic_markers_regulators	source_table_or_audit	/mnt/h/vir/ST/results/step8_strokeniche_perturbmap/codex_handoff_strokeniche_UNAGI_like_63_68_20260602_011244/tables/track_dynamic_marker_regulator_65b_kmeans_gene_auto/step65b_expression_candidates.csv	step65b_expression_candidates.csv	.csv	895407	601166b45b0fd5337beb4737031cce721030653b61c3ba8352bae92923a9dd3c	zenodo_data_results_bundle/tables/Step65_track_dynamic_markers_regulators/step65b_expression_candidates.csv	/mnt/h/vir/ST/results/step8_strokeniche_perturbmap/codex_handoff_strokeniche_UNAGI_like_63_68_20260602_011244/tables/track_dynamic_marker_regulator_65b_kmeans_gene_auto
Step65_track_dynamic_markers_regulators	source_table_or_audit	/mnt/h/vir/ST/results/step8_strokeniche_perturbmap/codex_handoff_strokeniche_UNAGI_like_63_68_20260602_011244/tables/track_dynamic_marker_regulator_65b_kmeans_gene_auto/step65b_gmt_candidates.csv	step65b_gmt_candidates.csv	.csv	1	01ba4719c80b6fe911b091a7c05124b64eeece964e09c058ef8f9805daca546b	zenodo_data_results_bundle/tables/Step65_track_dynamic_markers_regulators/step65b_gmt_candidates.csv	/mnt/h/vir/ST/results/step8_strokeniche_perturbmap/codex_handoff_strokeniche_UNAGI_like_63_68_20260602_011244/tables/track_dynamic_marker_regulator_65b_kmeans_gene_auto
Step65_track_dynamic_markers_regulators	source_table_or_audit	/mnt/h/vir/ST/results/step8_strokeniche_perturbmap/codex_handoff_strokeniche_UNAGI_like_63_68_20260602_011244/tables/track_dynamic_marker_regulator_65b_kmeans_gene_auto/step65b_regulator_candidates.csv	step65b_regulator_candidates.csv	.csv	105893	1dc281a867d263b8a0d236d4e780c457c667b491000edfe77e3c944ffed318e2	zenodo_data_results_bundle/tables/Step65_track_dynamic_markers_regulators/step65b_regulator_candidates.csv	/mnt/h/vir/ST/results/step8_strokeniche_perturbmap/codex_handoff_strokeniche_UNAGI_like_63_68_20260602_011244/tables/track_dynamic_marker_regulator_65b_kmeans_gene_auto
Step65_track_dynamic_markers_regulators	source_table_or_audit	/mnt/h/vir/ST/results/step8_strokeniche_perturbmap/codex_handoff_strokeniche_UNAGI_like_63_68_20260602_011244/tables/track_dynamic_marker_regulator_65b_state_celltype_gene_auto/step65_regulator_database_used.csv	step65_regulator_database_used.csv	.csv	63001	32054c578711b86a491f4e48bd8286571db2649619b887c1143c253079818d0a	zenodo_data_results_bundle/tables/Step65_track_dynamic_markers_regulators/step65_regulator_database_used.csv	/mnt/h/vir/ST/results/step8_strokeniche_perturbmap/codex_handoff_strokeniche_UNAGI_like_63_68_20260602_011244/tables/track_dynamic_marker_regulator_65b_state_celltype_gene_auto
Step65_track_dynamic_markers_regulators	source_table_or_audit	/mnt/h/vir/ST/results/step8_strokeniche_perturbmap/codex_handoff_strokeniche_UNAGI_like_63_68_20260602_011244/tables/track_dynamic_marker_regulator_65b_state_celltype_gene_auto/step65_regulator_enrichment.csv	step65_regulator_enrichment.csv	.csv	132058	ed9848ec3d9b7dd83fbbfeffdbdfb6f39f1ba1bd409d61206a073d7b8aad0356	zenodo_data_results_bundle/tables/Step65_track_dynamic_markers_regulators/step65_regulator_enrichment.csv	/mnt/h/vir/ST/results/step8_strokeniche_perturbmap/codex_handoff_strokeniche_UNAGI_like_63_68_20260602_011244/tables/track_dynamic_marker_regulator_65b_state_celltype_gene_auto
Step65_track_dynamic_markers_regulators	source_table_or_audit	/mnt/h/vir/ST/results/step8_strokeniche_perturbmap/codex_handoff_strokeniche_UNAGI_like_63_68_20260602_011244/tables/track_dynamic_marker_regulator_65b_state_celltype_gene_auto/step65_track_dynamic_genes.csv	step65_track_dynamic_genes.csv	.csv	22087723	fde1d7840a64676f2f0ebc4f6faf14c79435ca6f9b0cd0edede930201e8de79b	zenodo_data_results_bundle/tables/Step65_track_dynamic_markers_regulators/step65_track_dynamic_genes.csv	/mnt/h/vir/ST/results/step8_strokeniche_perturbmap/codex_handoff_strokeniche_UNAGI_like_63_68_20260602_011244/tables/track_dynamic_marker_regulator_65b_state_celltype_gene_auto
Step65_track_dynamic_markers_regulators	source_table_or_audit	/mnt/h/vir/ST/results/step8_strokeniche_perturbmap/codex_handoff_strokeniche_UNAGI_like_63_68_20260602_011244/tables/track_dynamic_marker_regulator_65b_state_celltype_gene_auto/step65_track_dynamic_marker_summary.csv	step65_track_dynamic_marker_summary.csv	.csv	58743	19892fbbdfeedb588b7ae16dfba711a5b69511066826313064c2d93dc7c209e7	zenodo_data_results_bundle/tables/Step65_track_dynamic_markers_regulators/step65_track_dynamic_marker_summary.csv	/mnt/h/vir/ST/results/step8_strokeniche_perturbmap/codex_handoff_strokeniche_UNAGI_like_63_68_20260602_011244/tables/track_dynamic_marker_regulator_65b_state_celltype_gene_auto
Step65_track_dynamic_markers_regulators	source_table_or_audit	/mnt/h/vir/ST/results/step8_strokeniche_perturbmap/codex_handoff_strokeniche_UNAGI_like_63_68_20260602_011244/tables/track_dynamic_marker_regulator_65b_state_celltype_gene_auto/step65_track_dynamic_modules.csv	step65_track_dynamic_modules.csv	.csv	215624	d72f621f80cc24f1e817b95c9b5dceb17e74be11b5eb6d8142629775ee8f3428	zenodo_data_results_bundle/tables/Step65_track_dynamic_markers_regulators/step65_track_dynamic_modules.csv	/mnt/h/vir/ST/results/step8_strokeniche_perturbmap/codex_handoff_strokeniche_UNAGI_like_63_68_20260602_011244/tables/track_dynamic_marker_regulator_65b_state_celltype_gene_auto
Step65_track_dynamic_markers_regulators	source_table_or_audit	/mnt/h/vir/ST/results/step8_strokeniche_perturbmap/codex_handoff_strokeniche_UNAGI_like_63_68_20260602_011244/tables/track_dynamic_marker_regulator_65b_state_celltype_gene_auto/step65_track_feature_timepoint_means.genes.csv	step65_track_feature_timepoint_means.genes.csv	.csv	22395258	0874b682462a2fa1c7d2c9d102431607971cbdd6e9cf64a35e269b7b5d137f7f	zenodo_data_results_bundle/tables/Step65_track_dynamic_markers_regulators/step65_track_feature_timepoint_means.genes.csv	/mnt/h/vir/ST/results/step8_strokeniche_perturbmap/codex_handoff_strokeniche_UNAGI_like_63_68_20260602_011244/tables/track_dynamic_marker_regulator_65b_state_celltype_gene_auto
Step65_track_dynamic_markers_regulators	source_table_or_audit	/mnt/h/vir/ST/results/step8_strokeniche_perturbmap/codex_handoff_strokeniche_UNAGI_like_63_68_20260602_011244/tables/track_dynamic_marker_regulator_65b_state_celltype_gene_auto/step65_track_feature_timepoint_means.modules.csv	step65_track_feature_timepoint_means.modules.csv	.csv	247205	4cba84c06fd254048189d41a73c5f22c1ee8060524fe3397f42186077ad473b3	zenodo_data_results_bundle/tables/Step65_track_dynamic_markers_regulators/step65_track_feature_timepoint_means.modules.csv	/mnt/h/vir/ST/results/step8_strokeniche_perturbmap/codex_handoff_strokeniche_UNAGI_like_63_68_20260602_011244/tables/track_dynamic_marker_regulator_65b_state_celltype_gene_auto
Step65_track_dynamic_markers_regulators	source_table_or_audit	/mnt/h/vir/ST/results/step8_strokeniche_perturbmap/codex_handoff_strokeniche_UNAGI_like_63_68_20260602_011244/tables/track_dynamic_marker_regulator_65b_state_celltype_gene_auto/step65_track_marker_gene_sets.csv	step65_track_marker_gene_sets.csv	.csv	25247	30fcef8474de6860d08bb127fe8809ee2bfe0f37aeafac7967821a0b3d9c4cb1	zenodo_data_results_bundle/tables/Step65_track_dynamic_markers_regulators/step65_track_marker_gene_sets.csv	/mnt/h/vir/ST/results/step8_strokeniche_perturbmap/codex_handoff_strokeniche_UNAGI_like_63_68_20260602_011244/tables/track_dynamic_marker_regulator_65b_state_celltype_gene_auto
Step65_track_dynamic_markers_regulators	source_table_or_audit	/mnt/h/vir/ST/results/step8_strokeniche_perturbmap/codex_handoff_strokeniche_UNAGI_like_63_68_20260602_011244/tables/track_dynamic_marker_regulator_65b_state_celltype_gene_auto/step65_track_network_edges.csv	step65_track_network_edges.csv	.csv	74877	0fcdca6c5fd5dd5ca5a586c0cdeb77ab30eb7219b8f1340931599698088763e1	zenodo_data_results_bundle/tables/Step65_track_dynamic_markers_regulators/step65_track_network_edges.csv	/mnt/h/vir/ST/results/step8_strokeniche_perturbmap/codex_handoff_strokeniche_UNAGI_like_63_68_20260602_011244/tables/track_dynamic_marker_regulator_65b_state_celltype_gene_auto
Step65_track_dynamic_markers_regulators	source_table_or_audit	/mnt/h/vir/ST/results/step8_strokeniche_perturbmap/codex_handoff_strokeniche_UNAGI_like_63_68_20260602_011244/tables/track_dynamic_marker_regulator_65b_state_celltype_gene_auto/step65_track_pathway_summary.csv	step65_track_pathway_summary.csv	.csv	22582	edb3cd4b1cc41c583f7757b70e61e1baff3ab1fe538f6436eca8d8e140632c11	zenodo_data_results_bundle/tables/Step65_track_dynamic_markers_regulators/step65_track_pathway_summary.csv	/mnt/h/vir/ST/results/step8_strokeniche_perturbmap/codex_handoff_strokeniche_UNAGI_like_63_68_20260602_011244/tables/track_dynamic_marker_regulator_65b_state_celltype_gene_auto
Step65_track_dynamic_markers_regulators	source_table_or_audit	/mnt/h/vir/ST/results/step8_strokeniche_perturbmap/codex_handoff_strokeniche_UNAGI_like_63_68_20260602_011244/tables/track_dynamic_marker_regulator_65b_state_celltype_gene_auto/step65_track_regulator_summary.csv	step65_track_regulator_summary.csv	.csv	22582	edb3cd4b1cc41c583f7757b70e61e1baff3ab1fe538f6436eca8d8e140632c11	zenodo_data_results_bundle/tables/Step65_track_dynamic_markers_regulators/step65_track_regulator_summary.csv	/mnt/h/vir/ST/results/step8_strokeniche_perturbmap/codex_handoff_strokeniche_UNAGI_like_63_68_20260602_011244/tables/track_dynamic_marker_regulator_65b_state_celltype_gene_auto
Step65_track_dynamic_markers_regulators	source_table_or_audit	/mnt/h/vir/ST/results/step8_strokeniche_perturbmap/codex_handoff_strokeniche_UNAGI_like_63_68_20260602_011244/tables/track_dynamic_marker_regulator_65b_state_celltype_gene_auto/step65b_combined_regulator_targets.csv	step65b_combined_regulator_targets.csv	.csv	121336	53426e88a982c7aeac759566d2f86120711592a09c3febdee17a8ef7d1d1d1a4	zenodo_data_results_bundle/tables/Step65_track_dynamic_markers_regulators/step65b_combined_regulator_targets.csv	/mnt/h/vir/ST/results/step8_strokeniche_perturbmap/codex_handoff_strokeniche_UNAGI_like_63_68_20260602_011244/tables/track_dynamic_marker_regulator_65b_state_celltype_gene_auto
Step65_track_dynamic_markers_regulators	source_table_or_audit	/mnt/h/vir/ST/results/step8_strokeniche_perturbmap/codex_handoff_strokeniche_UNAGI_like_63_68_20260602_011244/tables/track_dynamic_marker_regulator_65b_state_celltype_gene_auto/step65b_expression_candidates.csv	step65b_expression_candidates.csv	.csv	895407	ec0a36004eac7d27e02d35136af38422c6bdd37c02d7b8478ae32e91712b92b3	zenodo_data_results_bundle/tables/Step65_track_dynamic_markers_regulators/step65b_expression_candidates.csv	/mnt/h/vir/ST/results/step8_strokeniche_perturbmap/codex_handoff_strokeniche_UNAGI_like_63_68_20260602_011244/tables/track_dynamic_marker_regulator_65b_state_celltype_gene_auto
Step65_track_dynamic_markers_regulators	source_table_or_audit	/mnt/h/vir/ST/results/step8_strokeniche_perturbmap/codex_handoff_strokeniche_UNAGI_like_63_68_20260602_011244/tables/track_dynamic_marker_regulator_65b_state_celltype_gene_auto/step65b_gmt_candidates.csv	step65b_gmt_candidates.csv	.csv	1	01ba4719c80b6fe911b091a7c05124b64eeece964e09c058ef8f9805daca546b	zenodo_data_results_bundle/tables/Step65_track_dynamic_markers_regulators/step65b_gmt_candidates.csv	/mnt/h/vir/ST/results/step8_strokeniche_perturbmap/codex_handoff_strokeniche_UNAGI_like_63_68_20260602_011244/tables/track_dynamic_marker_regulator_65b_state_celltype_gene_auto
Step65_track_dynamic_markers_regulators	source_table_or_audit	/mnt/h/vir/ST/results/step8_strokeniche_perturbmap/codex_handoff_strokeniche_UNAGI_like_63_68_20260602_011244/tables/track_dynamic_marker_regulator_65b_state_celltype_gene_auto/step65b_regulator_candidates.csv	step65b_regulator_candidates.csv	.csv	90113	037833e9ce06528c071d19c656de0ba3f3adf0888377e559ff6f8c19389f8428	zenodo_data_results_bundle/tables/Step65_track_dynamic_markers_regulators/step65b_regulator_candidates.csv	/mnt/h/vir/ST/results/step8_strokeniche_perturbmap/codex_handoff_strokeniche_UNAGI_like_63_68_20260602_011244/tables/track_dynamic_marker_regulator_65b_state_celltype_gene_auto
Step65_track_dynamic_markers_regulators	source_table_or_audit	/mnt/h/vir/ST/results/step8_strokeniche_perturbmap/codex_handoff_strokeniche_UNAGI_like_63_68_20260602_011244/tables/track_dynamic_marker_regulator_65c_state_celltype_gene_clean_stroke_externaldb/step65c_external_gmt_candidates.csv	step65c_external_gmt_candidates.csv	.csv	1	01ba4719c80b6fe911b091a7c05124b64eeece964e09c058ef8f9805daca546b	zenodo_data_results_bundle/tables/Step65_track_dynamic_markers_regulators/step65c_external_gmt_candidates.csv	/mnt/h/vir/ST/results/step8_strokeniche_perturbmap/codex_handoff_strokeniche_UNAGI_like_63_68_20260602_011244/tables/track_dynamic_marker_regulator_65c_state_celltype_gene_clean_stroke_externaldb
Step65_track_dynamic_markers_regulators	source_table_or_audit	/mnt/h/vir/ST/results/step8_strokeniche_perturbmap/codex_handoff_strokeniche_UNAGI_like_63_68_20260602_011244/tables/track_dynamic_marker_regulator_65c_state_celltype_gene_clean_stroke_externaldb/step65c_external_regulator_candidates.csv	step65c_external_regulator_candidates.csv	.csv	632195	9963024d37554359628995a3977a08b5eae9eb06dee54e1bd7ababdbf97913cc	zenodo_data_results_bundle/tables/Step65_track_dynamic_markers_regulators/step65c_external_regulator_candidates.csv	/mnt/h/vir/ST/results/step8_strokeniche_perturbmap/codex_handoff_strokeniche_UNAGI_like_63_68_20260602_011244/tables/track_dynamic_marker_regulator_65c_state_celltype_gene_clean_stroke_externaldb
Step65_track_dynamic_markers_regulators	source_table_or_audit	/mnt/h/vir/ST/results/step8_strokeniche_perturbmap/codex_handoff_strokeniche_UNAGI_like_63_68_20260602_011244/tables/track_dynamic_marker_regulator_65c_state_celltype_gene_clean_stroke_externaldb/step65c_filtered_stroke_relevant_expression.csv	step65c_filtered_stroke_relevant_expression.csv	.csv	19404334	205e730ce41659292fa22783cfaf809399585d01631b8066996dc29aede904e2	zenodo_data_results_bundle/tables/Step65_track_dynamic_markers_regulators/step65c_filtered_stroke_relevant_expression.csv	/mnt/h/vir/ST/results/step8_strokeniche_perturbmap/codex_handoff_strokeniche_UNAGI_like_63_68_20260602_011244/tables/track_dynamic_marker_regulator_65c_state_celltype_gene_clean_stroke_externaldb
Step65_track_dynamic_markers_regulators	source_table_or_audit	/mnt/h/vir/ST/results/step8_strokeniche_perturbmap/codex_handoff_strokeniche_UNAGI_like_63_68_20260602_011244/tables/track_dynamic_marker_regulator_65c_state_celltype_gene_clean_stroke_externaldb/step65c_gene_filter_audit.csv	step65c_gene_filter_audit.csv	.csv	774	007c0e9b42439c0322239c5d1598334413c837bca2a63bbc58cdd7a5d2bb9a39	zenodo_data_results_bundle/tables/Step65_track_dynamic_markers_regulators/step65c_gene_filter_audit.csv	/mnt/h/vir/ST/results/step8_strokeniche_perturbmap/codex_handoff_strokeniche_UNAGI_like_63_68_20260602_011244/tables/track_dynamic_marker_regulator_65c_state_celltype_gene_clean_stroke_externaldb
Step65_track_dynamic_markers_regulators	source_table_or_audit	/mnt/h/vir/ST/results/step8_strokeniche_perturbmap/codex_handoff_strokeniche_UNAGI_like_63_68_20260602_011244/tables/track_dynamic_marker_regulator_65c_state_celltype_gene_clean_stroke_externaldb/step65c_genes_kept.csv	step65c_genes_kept.csv	.csv	19989	7def3cf4b59abe1956a1e1df1947ba24cc9e48b5fc91e75c117492d942ef2e6e	zenodo_data_results_bundle/tables/Step65_track_dynamic_markers_regulators/step65c_genes_kept.csv	/mnt/h/vir/ST/results/step8_strokeniche_perturbmap/codex_handoff_strokeniche_UNAGI_like_63_68_20260602_011244/tables/track_dynamic_marker_regulator_65c_state_celltype_gene_clean_stroke_externaldb
Step65_track_dynamic_markers_regulators	source_table_or_audit	/mnt/h/vir/ST/results/step8_strokeniche_perturbmap/codex_handoff_strokeniche_UNAGI_like_63_68_20260602_011244/tables/track_dynamic_marker_regulator_65c_state_celltype_gene_clean_stroke_externaldb/step65c_genes_removed_blacklist.csv	step65c_genes_removed_blacklist.csv	.csv	345224	f2d7f0b197e6ddbb9b0681928319ec89b7b945544792b5172fe200c8f8e51fea	zenodo_data_results_bundle/tables/Step65_track_dynamic_markers_regulators/step65c_genes_removed_blacklist.csv	/mnt/h/vir/ST/results/step8_strokeniche_perturbmap/codex_handoff_strokeniche_UNAGI_like_63_68_20260602_011244/tables/track_dynamic_marker_regulator_65c_state_celltype_gene_clean_stroke_externaldb
Step65_track_dynamic_markers_regulators	source_table_or_audit	/mnt/h/vir/ST/results/step8_strokeniche_perturbmap/codex_handoff_strokeniche_UNAGI_like_63_68_20260602_011244/tables/track_dynamic_marker_regulator_65c_state_celltype_gene_clean_stroke_externaldb/step65c_stroke_gene_catalog_used.csv	step65c_stroke_gene_catalog_used.csv	.csv	10365	dc3d20e6ba355c8c064e29de4b19eb54398fa889056ea29670ba5a070e5fadf8	zenodo_data_results_bundle/tables/Step65_track_dynamic_markers_regulators/step65c_stroke_gene_catalog_used.csv	/mnt/h/vir/ST/results/step8_strokeniche_perturbmap/codex_handoff_strokeniche_UNAGI_like_63_68_20260602_011244/tables/track_dynamic_marker_regulator_65c_state_celltype_gene_clean_stroke_externaldb
Step65_track_dynamic_markers_regulators	source_table_or_audit	/mnt/h/vir/ST/results/step8_strokeniche_perturbmap/codex_handoff_strokeniche_UNAGI_like_63_68_20260602_011244/tables/track_dynamic_marker_regulator_65c_state_celltype_gene_clean_stroke_no_externaldb/step65_regulator_database_used.csv	step65_regulator_database_used.csv	.csv	10088	520dfcde71c688cfb80829d1fdc0dcb4a9f4df06397de6927f789729aaae0d33	zenodo_data_results_bundle/tables/Step65_track_dynamic_markers_regulators/step65_regulator_database_used.csv	/mnt/h/vir/ST/results/step8_strokeniche_perturbmap/codex_handoff_strokeniche_UNAGI_like_63_68_20260602_011244/tables/track_dynamic_marker_regulator_65c_state_celltype_gene_clean_stroke_no_externaldb
Step65_track_dynamic_markers_regulators	source_table_or_audit	/mnt/h/vir/ST/results/step8_strokeniche_perturbmap/codex_handoff_strokeniche_UNAGI_like_63_68_20260602_011244/tables/track_dynamic_marker_regulator_65c_state_celltype_gene_clean_stroke_no_externaldb/step65_regulator_enrichment.csv	step65_regulator_enrichment.csv	.csv	115633	afb117e382c6dafff7a280368739275c43fa96883513220034208885ec6af657	zenodo_data_results_bundle/tables/Step65_track_dynamic_markers_regulators/step65_regulator_enrichment.csv	/mnt/h/vir/ST/results/step8_strokeniche_perturbmap/codex_handoff_strokeniche_UNAGI_like_63_68_20260602_011244/tables/track_dynamic_marker_regulator_65c_state_celltype_gene_clean_stroke_no_externaldb
Step65_track_dynamic_markers_regulators	source_table_or_audit	/mnt/h/vir/ST/results/step8_strokeniche_perturbmap/codex_handoff_strokeniche_UNAGI_like_63_68_20260602_011244/tables/track_dynamic_marker_regulator_65c_state_celltype_gene_clean_stroke_no_externaldb/step65_track_dynamic_genes.csv	step65_track_dynamic_genes.csv	.csv	1975382	bc5fc0b8adfd7d306323a9e65609e2205b401a6ce30cb205d274a259673b0600	zenodo_data_results_bundle/tables/Step65_track_dynamic_markers_regulators/step65_track_dynamic_genes.csv	/mnt/h/vir/ST/results/step8_strokeniche_perturbmap/codex_handoff_strokeniche_UNAGI_like_63_68_20260602_011244/tables/track_dynamic_marker_regulator_65c_state_celltype_gene_clean_stroke_no_externaldb
Step65_track_dynamic_markers_regulators	source_table_or_audit	/mnt/h/vir/ST/results/step8_strokeniche_perturbmap/codex_handoff_strokeniche_UNAGI_like_63_68_20260602_011244/tables/track_dynamic_marker_regulator_65c_state_celltype_gene_clean_stroke_no_externaldb/step65_track_dynamic_marker_summary.csv	step65_track_dynamic_marker_summary.csv	.csv	58831	8fb03bdc192b14de87f191e780cc0aa2ed3d2cfef0264f4f4870c15fe785fd80	zenodo_data_results_bundle/tables/Step65_track_dynamic_markers_regulators/step65_track_dynamic_marker_summary.csv	/mnt/h/vir/ST/results/step8_strokeniche_perturbmap/codex_handoff_strokeniche_UNAGI_like_63_68_20260602_011244/tables/track_dynamic_marker_regulator_65c_state_celltype_gene_clean_stroke_no_externaldb
Step65_track_dynamic_markers_regulators	source_table_or_audit	/mnt/h/vir/ST/results/step8_strokeniche_perturbmap/codex_handoff_strokeniche_UNAGI_like_63_68_20260602_011244/tables/track_dynamic_marker_regulator_65c_state_celltype_gene_clean_stroke_no_externaldb/step65_track_dynamic_modules.csv	step65_track_dynamic_modules.csv	.csv	215624	d72f621f80cc24f1e817b95c9b5dceb17e74be11b5eb6d8142629775ee8f3428	zenodo_data_results_bundle/tables/Step65_track_dynamic_markers_regulators/step65_track_dynamic_modules.csv	/mnt/h/vir/ST/results/step8_strokeniche_perturbmap/codex_handoff_strokeniche_UNAGI_like_63_68_20260602_011244/tables/track_dynamic_marker_regulator_65c_state_celltype_gene_clean_stroke_no_externaldb
Step65_track_dynamic_markers_regulators	source_table_or_audit	/mnt/h/vir/ST/results/step8_strokeniche_perturbmap/codex_handoff_strokeniche_UNAGI_like_63_68_20260602_011244/tables/track_dynamic_marker_regulator_65c_state_celltype_gene_clean_stroke_no_externaldb/step65_track_feature_timepoint_means.genes.csv	step65_track_feature_timepoint_means.genes.csv	.csv	1845562	4abefdfe70cbf2a128db329e162a19bbb74e6d24f0b83360e289ab92d042dd33	zenodo_data_results_bundle/tables/Step65_track_dynamic_markers_regulators/step65_track_feature_timepoint_means.genes.csv	/mnt/h/vir/ST/results/step8_strokeniche_perturbmap/codex_handoff_strokeniche_UNAGI_like_63_68_20260602_011244/tables/track_dynamic_marker_regulator_65c_state_celltype_gene_clean_stroke_no_externaldb
Step65_track_dynamic_markers_regulators	source_table_or_audit	/mnt/h/vir/ST/results/step8_strokeniche_perturbmap/codex_handoff_strokeniche_UNAGI_like_63_68_20260602_011244/tables/track_dynamic_marker_regulator_65c_state_celltype_gene_clean_stroke_no_externaldb/step65_track_feature_timepoint_means.modules.csv	step65_track_feature_timepoint_means.modules.csv	.csv	247205	4cba84c06fd254048189d41a73c5f22c1ee8060524fe3397f42186077ad473b3	zenodo_data_results_bundle/tables/Step65_track_dynamic_markers_regulators/step65_track_feature_timepoint_means.modules.csv	/mnt/h/vir/ST/results/step8_strokeniche_perturbmap/codex_handoff_strokeniche_UNAGI_like_63_68_20260602_011244/tables/track_dynamic_marker_regulator_65c_state_celltype_gene_clean_stroke_no_externaldb
Step65_track_dynamic_markers_regulators	source_table_or_audit	/mnt/h/vir/ST/results/step8_strokeniche_perturbmap/codex_handoff_strokeniche_UNAGI_like_63_68_20260602_011244/tables/track_dynamic_marker_regulator_65c_state_celltype_gene_clean_stroke_no_externaldb/step65_track_marker_gene_sets.csv	step65_track_marker_gene_sets.csv	.csv	24271	2f33455ffbf2386de88939888eafcef6a78be5464d1c8c080c9f3ebdc5e715a2	zenodo_data_results_bundle/tables/Step65_track_dynamic_markers_regulators/step65_track_marker_gene_sets.csv	/mnt/h/vir/ST/results/step8_strokeniche_perturbmap/codex_handoff_strokeniche_UNAGI_like_63_68_20260602_011244/tables/track_dynamic_marker_regulator_65c_state_celltype_gene_clean_stroke_no_externaldb
Step65_track_dynamic_markers_regulators	source_table_or_audit	/mnt/h/vir/ST/results/step8_strokeniche_perturbmap/codex_handoff_strokeniche_UNAGI_like_63_68_20260602_011244/tables/track_dynamic_marker_regulator_65c_state_celltype_gene_clean_stroke_no_externaldb/step65_track_network_edges.csv	step65_track_network_edges.csv	.csv	110504	c619449e7300d4a1bbf4e0cc83d62a376a5df39b01d469c2190cc3f2b4cc59b7	zenodo_data_results_bundle/tables/Step65_track_dynamic_markers_regulators/step65_track_network_edges.csv	/mnt/h/vir/ST/results/step8_strokeniche_perturbmap/codex_handoff_strokeniche_UNAGI_like_63_68_20260602_011244/tables/track_dynamic_marker_regulator_65c_state_celltype_gene_clean_stroke_no_externaldb
Step65_track_dynamic_markers_regulators	source_table_or_audit	/mnt/h/vir/ST/results/step8_strokeniche_perturbmap/codex_handoff_strokeniche_UNAGI_like_63_68_20260602_011244/tables/track_dynamic_marker_regulator_65c_state_celltype_gene_clean_stroke_no_externaldb/step65_track_pathway_summary.csv	step65_track_pathway_summary.csv	.csv	24251	39521b623793e1a2d091207f296c58372f7ed9af57903bcefd2108995bf58b15	zenodo_data_results_bundle/tables/Step65_track_dynamic_markers_regulators/step65_track_pathway_summary.csv	/mnt/h/vir/ST/results/step8_strokeniche_perturbmap/codex_handoff_strokeniche_UNAGI_like_63_68_20260602_011244/tables/track_dynamic_marker_regulator_65c_state_celltype_gene_clean_stroke_no_externaldb
Step65_track_dynamic_markers_regulators	source_table_or_audit	/mnt/h/vir/ST/results/step8_strokeniche_perturbmap/codex_handoff_strokeniche_UNAGI_like_63_68_20260602_011244/tables/track_dynamic_marker_regulator_65c_state_celltype_gene_clean_stroke_no_externaldb/step65_track_regulator_summary.csv	step65_track_regulator_summary.csv	.csv	24251	39521b623793e1a2d091207f296c58372f7ed9af57903bcefd2108995bf58b15	zenodo_data_results_bundle/tables/Step65_track_dynamic_markers_regulators/step65_track_regulator_summary.csv	/mnt/h/vir/ST/results/step8_strokeniche_perturbmap/codex_handoff_strokeniche_UNAGI_like_63_68_20260602_011244/tables/track_dynamic_marker_regulator_65c_state_celltype_gene_clean_stroke_no_externaldb
Step65_track_dynamic_markers_regulators	source_table_or_audit	/mnt/h/vir/ST/results/step8_strokeniche_perturbmap/codex_handoff_strokeniche_UNAGI_like_63_68_20260602_011244/tables/track_dynamic_marker_regulator_65c_state_celltype_gene_clean_stroke_no_externaldb/step65c_external_gmt_candidates.csv	step65c_external_gmt_candidates.csv	.csv	1	01ba4719c80b6fe911b091a7c05124b64eeece964e09c058ef8f9805daca546b	zenodo_data_results_bundle/tables/Step65_track_dynamic_markers_regulators/step65c_external_gmt_candidates.csv	/mnt/h/vir/ST/results/step8_strokeniche_perturbmap/codex_handoff_strokeniche_UNAGI_like_63_68_20260602_011244/tables/track_dynamic_marker_regulator_65c_state_celltype_gene_clean_stroke_no_externaldb
Step65_track_dynamic_markers_regulators	source_table_or_audit	/mnt/h/vir/ST/results/step8_strokeniche_perturbmap/codex_handoff_strokeniche_UNAGI_like_63_68_20260602_011244/tables/track_dynamic_marker_regulator_65c_state_celltype_gene_clean_stroke_no_externaldb/step65c_external_regulator_candidates.csv	step65c_external_regulator_candidates.csv	.csv	632195	9963024d37554359628995a3977a08b5eae9eb06dee54e1bd7ababdbf97913cc	zenodo_data_results_bundle/tables/Step65_track_dynamic_markers_regulators/step65c_external_regulator_candidates.csv	/mnt/h/vir/ST/results/step8_strokeniche_perturbmap/codex_handoff_strokeniche_UNAGI_like_63_68_20260602_011244/tables/track_dynamic_marker_regulator_65c_state_celltype_gene_clean_stroke_no_externaldb
Step65_track_dynamic_markers_regulators	source_table_or_audit	/mnt/h/vir/ST/results/step8_strokeniche_perturbmap/codex_handoff_strokeniche_UNAGI_like_63_68_20260602_011244/tables/track_dynamic_marker_regulator_65c_state_celltype_gene_clean_stroke_no_externaldb/step65c_filtered_stroke_relevant_expression.csv	step65c_filtered_stroke_relevant_expression.csv	.csv	19404334	205e730ce41659292fa22783cfaf809399585d01631b8066996dc29aede904e2	zenodo_data_results_bundle/tables/Step65_track_dynamic_markers_regulators/step65c_filtered_stroke_relevant_expression.csv	/mnt/h/vir/ST/results/step8_strokeniche_perturbmap/codex_handoff_strokeniche_UNAGI_like_63_68_20260602_011244/tables/track_dynamic_marker_regulator_65c_state_celltype_gene_clean_stroke_no_externaldb
Step65_track_dynamic_markers_regulators	source_table_or_audit	/mnt/h/vir/ST/results/step8_strokeniche_perturbmap/codex_handoff_strokeniche_UNAGI_like_63_68_20260602_011244/tables/track_dynamic_marker_regulator_65c_state_celltype_gene_clean_stroke_no_externaldb/step65c_gene_filter_audit.csv	step65c_gene_filter_audit.csv	.csv	774	007c0e9b42439c0322239c5d1598334413c837bca2a63bbc58cdd7a5d2bb9a39	zenodo_data_results_bundle/tables/Step65_track_dynamic_markers_regulators/step65c_gene_filter_audit.csv	/mnt/h/vir/ST/results/step8_strokeniche_perturbmap/codex_handoff_strokeniche_UNAGI_like_63_68_20260602_011244/tables/track_dynamic_marker_regulator_65c_state_celltype_gene_clean_stroke_no_externaldb
Step65_track_dynamic_markers_regulators	source_table_or_audit	/mnt/h/vir/ST/results/step8_strokeniche_perturbmap/codex_handoff_strokeniche_UNAGI_like_63_68_20260602_011244/tables/track_dynamic_marker_regulator_65c_state_celltype_gene_clean_stroke_no_externaldb/step65c_genes_kept.csv	step65c_genes_kept.csv	.csv	19989	7def3cf4b59abe1956a1e1df1947ba24cc9e48b5fc91e75c117492d942ef2e6e	zenodo_data_results_bundle/tables/Step65_track_dynamic_markers_regulators/step65c_genes_kept.csv	/mnt/h/vir/ST/results/step8_strokeniche_perturbmap/codex_handoff_strokeniche_UNAGI_like_63_68_20260602_011244/tables/track_dynamic_marker_regulator_65c_state_celltype_gene_clean_stroke_no_externaldb
Step65_track_dynamic_markers_regulators	source_table_or_audit	/mnt/h/vir/ST/results/step8_strokeniche_perturbmap/codex_handoff_strokeniche_UNAGI_like_63_68_20260602_011244/tables/track_dynamic_marker_regulator_65c_state_celltype_gene_clean_stroke_no_externaldb/step65c_genes_removed_blacklist.csv	step65c_genes_removed_blacklist.csv	.csv	345224	f2d7f0b197e6ddbb9b0681928319ec89b7b945544792b5172fe200c8f8e51fea	zenodo_data_results_bundle/tables/Step65_track_dynamic_markers_regulators/step65c_genes_removed_blacklist.csv	/mnt/h/vir/ST/results/step8_strokeniche_perturbmap/codex_handoff_strokeniche_UNAGI_like_63_68_20260602_011244/tables/track_dynamic_marker_regulator_65c_state_celltype_gene_clean_stroke_no_externaldb
Step65_track_dynamic_markers_regulators	source_table_or_audit	/mnt/h/vir/ST/results/step8_strokeniche_perturbmap/codex_handoff_strokeniche_UNAGI_like_63_68_20260602_011244/tables/track_dynamic_marker_regulator_65c_state_celltype_gene_clean_stroke_no_externaldb/step65c_stroke_gene_catalog_used.csv	step65c_stroke_gene_catalog_used.csv	.csv	10365	dc3d20e6ba355c8c064e29de4b19eb54398fa889056ea29670ba5a070e5fadf8	zenodo_data_results_bundle/tables/Step65_track_dynamic_markers_regulators/step65c_stroke_gene_catalog_used.csv	/mnt/h/vir/ST/results/step8_strokeniche_perturbmap/codex_handoff_strokeniche_UNAGI_like_63_68_20260602_011244/tables/track_dynamic_marker_regulator_65c_state_celltype_gene_clean_stroke_no_externaldb
Step65_track_dynamic_markers_regulators	source_table_or_audit	/mnt/h/vir/ST/results/step8_strokeniche_perturbmap/codex_handoff_strokeniche_UNAGI_like_63_68_20260602_011244/tables/track_dynamic_marker_regulator_65c_state_celltype_gene_clean_stroke_real_externaldb/step65_regulator_enrichment.csv	step65_regulator_enrichment.csv	.csv	101821513	17303a76b43a9b35b2e4120cd477754276bb7e544a33b296fd1e59c4b3f32cc3	zenodo_data_results_bundle/tables/Step65_track_dynamic_markers_regulators/step65_regulator_enrichment.csv	/mnt/h/vir/ST/results/step8_strokeniche_perturbmap/codex_handoff_strokeniche_UNAGI_like_63_68_20260602_011244/tables/track_dynamic_marker_regulator_65c_state_celltype_gene_clean_stroke_real_externaldb
Step65_track_dynamic_markers_regulators	source_table_or_audit	/mnt/h/vir/ST/results/step8_strokeniche_perturbmap/codex_handoff_strokeniche_UNAGI_like_63_68_20260602_011244/tables/track_dynamic_marker_regulator_65c_state_celltype_gene_clean_stroke_real_externaldb/step65_track_dynamic_genes.csv	step65_track_dynamic_genes.csv	.csv	1975382	bc5fc0b8adfd7d306323a9e65609e2205b401a6ce30cb205d274a259673b0600	zenodo_data_results_bundle/tables/Step65_track_dynamic_markers_regulators/step65_track_dynamic_genes.csv	/mnt/h/vir/ST/results/step8_strokeniche_perturbmap/codex_handoff_strokeniche_UNAGI_like_63_68_20260602_011244/tables/track_dynamic_marker_regulator_65c_state_celltype_gene_clean_stroke_real_externaldb
Step65_track_dynamic_markers_regulators	source_table_or_audit	/mnt/h/vir/ST/results/step8_strokeniche_perturbmap/codex_handoff_strokeniche_UNAGI_like_63_68_20260602_011244/tables/track_dynamic_marker_regulator_65c_state_celltype_gene_clean_stroke_real_externaldb/step65_track_dynamic_marker_summary.csv	step65_track_dynamic_marker_summary.csv	.csv	58831	8fb03bdc192b14de87f191e780cc0aa2ed3d2cfef0264f4f4870c15fe785fd80	zenodo_data_results_bundle/tables/Step65_track_dynamic_markers_regulators/step65_track_dynamic_marker_summary.csv	/mnt/h/vir/ST/results/step8_strokeniche_perturbmap/codex_handoff_strokeniche_UNAGI_like_63_68_20260602_011244/tables/track_dynamic_marker_regulator_65c_state_celltype_gene_clean_stroke_real_externaldb
Step65_track_dynamic_markers_regulators	source_table_or_audit	/mnt/h/vir/ST/results/step8_strokeniche_perturbmap/codex_handoff_strokeniche_UNAGI_like_63_68_20260602_011244/tables/track_dynamic_marker_regulator_65c_state_celltype_gene_clean_stroke_real_externaldb/step65_track_dynamic_modules.csv	step65_track_dynamic_modules.csv	.csv	215624	d72f621f80cc24f1e817b95c9b5dceb17e74be11b5eb6d8142629775ee8f3428	zenodo_data_results_bundle/tables/Step65_track_dynamic_markers_regulators/step65_track_dynamic_modules.csv	/mnt/h/vir/ST/results/step8_strokeniche_perturbmap/codex_handoff_strokeniche_UNAGI_like_63_68_20260602_011244/tables/track_dynamic_marker_regulator_65c_state_celltype_gene_clean_stroke_real_externaldb
Step65_track_dynamic_markers_regulators	source_table_or_audit	/mnt/h/vir/ST/results/step8_strokeniche_perturbmap/codex_handoff_strokeniche_UNAGI_like_63_68_20260602_011244/tables/track_dynamic_marker_regulator_65c_state_celltype_gene_clean_stroke_real_externaldb/step65_track_feature_timepoint_means.genes.csv	step65_track_feature_timepoint_means.genes.csv	.csv	1845562	4abefdfe70cbf2a128db329e162a19bbb74e6d24f0b83360e289ab92d042dd33	zenodo_data_results_bundle/tables/Step65_track_dynamic_markers_regulators/step65_track_feature_timepoint_means.genes.csv	/mnt/h/vir/ST/results/step8_strokeniche_perturbmap/codex_handoff_strokeniche_UNAGI_like_63_68_20260602_011244/tables/track_dynamic_marker_regulator_65c_state_celltype_gene_clean_stroke_real_externaldb
Step65_track_dynamic_markers_regulators	source_table_or_audit	/mnt/h/vir/ST/results/step8_strokeniche_perturbmap/codex_handoff_strokeniche_UNAGI_like_63_68_20260602_011244/tables/track_dynamic_marker_regulator_65c_state_celltype_gene_clean_stroke_real_externaldb/step65_track_feature_timepoint_means.modules.csv	step65_track_feature_timepoint_means.modules.csv	.csv	247205	4cba84c06fd254048189d41a73c5f22c1ee8060524fe3397f42186077ad473b3	zenodo_data_results_bundle/tables/Step65_track_dynamic_markers_regulators/step65_track_feature_timepoint_means.modules.csv	/mnt/h/vir/ST/results/step8_strokeniche_perturbmap/codex_handoff_strokeniche_UNAGI_like_63_68_20260602_011244/tables/track_dynamic_marker_regulator_65c_state_celltype_gene_clean_stroke_real_externaldb
Step65_track_dynamic_markers_regulators	source_table_or_audit	/mnt/h/vir/ST/results/step8_strokeniche_perturbmap/codex_handoff_strokeniche_UNAGI_like_63_68_20260602_011244/tables/track_dynamic_marker_regulator_65c_state_celltype_gene_clean_stroke_real_externaldb/step65_track_marker_gene_sets.csv	step65_track_marker_gene_sets.csv	.csv	24271	2f33455ffbf2386de88939888eafcef6a78be5464d1c8c080c9f3ebdc5e715a2	zenodo_data_results_bundle/tables/Step65_track_dynamic_markers_regulators/step65_track_marker_gene_sets.csv	/mnt/h/vir/ST/results/step8_strokeniche_perturbmap/codex_handoff_strokeniche_UNAGI_like_63_68_20260602_011244/tables/track_dynamic_marker_regulator_65c_state_celltype_gene_clean_stroke_real_externaldb
Step65_track_dynamic_markers_regulators	source_table_or_audit	/mnt/h/vir/ST/results/step8_strokeniche_perturbmap/codex_handoff_strokeniche_UNAGI_like_63_68_20260602_011244/tables/track_dynamic_marker_regulator_65c_state_celltype_gene_clean_stroke_real_externaldb/step65_track_network_edges.csv	step65_track_network_edges.csv	.csv	202286	5424c1ed52770d072ac49913b3d8693f2d59411eb27ad3add064e03d6250ce32	zenodo_data_results_bundle/tables/Step65_track_dynamic_markers_regulators/step65_track_network_edges.csv	/mnt/h/vir/ST/results/step8_strokeniche_perturbmap/codex_handoff_strokeniche_UNAGI_like_63_68_20260602_011244/tables/track_dynamic_marker_regulator_65c_state_celltype_gene_clean_stroke_real_externaldb
Step65_track_dynamic_markers_regulators	source_table_or_audit	/mnt/h/vir/ST/results/step8_strokeniche_perturbmap/codex_handoff_strokeniche_UNAGI_like_63_68_20260602_011244/tables/track_dynamic_marker_regulator_65c_state_celltype_gene_clean_stroke_real_externaldb/step65_track_pathway_summary.csv	step65_track_pathway_summary.csv	.csv	28316	61a2363364beb94aeeb10bf5f0438566e292c8fae2005432d2eaf5ccc6c8bb2e	zenodo_data_results_bundle/tables/Step65_track_dynamic_markers_regulators/step65_track_pathway_summary.csv	/mnt/h/vir/ST/results/step8_strokeniche_perturbmap/codex_handoff_strokeniche_UNAGI_like_63_68_20260602_011244/tables/track_dynamic_marker_regulator_65c_state_celltype_gene_clean_stroke_real_externaldb
Step65_track_dynamic_markers_regulators	source_table_or_audit	/mnt/h/vir/ST/results/step8_strokeniche_perturbmap/codex_handoff_strokeniche_UNAGI_like_63_68_20260602_011244/tables/track_dynamic_marker_regulator_65c_state_celltype_gene_clean_stroke_real_externaldb/step65_track_regulator_summary.csv	step65_track_regulator_summary.csv	.csv	28316	61a2363364beb94aeeb10bf5f0438566e292c8fae2005432d2eaf5ccc6c8bb2e	zenodo_data_results_bundle/tables/Step65_track_dynamic_markers_regulators/step65_track_regulator_summary.csv	/mnt/h/vir/ST/results/step8_strokeniche_perturbmap/codex_handoff_strokeniche_UNAGI_like_63_68_20260602_011244/tables/track_dynamic_marker_regulator_65c_state_celltype_gene_clean_stroke_real_externaldb
Step65_track_dynamic_markers_regulators	source_table_or_audit	/mnt/h/vir/ST/results/step8_strokeniche_perturbmap/codex_handoff_strokeniche_UNAGI_like_63_68_20260602_011244/tables/track_dynamic_marker_regulator_65c_state_celltype_gene_clean_stroke_real_externaldb/step65c_external_gmt_candidates.csv	step65c_external_gmt_candidates.csv	.csv	6174	5892fa0e4ca417818db9e0aaceb6898726ac48b1f631b69c47a9a156e3a82581	zenodo_data_results_bundle/tables/Step65_track_dynamic_markers_regulators/step65c_external_gmt_candidates.csv	/mnt/h/vir/ST/results/step8_strokeniche_perturbmap/codex_handoff_strokeniche_UNAGI_like_63_68_20260602_011244/tables/track_dynamic_marker_regulator_65c_state_celltype_gene_clean_stroke_real_externaldb
Step65_track_dynamic_markers_regulators	source_table_or_audit	/mnt/h/vir/ST/results/step8_strokeniche_perturbmap/codex_handoff_strokeniche_UNAGI_like_63_68_20260602_011244/tables/track_dynamic_marker_regulator_65c_state_celltype_gene_clean_stroke_real_externaldb/step65c_external_regulator_candidates.csv	step65c_external_regulator_candidates.csv	.csv	656308	251b0d02434601c2411e1bb0b28650856557b68588a97e56ddb8c692e0353c21	zenodo_data_results_bundle/tables/Step65_track_dynamic_markers_regulators/step65c_external_regulator_candidates.csv	/mnt/h/vir/ST/results/step8_strokeniche_perturbmap/codex_handoff_strokeniche_UNAGI_like_63_68_20260602_011244/tables/track_dynamic_marker_regulator_65c_state_celltype_gene_clean_stroke_real_externaldb
Step65_track_dynamic_markers_regulators	source_table_or_audit	/mnt/h/vir/ST/results/step8_strokeniche_perturbmap/codex_handoff_strokeniche_UNAGI_like_63_68_20260602_011244/tables/track_dynamic_marker_regulator_65c_state_celltype_gene_clean_stroke_real_externaldb/step65c_filtered_stroke_relevant_expression.csv	step65c_filtered_stroke_relevant_expression.csv	.csv	19404334	205e730ce41659292fa22783cfaf809399585d01631b8066996dc29aede904e2	zenodo_data_results_bundle/tables/Step65_track_dynamic_markers_regulators/step65c_filtered_stroke_relevant_expression.csv	/mnt/h/vir/ST/results/step8_strokeniche_perturbmap/codex_handoff_strokeniche_UNAGI_like_63_68_20260602_011244/tables/track_dynamic_marker_regulator_65c_state_celltype_gene_clean_stroke_real_externaldb
Step65_track_dynamic_markers_regulators	source_table_or_audit	/mnt/h/vir/ST/results/step8_strokeniche_perturbmap/codex_handoff_strokeniche_UNAGI_like_63_68_20260602_011244/tables/track_dynamic_marker_regulator_65c_state_celltype_gene_clean_stroke_real_externaldb/step65c_gene_filter_audit.csv	step65c_gene_filter_audit.csv	.csv	774	007c0e9b42439c0322239c5d1598334413c837bca2a63bbc58cdd7a5d2bb9a39	zenodo_data_results_bundle/tables/Step65_track_dynamic_markers_regulators/step65c_gene_filter_audit.csv	/mnt/h/vir/ST/results/step8_strokeniche_perturbmap/codex_handoff_strokeniche_UNAGI_like_63_68_20260602_011244/tables/track_dynamic_marker_regulator_65c_state_celltype_gene_clean_stroke_real_externaldb
Step65_track_dynamic_markers_regulators	source_table_or_audit	/mnt/h/vir/ST/results/step8_strokeniche_perturbmap/codex_handoff_strokeniche_UNAGI_like_63_68_20260602_011244/tables/track_dynamic_marker_regulator_65c_state_celltype_gene_clean_stroke_real_externaldb/step65c_genes_kept.csv	step65c_genes_kept.csv	.csv	19989	7def3cf4b59abe1956a1e1df1947ba24cc9e48b5fc91e75c117492d942ef2e6e	zenodo_data_results_bundle/tables/Step65_track_dynamic_markers_regulators/step65c_genes_kept.csv	/mnt/h/vir/ST/results/step8_strokeniche_perturbmap/codex_handoff_strokeniche_UNAGI_like_63_68_20260602_011244/tables/track_dynamic_marker_regulator_65c_state_celltype_gene_clean_stroke_real_externaldb
Step65_track_dynamic_markers_regulators	source_table_or_audit	/mnt/h/vir/ST/results/step8_strokeniche_perturbmap/codex_handoff_strokeniche_UNAGI_like_63_68_20260602_011244/tables/track_dynamic_marker_regulator_65c_state_celltype_gene_clean_stroke_real_externaldb/step65c_genes_removed_blacklist.csv	step65c_genes_removed_blacklist.csv	.csv	345224	f2d7f0b197e6ddbb9b0681928319ec89b7b945544792b5172fe200c8f8e51fea	zenodo_data_results_bundle/tables/Step65_track_dynamic_markers_regulators/step65c_genes_removed_blacklist.csv	/mnt/h/vir/ST/results/step8_strokeniche_perturbmap/codex_handoff_strokeniche_UNAGI_like_63_68_20260602_011244/tables/track_dynamic_marker_regulator_65c_state_celltype_gene_clean_stroke_real_externaldb
Step65_track_dynamic_markers_regulators	source_table_or_audit	/mnt/h/vir/ST/results/step8_strokeniche_perturbmap/codex_handoff_strokeniche_UNAGI_like_63_68_20260602_011244/tables/track_dynamic_marker_regulator_65c_state_celltype_gene_clean_stroke_real_externaldb/step65c_stroke_gene_catalog_used.csv	step65c_stroke_gene_catalog_used.csv	.csv	10365	dc3d20e6ba355c8c064e29de4b19eb54398fa889056ea29670ba5a070e5fadf8	zenodo_data_results_bundle/tables/Step65_track_dynamic_markers_regulators/step65c_stroke_gene_catalog_used.csv	/mnt/h/vir/ST/results/step8_strokeniche_perturbmap/codex_handoff_strokeniche_UNAGI_like_63_68_20260602_011244/tables/track_dynamic_marker_regulator_65c_state_celltype_gene_clean_stroke_real_externaldb
Step65_track_dynamic_markers_regulators	source_table_or_audit	/mnt/h/vir/ST/results/step8_strokeniche_perturbmap/codex_handoff_strokeniche_UNAGI_like_63_68_20260602_011244/tables/track_dynamic_marker_regulator_65c_state_celltype_gene_clean_stroke_real_externaldb_no_encode_metadata/step65_regulator_enrichment.csv	step65_regulator_enrichment.csv	.csv	101821513	17303a76b43a9b35b2e4120cd477754276bb7e544a33b296fd1e59c4b3f32cc3	zenodo_data_results_bundle/tables/Step65_track_dynamic_markers_regulators/step65_regulator_enrichment.csv	/mnt/h/vir/ST/results/step8_strokeniche_perturbmap/codex_handoff_strokeniche_UNAGI_like_63_68_20260602_011244/tables/track_dynamic_marker_regulator_65c_state_celltype_gene_clean_stroke_real_externaldb_no_encode_metadata
Step65_track_dynamic_markers_regulators	source_table_or_audit	/mnt/h/vir/ST/results/step8_strokeniche_perturbmap/codex_handoff_strokeniche_UNAGI_like_63_68_20260602_011244/tables/track_dynamic_marker_regulator_65c_state_celltype_gene_clean_stroke_real_externaldb_no_encode_metadata/step65_track_dynamic_genes.csv	step65_track_dynamic_genes.csv	.csv	1975382	bc5fc0b8adfd7d306323a9e65609e2205b401a6ce30cb205d274a259673b0600	zenodo_data_results_bundle/tables/Step65_track_dynamic_markers_regulators/step65_track_dynamic_genes.csv	/mnt/h/vir/ST/results/step8_strokeniche_perturbmap/codex_handoff_strokeniche_UNAGI_like_63_68_20260602_011244/tables/track_dynamic_marker_regulator_65c_state_celltype_gene_clean_stroke_real_externaldb_no_encode_metadata
Step65_track_dynamic_markers_regulators	source_table_or_audit	/mnt/h/vir/ST/results/step8_strokeniche_perturbmap/codex_handoff_strokeniche_UNAGI_like_63_68_20260602_011244/tables/track_dynamic_marker_regulator_65c_state_celltype_gene_clean_stroke_real_externaldb_no_encode_metadata/step65_track_dynamic_marker_summary.csv	step65_track_dynamic_marker_summary.csv	.csv	58831	8fb03bdc192b14de87f191e780cc0aa2ed3d2cfef0264f4f4870c15fe785fd80	zenodo_data_results_bundle/tables/Step65_track_dynamic_markers_regulators/step65_track_dynamic_marker_summary.csv	/mnt/h/vir/ST/results/step8_strokeniche_perturbmap/codex_handoff_strokeniche_UNAGI_like_63_68_20260602_011244/tables/track_dynamic_marker_regulator_65c_state_celltype_gene_clean_stroke_real_externaldb_no_encode_metadata
Step65_track_dynamic_markers_regulators	source_table_or_audit	/mnt/h/vir/ST/results/step8_strokeniche_perturbmap/codex_handoff_strokeniche_UNAGI_like_63_68_20260602_011244/tables/track_dynamic_marker_regulator_65c_state_celltype_gene_clean_stroke_real_externaldb_no_encode_metadata/step65_track_dynamic_modules.csv	step65_track_dynamic_modules.csv	.csv	215624	d72f621f80cc24f1e817b95c9b5dceb17e74be11b5eb6d8142629775ee8f3428	zenodo_data_results_bundle/tables/Step65_track_dynamic_markers_regulators/step65_track_dynamic_modules.csv	/mnt/h/vir/ST/results/step8_strokeniche_perturbmap/codex_handoff_strokeniche_UNAGI_like_63_68_20260602_011244/tables/track_dynamic_marker_regulator_65c_state_celltype_gene_clean_stroke_real_externaldb_no_encode_metadata
Step65_track_dynamic_markers_regulators	source_table_or_audit	/mnt/h/vir/ST/results/step8_strokeniche_perturbmap/codex_handoff_strokeniche_UNAGI_like_63_68_20260602_011244/tables/track_dynamic_marker_regulator_65c_state_celltype_gene_clean_stroke_real_externaldb_no_encode_metadata/step65_track_feature_timepoint_means.genes.csv	step65_track_feature_timepoint_means.genes.csv	.csv	1845562	4abefdfe70cbf2a128db329e162a19bbb74e6d24f0b83360e289ab92d042dd33	zenodo_data_results_bundle/tables/Step65_track_dynamic_markers_regulators/step65_track_feature_timepoint_means.genes.csv	/mnt/h/vir/ST/results/step8_strokeniche_perturbmap/codex_handoff_strokeniche_UNAGI_like_63_68_20260602_011244/tables/track_dynamic_marker_regulator_65c_state_celltype_gene_clean_stroke_real_externaldb_no_encode_metadata
Step65_track_dynamic_markers_regulators	source_table_or_audit	/mnt/h/vir/ST/results/step8_strokeniche_perturbmap/codex_handoff_strokeniche_UNAGI_like_63_68_20260602_011244/tables/track_dynamic_marker_regulator_65c_state_celltype_gene_clean_stroke_real_externaldb_no_encode_metadata/step65_track_feature_timepoint_means.modules.csv	step65_track_feature_timepoint_means.modules.csv	.csv	247205	4cba84c06fd254048189d41a73c5f22c1ee8060524fe3397f42186077ad473b3	zenodo_data_results_bundle/tables/Step65_track_dynamic_markers_regulators/step65_track_feature_timepoint_means.modules.csv	/mnt/h/vir/ST/results/step8_strokeniche_perturbmap/codex_handoff_strokeniche_UNAGI_like_63_68_20260602_011244/tables/track_dynamic_marker_regulator_65c_state_celltype_gene_clean_stroke_real_externaldb_no_encode_metadata
Step65_track_dynamic_markers_regulators	source_table_or_audit	/mnt/h/vir/ST/results/step8_strokeniche_perturbmap/codex_handoff_strokeniche_UNAGI_like_63_68_20260602_011244/tables/track_dynamic_marker_regulator_65c_state_celltype_gene_clean_stroke_real_externaldb_no_encode_metadata/step65_track_marker_gene_sets.csv	step65_track_marker_gene_sets.csv	.csv	24271	2f33455ffbf2386de88939888eafcef6a78be5464d1c8c080c9f3ebdc5e715a2	zenodo_data_results_bundle/tables/Step65_track_dynamic_markers_regulators/step65_track_marker_gene_sets.csv	/mnt/h/vir/ST/results/step8_strokeniche_perturbmap/codex_handoff_strokeniche_UNAGI_like_63_68_20260602_011244/tables/track_dynamic_marker_regulator_65c_state_celltype_gene_clean_stroke_real_externaldb_no_encode_metadata
Step65_track_dynamic_markers_regulators	source_table_or_audit	/mnt/h/vir/ST/results/step8_strokeniche_perturbmap/codex_handoff_strokeniche_UNAGI_like_63_68_20260602_011244/tables/track_dynamic_marker_regulator_65c_state_celltype_gene_clean_stroke_real_externaldb_no_encode_metadata/step65_track_network_edges.csv	step65_track_network_edges.csv	.csv	202286	5424c1ed52770d072ac49913b3d8693f2d59411eb27ad3add064e03d6250ce32	zenodo_data_results_bundle/tables/Step65_track_dynamic_markers_regulators/step65_track_network_edges.csv	/mnt/h/vir/ST/results/step8_strokeniche_perturbmap/codex_handoff_strokeniche_UNAGI_like_63_68_20260602_011244/tables/track_dynamic_marker_regulator_65c_state_celltype_gene_clean_stroke_real_externaldb_no_encode_metadata
Step65_track_dynamic_markers_regulators	source_table_or_audit	/mnt/h/vir/ST/results/step8_strokeniche_perturbmap/codex_handoff_strokeniche_UNAGI_like_63_68_20260602_011244/tables/track_dynamic_marker_regulator_65c_state_celltype_gene_clean_stroke_real_externaldb_no_encode_metadata/step65_track_pathway_summary.csv	step65_track_pathway_summary.csv	.csv	28316	61a2363364beb94aeeb10bf5f0438566e292c8fae2005432d2eaf5ccc6c8bb2e	zenodo_data_results_bundle/tables/Step65_track_dynamic_markers_regulators/step65_track_pathway_summary.csv	/mnt/h/vir/ST/results/step8_strokeniche_perturbmap/codex_handoff_strokeniche_UNAGI_like_63_68_20260602_011244/tables/track_dynamic_marker_regulator_65c_state_celltype_gene_clean_stroke_real_externaldb_no_encode_metadata
Step65_track_dynamic_markers_regulators	source_table_or_audit	/mnt/h/vir/ST/results/step8_strokeniche_perturbmap/codex_handoff_strokeniche_UNAGI_like_63_68_20260602_011244/tables/track_dynamic_marker_regulator_65c_state_celltype_gene_clean_stroke_real_externaldb_no_encode_metadata/step65_track_regulator_summary.csv	step65_track_regulator_summary.csv	.csv	28316	61a2363364beb94aeeb10bf5f0438566e292c8fae2005432d2eaf5ccc6c8bb2e	zenodo_data_results_bundle/tables/Step65_track_dynamic_markers_regulators/step65_track_regulator_summary.csv	/mnt/h/vir/ST/results/step8_strokeniche_perturbmap/codex_handoff_strokeniche_UNAGI_like_63_68_20260602_011244/tables/track_dynamic_marker_regulator_65c_state_celltype_gene_clean_stroke_real_externaldb_no_encode_metadata
Step65_track_dynamic_markers_regulators	source_table_or_audit	/mnt/h/vir/ST/results/step8_strokeniche_perturbmap/codex_handoff_strokeniche_UNAGI_like_63_68_20260602_011244/tables/track_dynamic_marker_regulator_65c_state_celltype_gene_clean_stroke_real_externaldb_no_encode_metadata/step65c_external_gmt_candidates.csv	step65c_external_gmt_candidates.csv	.csv	2100	a05a8197aa0fff6fffe38c6607f343d9f98cb15bada824eeaddc740aa5392f4a	zenodo_data_results_bundle/tables/Step65_track_dynamic_markers_regulators/step65c_external_gmt_candidates.csv	/mnt/h/vir/ST/results/step8_strokeniche_perturbmap/codex_handoff_strokeniche_UNAGI_like_63_68_20260602_011244/tables/track_dynamic_marker_regulator_65c_state_celltype_gene_clean_stroke_real_externaldb_no_encode_metadata
Step65_track_dynamic_markers_regulators	source_table_or_audit	/mnt/h/vir/ST/results/step8_strokeniche_perturbmap/codex_handoff_strokeniche_UNAGI_like_63_68_20260602_011244/tables/track_dynamic_marker_regulator_65c_state_celltype_gene_clean_stroke_real_externaldb_no_encode_metadata/step65c_external_regulator_candidates.csv	step65c_external_regulator_candidates.csv	.csv	1	01ba4719c80b6fe911b091a7c05124b64eeece964e09c058ef8f9805daca546b	zenodo_data_results_bundle/tables/Step65_track_dynamic_markers_regulators/step65c_external_regulator_candidates.csv	/mnt/h/vir/ST/results/step8_strokeniche_perturbmap/codex_handoff_strokeniche_UNAGI_like_63_68_20260602_011244/tables/track_dynamic_marker_regulator_65c_state_celltype_gene_clean_stroke_real_externaldb_no_encode_metadata
Step65_track_dynamic_markers_regulators	source_table_or_audit	/mnt/h/vir/ST/results/step8_strokeniche_perturbmap/codex_handoff_strokeniche_UNAGI_like_63_68_20260602_011244/tables/track_dynamic_marker_regulator_65c_state_celltype_gene_clean_stroke_real_externaldb_no_encode_metadata/step65c_filtered_stroke_relevant_expression.csv	step65c_filtered_stroke_relevant_expression.csv	.csv	19404334	205e730ce41659292fa22783cfaf809399585d01631b8066996dc29aede904e2	zenodo_data_results_bundle/tables/Step65_track_dynamic_markers_regulators/step65c_filtered_stroke_relevant_expression.csv	/mnt/h/vir/ST/results/step8_strokeniche_perturbmap/codex_handoff_strokeniche_UNAGI_like_63_68_20260602_011244/tables/track_dynamic_marker_regulator_65c_state_celltype_gene_clean_stroke_real_externaldb_no_encode_metadata
Step65_track_dynamic_markers_regulators	source_table_or_audit	/mnt/h/vir/ST/results/step8_strokeniche_perturbmap/codex_handoff_strokeniche_UNAGI_like_63_68_20260602_011244/tables/track_dynamic_marker_regulator_65c_state_celltype_gene_clean_stroke_real_externaldb_no_encode_metadata/step65c_gene_filter_audit.csv	step65c_gene_filter_audit.csv	.csv	774	007c0e9b42439c0322239c5d1598334413c837bca2a63bbc58cdd7a5d2bb9a39	zenodo_data_results_bundle/tables/Step65_track_dynamic_markers_regulators/step65c_gene_filter_audit.csv	/mnt/h/vir/ST/results/step8_strokeniche_perturbmap/codex_handoff_strokeniche_UNAGI_like_63_68_20260602_011244/tables/track_dynamic_marker_regulator_65c_state_celltype_gene_clean_stroke_real_externaldb_no_encode_metadata
Step65_track_dynamic_markers_regulators	source_table_or_audit	/mnt/h/vir/ST/results/step8_strokeniche_perturbmap/codex_handoff_strokeniche_UNAGI_like_63_68_20260602_011244/tables/track_dynamic_marker_regulator_65c_state_celltype_gene_clean_stroke_real_externaldb_no_encode_metadata/step65c_genes_kept.csv	step65c_genes_kept.csv	.csv	19989	7def3cf4b59abe1956a1e1df1947ba24cc9e48b5fc91e75c117492d942ef2e6e	zenodo_data_results_bundle/tables/Step65_track_dynamic_markers_regulators/step65c_genes_kept.csv	/mnt/h/vir/ST/results/step8_strokeniche_perturbmap/codex_handoff_strokeniche_UNAGI_like_63_68_20260602_011244/tables/track_dynamic_marker_regulator_65c_state_celltype_gene_clean_stroke_real_externaldb_no_encode_metadata
Step65_track_dynamic_markers_regulators	source_table_or_audit	/mnt/h/vir/ST/results/step8_strokeniche_perturbmap/codex_handoff_strokeniche_UNAGI_like_63_68_20260602_011244/tables/track_dynamic_marker_regulator_65c_state_celltype_gene_clean_stroke_real_externaldb_no_encode_metadata/step65c_genes_removed_blacklist.csv	step65c_genes_removed_blacklist.csv	.csv	345224	f2d7f0b197e6ddbb9b0681928319ec89b7b945544792b5172fe200c8f8e51fea	zenodo_data_results_bundle/tables/Step65_track_dynamic_markers_regulators/step65c_genes_removed_blacklist.csv	/mnt/h/vir/ST/results/step8_strokeniche_perturbmap/codex_handoff_strokeniche_UNAGI_like_63_68_20260602_011244/tables/track_dynamic_marker_regulator_65c_state_celltype_gene_clean_stroke_real_externaldb_no_encode_metadata
Step65_track_dynamic_markers_regulators	source_table_or_audit	/mnt/h/vir/ST/results/step8_strokeniche_perturbmap/codex_handoff_strokeniche_UNAGI_like_63_68_20260602_011244/tables/track_dynamic_marker_regulator_65c_state_celltype_gene_clean_stroke_real_externaldb_no_encode_metadata/step65c_stroke_gene_catalog_used.csv	step65c_stroke_gene_catalog_used.csv	.csv	10365	dc3d20e6ba355c8c064e29de4b19eb54398fa889056ea29670ba5a070e5fadf8	zenodo_data_results_bundle/tables/Step65_track_dynamic_markers_regulators/step65c_stroke_gene_catalog_used.csv	/mnt/h/vir/ST/results/step8_strokeniche_perturbmap/codex_handoff_strokeniche_UNAGI_like_63_68_20260602_011244/tables/track_dynamic_marker_regulator_65c_state_celltype_gene_clean_stroke_real_externaldb_no_encode_metadata
Step65_track_dynamic_markers_regulators	source_table_or_audit	/mnt/h/vir/ST/results/step8_strokeniche_perturbmap/codex_handoff_strokeniche_UNAGI_like_63_68_20260602_011244/tables/track_dynamic_marker_regulator_65d_encode_chipseq_gmt_supplement/step65d_encode_chipseq_track_enrichment.csv	step65d_encode_chipseq_track_enrichment.csv	.csv	3924085	74435222579c084822b81dd99371e5258432150aa6ffcfd471987c29a8ec7858	zenodo_data_results_bundle/tables/Step65_track_dynamic_markers_regulators/step65d_encode_chipseq_track_enrichment.csv	/mnt/h/vir/ST/results/step8_strokeniche_perturbmap/codex_handoff_strokeniche_UNAGI_like_63_68_20260602_011244/tables/track_dynamic_marker_regulator_65d_encode_chipseq_gmt_supplement
Step65_track_dynamic_markers_regulators	source_table_or_audit	/mnt/h/vir/ST/results/step8_strokeniche_perturbmap/codex_handoff_strokeniche_UNAGI_like_63_68_20260602_011244/tables/track_dynamic_marker_regulator_65d_encode_chipseq_gmt_supplement/step65d_encode_chipseq_track_summary.csv	step65d_encode_chipseq_track_summary.csv	.csv	37082	08bddcd6ba7ed4a984744436f360aa94d4c36bc5782dabb312ebdb975d46e992	zenodo_data_results_bundle/tables/Step65_track_dynamic_markers_regulators/step65d_encode_chipseq_track_summary.csv	/mnt/h/vir/ST/results/step8_strokeniche_perturbmap/codex_handoff_strokeniche_UNAGI_like_63_68_20260602_011244/tables/track_dynamic_marker_regulator_65d_encode_chipseq_gmt_supplement
Step65_track_dynamic_markers_regulators	source_table_or_audit	/mnt/h/vir/ST/results/step8_strokeniche_perturbmap/codex_handoff_strokeniche_UNAGI_like_63_68_20260602_011244/tables/track_dynamic_marker_regulator_65e_encode_chipseq_housekeeping_filtered/step65e_dynamic_genes_cleaned_for_chipseq.csv	step65e_dynamic_genes_cleaned_for_chipseq.csv	.csv	1654481	73932c0309e5452f7b5e4e91e19273394844034c5d0dc544403b6cbd380018eb	zenodo_data_results_bundle/tables/Step65_track_dynamic_markers_regulators/step65e_dynamic_genes_cleaned_for_chipseq.csv	/mnt/h/vir/ST/results/step8_strokeniche_perturbmap/codex_handoff_strokeniche_UNAGI_like_63_68_20260602_011244/tables/track_dynamic_marker_regulator_65e_encode_chipseq_housekeeping_filtered
Step65_track_dynamic_markers_regulators	source_table_or_audit	/mnt/h/vir/ST/results/step8_strokeniche_perturbmap/codex_handoff_strokeniche_UNAGI_like_63_68_20260602_011244/tables/track_dynamic_marker_regulator_65e_encode_chipseq_housekeeping_filtered/step65e_dynamic_genes_removed_housekeeping.csv	step65e_dynamic_genes_removed_housekeeping.csv	.csv	89574	bbadf7b9d81cbe177ce7f724eba342ad056ef2063b9c268ca368d860c419ad2b	zenodo_data_results_bundle/tables/Step65_track_dynamic_markers_regulators/step65e_dynamic_genes_removed_housekeeping.csv	/mnt/h/vir/ST/results/step8_strokeniche_perturbmap/codex_handoff_strokeniche_UNAGI_like_63_68_20260602_011244/tables/track_dynamic_marker_regulator_65e_encode_chipseq_housekeeping_filtered
Step65_track_dynamic_markers_regulators	source_table_or_audit	/mnt/h/vir/ST/results/step8_strokeniche_perturbmap/codex_handoff_strokeniche_UNAGI_like_63_68_20260602_011244/tables/track_dynamic_marker_regulator_65e_encode_chipseq_housekeeping_filtered/step65e_encode_chipseq_gmt_edges_removed_housekeeping.csv	step65e_encode_chipseq_gmt_edges_removed_housekeeping.csv	.csv	6666872	00eccc751c6d67e7ff60adec0dc59b0f3670af5943039a14c3f6cd65a5c8d866	zenodo_data_results_bundle/tables/Step65_track_dynamic_markers_regulators/step65e_encode_chipseq_gmt_edges_removed_housekeeping.csv	/mnt/h/vir/ST/results/step8_strokeniche_perturbmap/codex_handoff_strokeniche_UNAGI_like_63_68_20260602_011244/tables/track_dynamic_marker_regulator_65e_encode_chipseq_housekeeping_filtered
Step65_track_dynamic_markers_regulators	source_table_or_audit	/mnt/h/vir/ST/results/step8_strokeniche_perturbmap/codex_handoff_strokeniche_UNAGI_like_63_68_20260602_011244/tables/track_dynamic_marker_regulator_65e_encode_chipseq_housekeeping_filtered/step65e_encode_chipseq_track_enrichment.cleaned.csv	step65e_encode_chipseq_track_enrichment.cleaned.csv	.csv	4093805	7a59f2984a666fbf642ca0266cdca94af1b48db8a29b81c0e9e82cfb69f40b4f	zenodo_data_results_bundle/tables/Step65_track_dynamic_markers_regulators/step65e_encode_chipseq_track_enrichment.cleaned.csv	/mnt/h/vir/ST/results/step8_strokeniche_perturbmap/codex_handoff_strokeniche_UNAGI_like_63_68_20260602_011244/tables/track_dynamic_marker_regulator_65e_encode_chipseq_housekeeping_filtered
Step65_track_dynamic_markers_regulators	source_table_or_audit	/mnt/h/vir/ST/results/step8_strokeniche_perturbmap/codex_handoff_strokeniche_UNAGI_like_63_68_20260602_011244/tables/track_dynamic_marker_regulator_65e_encode_chipseq_housekeeping_filtered/step65e_encode_chipseq_track_summary.cleaned.csv	step65e_encode_chipseq_track_summary.cleaned.csv	.csv	32707	c1804bb121c9c280b830857ebb3b481a550c2bca4ade3df23782232b53fc19cf	zenodo_data_results_bundle/tables/Step65_track_dynamic_markers_regulators/step65e_encode_chipseq_track_summary.cleaned.csv	/mnt/h/vir/ST/results/step8_strokeniche_perturbmap/codex_handoff_strokeniche_UNAGI_like_63_68_20260602_011244/tables/track_dynamic_marker_regulator_65e_encode_chipseq_housekeeping_filtered
Step65_track_dynamic_markers_regulators	source_table_or_audit	/mnt/h/vir/ST/results/step8_strokeniche_perturbmap/codex_handoff_strokeniche_UNAGI_like_63_68_20260602_011244/tables/track_dynamic_marker_regulator_65e_encode_chipseq_housekeeping_filtered/step65e_filter_audit_by_track.csv	step65e_filter_audit_by_track.csv	.csv	2957	53203a629f383b5ee9340c2b981e949d6f174e17b3f3f331c2cb494c66ed9224	zenodo_data_results_bundle/tables/Step65_track_dynamic_markers_regulators/step65e_filter_audit_by_track.csv	/mnt/h/vir/ST/results/step8_strokeniche_perturbmap/codex_handoff_strokeniche_UNAGI_like_63_68_20260602_011244/tables/track_dynamic_marker_regulator_65e_encode_chipseq_housekeeping_filtered
Step65_track_dynamic_markers_regulators	source_table_or_audit	/mnt/h/vir/ST/results/step8_strokeniche_perturbmap/codex_handoff_strokeniche_UNAGI_like_63_68_20260602_011244/tables/track_dynamic_marker_regulator_65e_encode_chipseq_housekeeping_filtered/step65e_housekeeping_blacklist_used.csv	step65e_housekeeping_blacklist_used.csv	.csv	1667	f4c39f32955e5fff607882887f6f9f2773785cb5493b686be241225b397d23d0	zenodo_data_results_bundle/tables/Step65_track_dynamic_markers_regulators/step65e_housekeeping_blacklist_used.csv	/mnt/h/vir/ST/results/step8_strokeniche_perturbmap/codex_handoff_strokeniche_UNAGI_like_63_68_20260602_011244/tables/track_dynamic_marker_regulator_65e_encode_chipseq_housekeeping_filtered
Step65_track_dynamic_markers_regulators	source_table_or_audit	/mnt/h/vir/ST/results/step8_strokeniche_perturbmap/codex_handoff_strokeniche_UNAGI_like_63_68_20260602_011244/tables/track_dynamic_marker_regulator_65e_encode_chipseq_housekeeping_filtered/step65e_removed_overlap_housekeeping_genes_from_65d.csv	step65e_removed_overlap_housekeeping_genes_from_65d.csv	.csv	1062305	4a89da70f06df6b42ccc7b1d52360582a185cd10ca2bc3cd855d879525504637	zenodo_data_results_bundle/tables/Step65_track_dynamic_markers_regulators/step65e_removed_overlap_housekeeping_genes_from_65d.csv	/mnt/h/vir/ST/results/step8_strokeniche_perturbmap/codex_handoff_strokeniche_UNAGI_like_63_68_20260602_011244/tables/track_dynamic_marker_regulator_65e_encode_chipseq_housekeeping_filtered
Step65_track_dynamic_markers_regulators	source_table_or_audit	/mnt/h/vir/ST/results/step8_strokeniche_perturbmap/codex_handoff_strokeniche_UNAGI_like_63_68_20260602_011244/tables/track_dynamic_marker_regulator_65e_encode_chipseq_housekeeping_filtered/step65e_track_marker_genes_after_filter.csv	step65e_track_marker_genes_after_filter.csv	.csv	7510	b8f289b8d5d9a4426c4a0e7c022352112ecf58a094c48b2578feb321f3f47d04	zenodo_data_results_bundle/tables/Step65_track_dynamic_markers_regulators/step65e_track_marker_genes_after_filter.csv	/mnt/h/vir/ST/results/step8_strokeniche_perturbmap/codex_handoff_strokeniche_UNAGI_like_63_68_20260602_011244/tables/track_dynamic_marker_regulator_65e_encode_chipseq_housekeeping_filtered
Step65_track_dynamic_markers_regulators	source_table_or_audit	/mnt/h/vir/ST/results/step8_strokeniche_perturbmap/track_dynamic_marker_regulator_65_kmeans/step65_regulator_database_used.csv	step65_regulator_database_used.csv	.csv	10088	520dfcde71c688cfb80829d1fdc0dcb4a9f4df06397de6927f789729aaae0d33	zenodo_data_results_bundle/tables/Step65_track_dynamic_markers_regulators/step65_regulator_database_used.csv	/mnt/h/vir/ST/results/step8_strokeniche_perturbmap/track_dynamic_marker_regulator_65_kmeans
Step65_track_dynamic_markers_regulators	source_table_or_audit	/mnt/h/vir/ST/results/step8_strokeniche_perturbmap/track_dynamic_marker_regulator_65_kmeans/step65_regulator_enrichment.csv	step65_regulator_enrichment.csv	.csv	22634	9ea67b7d2f9c0b27ffef83b5b6a43722c369c1555cccc35187cd224ea9d3c19e	zenodo_data_results_bundle/tables/Step65_track_dynamic_markers_regulators/step65_regulator_enrichment.csv	/mnt/h/vir/ST/results/step8_strokeniche_perturbmap/track_dynamic_marker_regulator_65_kmeans
Step65_track_dynamic_markers_regulators	source_table_or_audit	/mnt/h/vir/ST/results/step8_strokeniche_perturbmap/track_dynamic_marker_regulator_65_kmeans/step65_report.json	step65_report.json	.json	4304	2ad8bea66050eea97bc4d9338f2a9f701765adf38cd1ce05105bb6f2ea14c1a0	zenodo_data_results_bundle/tables/Step65_track_dynamic_markers_regulators/step65_report.json	/mnt/h/vir/ST/results/step8_strokeniche_perturbmap/track_dynamic_marker_regulator_65_kmeans
Step65_track_dynamic_markers_regulators	source_table_or_audit	/mnt/h/vir/ST/results/step8_strokeniche_perturbmap/track_dynamic_marker_regulator_65_kmeans/step65_report.txt	step65_report.txt	.txt	80710	8d70a9511bdb363cd31d1a4c1b810d81a169fecf5111cee770bf15571c681879	zenodo_data_results_bundle/tables/Step65_track_dynamic_markers_regulators/step65_report.txt	/mnt/h/vir/ST/results/step8_strokeniche_perturbmap/track_dynamic_marker_regulator_65_kmeans
Step65_track_dynamic_markers_regulators	source_table_or_audit	/mnt/h/vir/ST/results/step8_strokeniche_perturbmap/track_dynamic_marker_regulator_65_kmeans/step65_track_dynamic_genes.csv	step65_track_dynamic_genes.csv	.csv	1	01ba4719c80b6fe911b091a7c05124b64eeece964e09c058ef8f9805daca546b	zenodo_data_results_bundle/tables/Step65_track_dynamic_markers_regulators/step65_track_dynamic_genes.csv	/mnt/h/vir/ST/results/step8_strokeniche_perturbmap/track_dynamic_marker_regulator_65_kmeans
Step65_track_dynamic_markers_regulators	source_table_or_audit	/mnt/h/vir/ST/results/step8_strokeniche_perturbmap/track_dynamic_marker_regulator_65_kmeans/step65_track_dynamic_marker_summary.csv	step65_track_dynamic_marker_summary.csv	.csv	17853	96682803ff92f6bcdd188df647f44e9757d87267f85a572f987516033db75e66	zenodo_data_results_bundle/tables/Step65_track_dynamic_markers_regulators/step65_track_dynamic_marker_summary.csv	/mnt/h/vir/ST/results/step8_strokeniche_perturbmap/track_dynamic_marker_regulator_65_kmeans
Step65_track_dynamic_markers_regulators	source_table_or_audit	/mnt/h/vir/ST/results/step8_strokeniche_perturbmap/track_dynamic_marker_regulator_65_kmeans/step65_track_dynamic_modules.csv	step65_track_dynamic_modules.csv	.csv	216723	cafb3e4085617979f483c4696120e5618e2c0e67e603e06fe02466d94b82880a	zenodo_data_results_bundle/tables/Step65_track_dynamic_markers_regulators/step65_track_dynamic_modules.csv	/mnt/h/vir/ST/results/step8_strokeniche_perturbmap/track_dynamic_marker_regulator_65_kmeans
Step65_track_dynamic_markers_regulators	source_table_or_audit	/mnt/h/vir/ST/results/step8_strokeniche_perturbmap/track_dynamic_marker_regulator_65_kmeans/step65_track_feature_timepoint_means.genes.csv	step65_track_feature_timepoint_means.genes.csv	.csv	1	01ba4719c80b6fe911b091a7c05124b64eeece964e09c058ef8f9805daca546b	zenodo_data_results_bundle/tables/Step65_track_dynamic_markers_regulators/step65_track_feature_timepoint_means.genes.csv	/mnt/h/vir/ST/results/step8_strokeniche_perturbmap/track_dynamic_marker_regulator_65_kmeans
Step65_track_dynamic_markers_regulators	source_table_or_audit	/mnt/h/vir/ST/results/step8_strokeniche_perturbmap/track_dynamic_marker_regulator_65_kmeans/step65_track_feature_timepoint_means.modules.csv	step65_track_feature_timepoint_means.modules.csv	.csv	248101	78fbdf01dbab4de4a8137cd3cb2a5f329df7fbde0a0b1daaba4a916a19bae46b	zenodo_data_results_bundle/tables/Step65_track_dynamic_markers_regulators/step65_track_feature_timepoint_means.modules.csv	/mnt/h/vir/ST/results/step8_strokeniche_perturbmap/track_dynamic_marker_regulator_65_kmeans
Step65_track_dynamic_markers_regulators	source_table_or_audit	/mnt/h/vir/ST/results/step8_strokeniche_perturbmap/track_dynamic_marker_regulator_65_kmeans/step65_track_marker_gene_sets.csv	step65_track_marker_gene_sets.csv	.csv	8185	21aba95d40ac60d8c3d476fba8f407ae78200e01e8e29835a2a0a3474bed63b5	zenodo_data_results_bundle/tables/Step65_track_dynamic_markers_regulators/step65_track_marker_gene_sets.csv	/mnt/h/vir/ST/results/step8_strokeniche_perturbmap/track_dynamic_marker_regulator_65_kmeans
Step65_track_dynamic_markers_regulators	source_table_or_audit	/mnt/h/vir/ST/results/step8_strokeniche_perturbmap/track_dynamic_marker_regulator_65_kmeans/step65_track_network_edges.csv	step65_track_network_edges.csv	.csv	37061	06fbfd940f37eab1b084f4c46576ec73d848e142616fc25554ff68852eec729d	zenodo_data_results_bundle/tables/Step65_track_dynamic_markers_regulators/step65_track_network_edges.csv	/mnt/h/vir/ST/results/step8_strokeniche_perturbmap/track_dynamic_marker_regulator_65_kmeans
Step65_track_dynamic_markers_regulators	source_table_or_audit	/mnt/h/vir/ST/results/step8_strokeniche_perturbmap/track_dynamic_marker_regulator_65_kmeans/step65_track_pathway_summary.csv	step65_track_pathway_summary.csv	.csv	9865	8c3bcb735444e7fc786178f3d8a7bce62d99aadf802c9a5ffd375e6b781ff9cd	zenodo_data_results_bundle/tables/Step65_track_dynamic_markers_regulators/step65_track_pathway_summary.csv	/mnt/h/vir/ST/results/step8_strokeniche_perturbmap/track_dynamic_marker_regulator_65_kmeans
Step65_track_dynamic_markers_regulators	source_table_or_audit	/mnt/h/vir/ST/results/step8_strokeniche_perturbmap/track_dynamic_marker_regulator_65_kmeans/step65_track_regulator_summary.csv	step65_track_regulator_summary.csv	.csv	9865	8c3bcb735444e7fc786178f3d8a7bce62d99aadf802c9a5ffd375e6b781ff9cd	zenodo_data_results_bundle/tables/Step65_track_dynamic_markers_regulators/step65_track_regulator_summary.csv	/mnt/h/vir/ST/results/step8_strokeniche_perturbmap/track_dynamic_marker_regulator_65_kmeans
Step65_track_dynamic_markers_regulators	source_table_or_audit	/mnt/h/vir/ST/results/step8_strokeniche_perturbmap/track_dynamic_marker_regulator_65_state_celltype/step65_regulator_database_used.csv	step65_regulator_database_used.csv	.csv	10088	520dfcde71c688cfb80829d1fdc0dcb4a9f4df06397de6927f789729aaae0d33	zenodo_data_results_bundle/tables/Step65_track_dynamic_markers_regulators/step65_regulator_database_used.csv	/mnt/h/vir/ST/results/step8_strokeniche_perturbmap/track_dynamic_marker_regulator_65_state_celltype
Step65_track_dynamic_markers_regulators	source_table_or_audit	/mnt/h/vir/ST/results/step8_strokeniche_perturbmap/track_dynamic_marker_regulator_65_state_celltype/step65_regulator_enrichment.csv	step65_regulator_enrichment.csv	.csv	4667	cf156c5f4686b585e0a8a1d221f0a007f46d7872df125b75e8425ec6f7e802af	zenodo_data_results_bundle/tables/Step65_track_dynamic_markers_regulators/step65_regulator_enrichment.csv	/mnt/h/vir/ST/results/step8_strokeniche_perturbmap/track_dynamic_marker_regulator_65_state_celltype
Step65_track_dynamic_markers_regulators	source_table_or_audit	/mnt/h/vir/ST/results/step8_strokeniche_perturbmap/track_dynamic_marker_regulator_65_state_celltype/step65_report.json	step65_report.json	.json	4479	5457a092eb57675197dc94ab024ac066b90e1bae5a49269332d9aa7aa52db94f	zenodo_data_results_bundle/tables/Step65_track_dynamic_markers_regulators/step65_report.json	/mnt/h/vir/ST/results/step8_strokeniche_perturbmap/track_dynamic_marker_regulator_65_state_celltype
Step65_track_dynamic_markers_regulators	source_table_or_audit	/mnt/h/vir/ST/results/step8_strokeniche_perturbmap/track_dynamic_marker_regulator_65_state_celltype/step65_report.txt	step65_report.txt	.txt	38624	3ee9ed8feaf4fd9f1d6002fb51d0f769be2c6edd11727bcca72410f3aa9c4176	zenodo_data_results_bundle/tables/Step65_track_dynamic_markers_regulators/step65_report.txt	/mnt/h/vir/ST/results/step8_strokeniche_perturbmap/track_dynamic_marker_regulator_65_state_celltype
Step65_track_dynamic_markers_regulators	source_table_or_audit	/mnt/h/vir/ST/results/step8_strokeniche_perturbmap/track_dynamic_marker_regulator_65_state_celltype/step65_track_dynamic_genes.csv	step65_track_dynamic_genes.csv	.csv	1	01ba4719c80b6fe911b091a7c05124b64eeece964e09c058ef8f9805daca546b	zenodo_data_results_bundle/tables/Step65_track_dynamic_markers_regulators/step65_track_dynamic_genes.csv	/mnt/h/vir/ST/results/step8_strokeniche_perturbmap/track_dynamic_marker_regulator_65_state_celltype
Step65_track_dynamic_markers_regulators	source_table_or_audit	/mnt/h/vir/ST/results/step8_strokeniche_perturbmap/track_dynamic_marker_regulator_65_state_celltype/step65_track_dynamic_marker_summary.csv	step65_track_dynamic_marker_summary.csv	.csv	16688	dd9db387b9658a020ab50cb29148a1a95e88ca90cb102abb8bace66fa7e51291	zenodo_data_results_bundle/tables/Step65_track_dynamic_markers_regulators/step65_track_dynamic_marker_summary.csv	/mnt/h/vir/ST/results/step8_strokeniche_perturbmap/track_dynamic_marker_regulator_65_state_celltype
Step65_track_dynamic_markers_regulators	source_table_or_audit	/mnt/h/vir/ST/results/step8_strokeniche_perturbmap/track_dynamic_marker_regulator_65_state_celltype/step65_track_dynamic_modules.csv	step65_track_dynamic_modules.csv	.csv	215624	d72f621f80cc24f1e817b95c9b5dceb17e74be11b5eb6d8142629775ee8f3428	zenodo_data_results_bundle/tables/Step65_track_dynamic_markers_regulators/step65_track_dynamic_modules.csv	/mnt/h/vir/ST/results/step8_strokeniche_perturbmap/track_dynamic_marker_regulator_65_state_celltype
Step65_track_dynamic_markers_regulators	source_table_or_audit	/mnt/h/vir/ST/results/step8_strokeniche_perturbmap/track_dynamic_marker_regulator_65_state_celltype/step65_track_feature_timepoint_means.genes.csv	step65_track_feature_timepoint_means.genes.csv	.csv	1	01ba4719c80b6fe911b091a7c05124b64eeece964e09c058ef8f9805daca546b	zenodo_data_results_bundle/tables/Step65_track_dynamic_markers_regulators/step65_track_feature_timepoint_means.genes.csv	/mnt/h/vir/ST/results/step8_strokeniche_perturbmap/track_dynamic_marker_regulator_65_state_celltype
Step65_track_dynamic_markers_regulators	source_table_or_audit	/mnt/h/vir/ST/results/step8_strokeniche_perturbmap/track_dynamic_marker_regulator_65_state_celltype/step65_track_feature_timepoint_means.modules.csv	step65_track_feature_timepoint_means.modules.csv	.csv	247205	4cba84c06fd254048189d41a73c5f22c1ee8060524fe3397f42186077ad473b3	zenodo_data_results_bundle/tables/Step65_track_dynamic_markers_regulators/step65_track_feature_timepoint_means.modules.csv	/mnt/h/vir/ST/results/step8_strokeniche_perturbmap/track_dynamic_marker_regulator_65_state_celltype
Step65_track_dynamic_markers_regulators	source_table_or_audit	/mnt/h/vir/ST/results/step8_strokeniche_perturbmap/track_dynamic_marker_regulator_65_state_celltype/step65_track_marker_gene_sets.csv	step65_track_marker_gene_sets.csv	.csv	5573	f115a91b3c60072b7b61c7d2990f883cfdd9d1f3279d178c55376bb6ca965e7e	zenodo_data_results_bundle/tables/Step65_track_dynamic_markers_regulators/step65_track_marker_gene_sets.csv	/mnt/h/vir/ST/results/step8_strokeniche_perturbmap/track_dynamic_marker_regulator_65_state_celltype
Step65_track_dynamic_markers_regulators	source_table_or_audit	/mnt/h/vir/ST/results/step8_strokeniche_perturbmap/track_dynamic_marker_regulator_65_state_celltype/step65_track_network_edges.csv	step65_track_network_edges.csv	.csv	8018	1e6fe3461d28aee2912991846f3bb3f8cdf2a795f9ed99d5e276c6bea03b540e	zenodo_data_results_bundle/tables/Step65_track_dynamic_markers_regulators/step65_track_network_edges.csv	/mnt/h/vir/ST/results/step8_strokeniche_perturbmap/track_dynamic_marker_regulator_65_state_celltype
Step65_track_dynamic_markers_regulators	source_table_or_audit	/mnt/h/vir/ST/results/step8_strokeniche_perturbmap/track_dynamic_marker_regulator_65_state_celltype/step65_track_pathway_summary.csv	step65_track_pathway_summary.csv	.csv	2896	acd5a570cafa2e8197f15cea2581a6d1bb9353268571093640c2c9da9b35ca2e	zenodo_data_results_bundle/tables/Step65_track_dynamic_markers_regulators/step65_track_pathway_summary.csv	/mnt/h/vir/ST/results/step8_strokeniche_perturbmap/track_dynamic_marker_regulator_65_state_celltype
Step65_track_dynamic_markers_regulators	source_table_or_audit	/mnt/h/vir/ST/results/step8_strokeniche_perturbmap/track_dynamic_marker_regulator_65_state_celltype/step65_track_regulator_summary.csv	step65_track_regulator_summary.csv	.csv	2896	acd5a570cafa2e8197f15cea2581a6d1bb9353268571093640c2c9da9b35ca2e	zenodo_data_results_bundle/tables/Step65_track_dynamic_markers_regulators/step65_track_regulator_summary.csv	/mnt/h/vir/ST/results/step8_strokeniche_perturbmap/track_dynamic_marker_regulator_65_state_celltype
Step65_track_dynamic_markers_regulators	source_table_or_audit	/mnt/h/vir/ST/results/step8_strokeniche_perturbmap/track_dynamic_marker_regulator_65b_kmeans_gene_auto/step65_regulator_database_used.csv	step65_regulator_database_used.csv	.csv	89061	3735f4339adee311f9826de4ed5318721f49448897a10a7d47beb27d055c7bec	zenodo_data_results_bundle/tables/Step65_track_dynamic_markers_regulators/step65_regulator_database_used.csv	/mnt/h/vir/ST/results/step8_strokeniche_perturbmap/track_dynamic_marker_regulator_65b_kmeans_gene_auto
Step65_track_dynamic_markers_regulators	source_table_or_audit	/mnt/h/vir/ST/results/step8_strokeniche_perturbmap/track_dynamic_marker_regulator_65b_kmeans_gene_auto/step65_regulator_enrichment.csv	step65_regulator_enrichment.csv	.csv	230254	6f401093682ad51e0ecbe2deb598e2cf8aa984f467ec09c5d3aa0b351e94e762	zenodo_data_results_bundle/tables/Step65_track_dynamic_markers_regulators/step65_regulator_enrichment.csv	/mnt/h/vir/ST/results/step8_strokeniche_perturbmap/track_dynamic_marker_regulator_65b_kmeans_gene_auto
Step65_track_dynamic_markers_regulators	source_table_or_audit	/mnt/h/vir/ST/results/step8_strokeniche_perturbmap/track_dynamic_marker_regulator_65b_kmeans_gene_auto/step65_report.json	step65_report.json	.json	4583	f3416c36a006f67fda702be9888afef4bcd45a59e253ab5386ae1ee232dd929b	zenodo_data_results_bundle/tables/Step65_track_dynamic_markers_regulators/step65_report.json	/mnt/h/vir/ST/results/step8_strokeniche_perturbmap/track_dynamic_marker_regulator_65b_kmeans_gene_auto
Step65_track_dynamic_markers_regulators	source_table_or_audit	/mnt/h/vir/ST/results/step8_strokeniche_perturbmap/track_dynamic_marker_regulator_65b_kmeans_gene_auto/step65_report.txt	step65_report.txt	.txt	140307	9a2f2a362332a0392c2f08e0386f35a7d0f349b4a8c403b522616f80f6dc9d3a	zenodo_data_results_bundle/tables/Step65_track_dynamic_markers_regulators/step65_report.txt	/mnt/h/vir/ST/results/step8_strokeniche_perturbmap/track_dynamic_marker_regulator_65b_kmeans_gene_auto
Step65_track_dynamic_markers_regulators	source_table_or_audit	/mnt/h/vir/ST/results/step8_strokeniche_perturbmap/track_dynamic_marker_regulator_65b_kmeans_gene_auto/step65_track_dynamic_genes.csv	step65_track_dynamic_genes.csv	.csv	22179639	6dbe0b48c4c25b2dd37647a6b4db18fc17dd186cca45f1edf322ade711c0fa2a	zenodo_data_results_bundle/tables/Step65_track_dynamic_markers_regulators/step65_track_dynamic_genes.csv	/mnt/h/vir/ST/results/step8_strokeniche_perturbmap/track_dynamic_marker_regulator_65b_kmeans_gene_auto
Step65_track_dynamic_markers_regulators	source_table_or_audit	/mnt/h/vir/ST/results/step8_strokeniche_perturbmap/track_dynamic_marker_regulator_65b_kmeans_gene_auto/step65_track_dynamic_marker_summary.csv	step65_track_dynamic_marker_summary.csv	.csv	66775	b48c8c6247f29d11cf343a336a48552f5006e551c28427dd65b1826354f09448	zenodo_data_results_bundle/tables/Step65_track_dynamic_markers_regulators/step65_track_dynamic_marker_summary.csv	/mnt/h/vir/ST/results/step8_strokeniche_perturbmap/track_dynamic_marker_regulator_65b_kmeans_gene_auto
Step65_track_dynamic_markers_regulators	source_table_or_audit	/mnt/h/vir/ST/results/step8_strokeniche_perturbmap/track_dynamic_marker_regulator_65b_kmeans_gene_auto/step65_track_dynamic_modules.csv	step65_track_dynamic_modules.csv	.csv	216723	cafb3e4085617979f483c4696120e5618e2c0e67e603e06fe02466d94b82880a	zenodo_data_results_bundle/tables/Step65_track_dynamic_markers_regulators/step65_track_dynamic_modules.csv	/mnt/h/vir/ST/results/step8_strokeniche_perturbmap/track_dynamic_marker_regulator_65b_kmeans_gene_auto
Step65_track_dynamic_markers_regulators	source_table_or_audit	/mnt/h/vir/ST/results/step8_strokeniche_perturbmap/track_dynamic_marker_regulator_65b_kmeans_gene_auto/step65_track_feature_timepoint_means.genes.csv	step65_track_feature_timepoint_means.genes.csv	.csv	22229680	bfe5868a1f25f92fdf15c340b1da9185377dae827ede917e1bad0a4f38ae00fc	zenodo_data_results_bundle/tables/Step65_track_dynamic_markers_regulators/step65_track_feature_timepoint_means.genes.csv	/mnt/h/vir/ST/results/step8_strokeniche_perturbmap/track_dynamic_marker_regulator_65b_kmeans_gene_auto
Step65_track_dynamic_markers_regulators	source_table_or_audit	/mnt/h/vir/ST/results/step8_strokeniche_perturbmap/track_dynamic_marker_regulator_65b_kmeans_gene_auto/step65_track_feature_timepoint_means.modules.csv	step65_track_feature_timepoint_means.modules.csv	.csv	248101	78fbdf01dbab4de4a8137cd3cb2a5f329df7fbde0a0b1daaba4a916a19bae46b	zenodo_data_results_bundle/tables/Step65_track_dynamic_markers_regulators/step65_track_feature_timepoint_means.modules.csv	/mnt/h/vir/ST/results/step8_strokeniche_perturbmap/track_dynamic_marker_regulator_65b_kmeans_gene_auto
Step65_track_dynamic_markers_regulators	source_table_or_audit	/mnt/h/vir/ST/results/step8_strokeniche_perturbmap/track_dynamic_marker_regulator_65b_kmeans_gene_auto/step65_track_marker_gene_sets.csv	step65_track_marker_gene_sets.csv	.csv	30695	f48f7de86bebee453d21df2da31d76d3a4d2ffa694cd508cd5690f265a21e4b4	zenodo_data_results_bundle/tables/Step65_track_dynamic_markers_regulators/step65_track_marker_gene_sets.csv	/mnt/h/vir/ST/results/step8_strokeniche_perturbmap/track_dynamic_marker_regulator_65b_kmeans_gene_auto
Step65_track_dynamic_markers_regulators	source_table_or_audit	/mnt/h/vir/ST/results/step8_strokeniche_perturbmap/track_dynamic_marker_regulator_65b_kmeans_gene_auto/step65_track_network_edges.csv	step65_track_network_edges.csv	.csv	111347	58932620f59c65fd70b94af158377bf3930a91a14908fa2f7be4ba8892356570	zenodo_data_results_bundle/tables/Step65_track_dynamic_markers_regulators/step65_track_network_edges.csv	/mnt/h/vir/ST/results/step8_strokeniche_perturbmap/track_dynamic_marker_regulator_65b_kmeans_gene_auto
Step65_track_dynamic_markers_regulators	source_table_or_audit	/mnt/h/vir/ST/results/step8_strokeniche_perturbmap/track_dynamic_marker_regulator_65b_kmeans_gene_auto/step65_track_pathway_summary.csv	step65_track_pathway_summary.csv	.csv	26960	7083c9913e1ca75031128fae9d9ecbb166935a611c9149402be6fd553ff05bc6	zenodo_data_results_bundle/tables/Step65_track_dynamic_markers_regulators/step65_track_pathway_summary.csv	/mnt/h/vir/ST/results/step8_strokeniche_perturbmap/track_dynamic_marker_regulator_65b_kmeans_gene_auto
Step65_track_dynamic_markers_regulators	source_table_or_audit	/mnt/h/vir/ST/results/step8_strokeniche_perturbmap/track_dynamic_marker_regulator_65b_kmeans_gene_auto/step65_track_regulator_summary.csv	step65_track_regulator_summary.csv	.csv	26960	7083c9913e1ca75031128fae9d9ecbb166935a611c9149402be6fd553ff05bc6	zenodo_data_results_bundle/tables/Step65_track_dynamic_markers_regulators/step65_track_regulator_summary.csv	/mnt/h/vir/ST/results/step8_strokeniche_perturbmap/track_dynamic_marker_regulator_65b_kmeans_gene_auto
Step65_track_dynamic_markers_regulators	source_table_or_audit	/mnt/h/vir/ST/results/step8_strokeniche_perturbmap/track_dynamic_marker_regulator_65b_kmeans_gene_auto/step65b_combined_regulator_targets.csv	step65b_combined_regulator_targets.csv	.csv	202276	9dfa7ab4a02b513395884422366100783aaa2eab6632f7143420721a9651be86	zenodo_data_results_bundle/tables/Step65_track_dynamic_markers_regulators/step65b_combined_regulator_targets.csv	/mnt/h/vir/ST/results/step8_strokeniche_perturbmap/track_dynamic_marker_regulator_65b_kmeans_gene_auto
Step65_track_dynamic_markers_regulators	source_table_or_audit	/mnt/h/vir/ST/results/step8_strokeniche_perturbmap/track_dynamic_marker_regulator_65b_kmeans_gene_auto/step65b_detection_report.txt	step65b_detection_report.txt	.txt	41906	38510f35501db49754a9cea1336f788405f25eb10b3479ad54c2e5fc12e75e92	zenodo_data_results_bundle/tables/Step65_track_dynamic_markers_regulators/step65b_detection_report.txt	/mnt/h/vir/ST/results/step8_strokeniche_perturbmap/track_dynamic_marker_regulator_65b_kmeans_gene_auto
Step65_track_dynamic_markers_regulators	source_table_or_audit	/mnt/h/vir/ST/results/step8_strokeniche_perturbmap/track_dynamic_marker_regulator_65b_kmeans_gene_auto/step65b_expression_candidates.csv	step65b_expression_candidates.csv	.csv	895407	601166b45b0fd5337beb4737031cce721030653b61c3ba8352bae92923a9dd3c	zenodo_data_results_bundle/tables/Step65_track_dynamic_markers_regulators/step65b_expression_candidates.csv	/mnt/h/vir/ST/results/step8_strokeniche_perturbmap/track_dynamic_marker_regulator_65b_kmeans_gene_auto
Step65_track_dynamic_markers_regulators	source_table_or_audit	/mnt/h/vir/ST/results/step8_strokeniche_perturbmap/track_dynamic_marker_regulator_65b_kmeans_gene_auto/step65b_gmt_candidates.csv	step65b_gmt_candidates.csv	.csv	1	01ba4719c80b6fe911b091a7c05124b64eeece964e09c058ef8f9805daca546b	zenodo_data_results_bundle/tables/Step65_track_dynamic_markers_regulators/step65b_gmt_candidates.csv	/mnt/h/vir/ST/results/step8_strokeniche_perturbmap/track_dynamic_marker_regulator_65b_kmeans_gene_auto
Step65_track_dynamic_markers_regulators	source_table_or_audit	/mnt/h/vir/ST/results/step8_strokeniche_perturbmap/track_dynamic_marker_regulator_65b_kmeans_gene_auto/step65b_regulator_candidates.csv	step65b_regulator_candidates.csv	.csv	105893	1dc281a867d263b8a0d236d4e780c457c667b491000edfe77e3c944ffed318e2	zenodo_data_results_bundle/tables/Step65_track_dynamic_markers_regulators/step65b_regulator_candidates.csv	/mnt/h/vir/ST/results/step8_strokeniche_perturbmap/track_dynamic_marker_regulator_65b_kmeans_gene_auto
Step65_track_dynamic_markers_regulators	source_table_or_audit	/mnt/h/vir/ST/results/step8_strokeniche_perturbmap/track_dynamic_marker_regulator_65b_kmeans_gene_auto/step65b_selected_resources.json	step65b_selected_resources.json	.json	21849	8ed19b886697362e94d8d1592fa3acce924a52e0ff111d166e63ae81cafb762f	zenodo_data_results_bundle/tables/Step65_track_dynamic_markers_regulators/step65b_selected_resources.json	/mnt/h/vir/ST/results/step8_strokeniche_perturbmap/track_dynamic_marker_regulator_65b_kmeans_gene_auto
Step65_track_dynamic_markers_regulators	source_table_or_audit	/mnt/h/vir/ST/results/step8_strokeniche_perturbmap/track_dynamic_marker_regulator_65b_state_celltype_gene_auto/step65_regulator_database_used.csv	step65_regulator_database_used.csv	.csv	63001	32054c578711b86a491f4e48bd8286571db2649619b887c1143c253079818d0a	zenodo_data_results_bundle/tables/Step65_track_dynamic_markers_regulators/step65_regulator_database_used.csv	/mnt/h/vir/ST/results/step8_strokeniche_perturbmap/track_dynamic_marker_regulator_65b_state_celltype_gene_auto
Step65_track_dynamic_markers_regulators	source_table_or_audit	/mnt/h/vir/ST/results/step8_strokeniche_perturbmap/track_dynamic_marker_regulator_65b_state_celltype_gene_auto/step65_regulator_enrichment.csv	step65_regulator_enrichment.csv	.csv	132058	ed9848ec3d9b7dd83fbbfeffdbdfb6f39f1ba1bd409d61206a073d7b8aad0356	zenodo_data_results_bundle/tables/Step65_track_dynamic_markers_regulators/step65_regulator_enrichment.csv	/mnt/h/vir/ST/results/step8_strokeniche_perturbmap/track_dynamic_marker_regulator_65b_state_celltype_gene_auto
Step65_track_dynamic_markers_regulators	source_table_or_audit	/mnt/h/vir/ST/results/step8_strokeniche_perturbmap/track_dynamic_marker_regulator_65b_state_celltype_gene_auto/step65_report.json	step65_report.json	.json	4757	980688da92856cd968cc5d3438f1f24112bae2a0fa15e8097172916ab17fe28b	zenodo_data_results_bundle/tables/Step65_track_dynamic_markers_regulators/step65_report.json	/mnt/h/vir/ST/results/step8_strokeniche_perturbmap/track_dynamic_marker_regulator_65b_state_celltype_gene_auto
Step65_track_dynamic_markers_regulators	source_table_or_audit	/mnt/h/vir/ST/results/step8_strokeniche_perturbmap/track_dynamic_marker_regulator_65b_state_celltype_gene_auto/step65_report.txt	step65_report.txt	.txt	132910	f73ffcf6301a193dc49ef1f3e07bd148682353e339ef26b65a0c396dcb50c896	zenodo_data_results_bundle/tables/Step65_track_dynamic_markers_regulators/step65_report.txt	/mnt/h/vir/ST/results/step8_strokeniche_perturbmap/track_dynamic_marker_regulator_65b_state_celltype_gene_auto
Step65_track_dynamic_markers_regulators	source_table_or_audit	/mnt/h/vir/ST/results/step8_strokeniche_perturbmap/track_dynamic_marker_regulator_65b_state_celltype_gene_auto/step65_track_dynamic_genes.csv	step65_track_dynamic_genes.csv	.csv	22087723	fde1d7840a64676f2f0ebc4f6faf14c79435ca6f9b0cd0edede930201e8de79b	zenodo_data_results_bundle/tables/Step65_track_dynamic_markers_regulators/step65_track_dynamic_genes.csv	/mnt/h/vir/ST/results/step8_strokeniche_perturbmap/track_dynamic_marker_regulator_65b_state_celltype_gene_auto
Step65_track_dynamic_markers_regulators	source_table_or_audit	/mnt/h/vir/ST/results/step8_strokeniche_perturbmap/track_dynamic_marker_regulator_65b_state_celltype_gene_auto/step65_track_dynamic_marker_summary.csv	step65_track_dynamic_marker_summary.csv	.csv	58743	19892fbbdfeedb588b7ae16dfba711a5b69511066826313064c2d93dc7c209e7	zenodo_data_results_bundle/tables/Step65_track_dynamic_markers_regulators/step65_track_dynamic_marker_summary.csv	/mnt/h/vir/ST/results/step8_strokeniche_perturbmap/track_dynamic_marker_regulator_65b_state_celltype_gene_auto
Step65_track_dynamic_markers_regulators	source_table_or_audit	/mnt/h/vir/ST/results/step8_strokeniche_perturbmap/track_dynamic_marker_regulator_65b_state_celltype_gene_auto/step65_track_dynamic_modules.csv	step65_track_dynamic_modules.csv	.csv	215624	d72f621f80cc24f1e817b95c9b5dceb17e74be11b5eb6d8142629775ee8f3428	zenodo_data_results_bundle/tables/Step65_track_dynamic_markers_regulators/step65_track_dynamic_modules.csv	/mnt/h/vir/ST/results/step8_strokeniche_perturbmap/track_dynamic_marker_regulator_65b_state_celltype_gene_auto
Step65_track_dynamic_markers_regulators	source_table_or_audit	/mnt/h/vir/ST/results/step8_strokeniche_perturbmap/track_dynamic_marker_regulator_65b_state_celltype_gene_auto/step65_track_feature_timepoint_means.genes.csv	step65_track_feature_timepoint_means.genes.csv	.csv	22395258	0874b682462a2fa1c7d2c9d102431607971cbdd6e9cf64a35e269b7b5d137f7f	zenodo_data_results_bundle/tables/Step65_track_dynamic_markers_regulators/step65_track_feature_timepoint_means.genes.csv	/mnt/h/vir/ST/results/step8_strokeniche_perturbmap/track_dynamic_marker_regulator_65b_state_celltype_gene_auto
Step65_track_dynamic_markers_regulators	source_table_or_audit	/mnt/h/vir/ST/results/step8_strokeniche_perturbmap/track_dynamic_marker_regulator_65b_state_celltype_gene_auto/step65_track_feature_timepoint_means.modules.csv	step65_track_feature_timepoint_means.modules.csv	.csv	247205	4cba84c06fd254048189d41a73c5f22c1ee8060524fe3397f42186077ad473b3	zenodo_data_results_bundle/tables/Step65_track_dynamic_markers_regulators/step65_track_feature_timepoint_means.modules.csv	/mnt/h/vir/ST/results/step8_strokeniche_perturbmap/track_dynamic_marker_regulator_65b_state_celltype_gene_auto
Step65_track_dynamic_markers_regulators	source_table_or_audit	/mnt/h/vir/ST/results/step8_strokeniche_perturbmap/track_dynamic_marker_regulator_65b_state_celltype_gene_auto/step65_track_marker_gene_sets.csv	step65_track_marker_gene_sets.csv	.csv	25247	30fcef8474de6860d08bb127fe8809ee2bfe0f37aeafac7967821a0b3d9c4cb1	zenodo_data_results_bundle/tables/Step65_track_dynamic_markers_regulators/step65_track_marker_gene_sets.csv	/mnt/h/vir/ST/results/step8_strokeniche_perturbmap/track_dynamic_marker_regulator_65b_state_celltype_gene_auto
Step65_track_dynamic_markers_regulators	source_table_or_audit	/mnt/h/vir/ST/results/step8_strokeniche_perturbmap/track_dynamic_marker_regulator_65b_state_celltype_gene_auto/step65_track_network_edges.csv	step65_track_network_edges.csv	.csv	74877	0fcdca6c5fd5dd5ca5a586c0cdeb77ab30eb7219b8f1340931599698088763e1	zenodo_data_results_bundle/tables/Step65_track_dynamic_markers_regulators/step65_track_network_edges.csv	/mnt/h/vir/ST/results/step8_strokeniche_perturbmap/track_dynamic_marker_regulator_65b_state_celltype_gene_auto
Step65_track_dynamic_markers_regulators	source_table_or_audit	/mnt/h/vir/ST/results/step8_strokeniche_perturbmap/track_dynamic_marker_regulator_65b_state_celltype_gene_auto/step65_track_pathway_summary.csv	step65_track_pathway_summary.csv	.csv	22582	edb3cd4b1cc41c583f7757b70e61e1baff3ab1fe538f6436eca8d8e140632c11	zenodo_data_results_bundle/tables/Step65_track_dynamic_markers_regulators/step65_track_pathway_summary.csv	/mnt/h/vir/ST/results/step8_strokeniche_perturbmap/track_dynamic_marker_regulator_65b_state_celltype_gene_auto
Step65_track_dynamic_markers_regulators	source_table_or_audit	/mnt/h/vir/ST/results/step8_strokeniche_perturbmap/track_dynamic_marker_regulator_65b_state_celltype_gene_auto/step65_track_regulator_summary.csv	step65_track_regulator_summary.csv	.csv	22582	edb3cd4b1cc41c583f7757b70e61e1baff3ab1fe538f6436eca8d8e140632c11	zenodo_data_results_bundle/tables/Step65_track_dynamic_markers_regulators/step65_track_regulator_summary.csv	/mnt/h/vir/ST/results/step8_strokeniche_perturbmap/track_dynamic_marker_regulator_65b_state_celltype_gene_auto
Step65_track_dynamic_markers_regulators	source_table_or_audit	/mnt/h/vir/ST/results/step8_strokeniche_perturbmap/track_dynamic_marker_regulator_65b_state_celltype_gene_auto/step65b_combined_regulator_targets.csv	step65b_combined_regulator_targets.csv	.csv	121336	53426e88a982c7aeac759566d2f86120711592a09c3febdee17a8ef7d1d1d1a4	zenodo_data_results_bundle/tables/Step65_track_dynamic_markers_regulators/step65b_combined_regulator_targets.csv	/mnt/h/vir/ST/results/step8_strokeniche_perturbmap/track_dynamic_marker_regulator_65b_state_celltype_gene_auto
Step65_track_dynamic_markers_regulators	source_table_or_audit	/mnt/h/vir/ST/results/step8_strokeniche_perturbmap/track_dynamic_marker_regulator_65b_state_celltype_gene_auto/step65b_detection_report.txt	step65b_detection_report.txt	.txt	42184	beb16fc0697256e107acaad19a0a6a7cc410599eea3b4ae670d3da6c6c0a3ebc	zenodo_data_results_bundle/tables/Step65_track_dynamic_markers_regulators/step65b_detection_report.txt	/mnt/h/vir/ST/results/step8_strokeniche_perturbmap/track_dynamic_marker_regulator_65b_state_celltype_gene_auto
Step65_track_dynamic_markers_regulators	source_table_or_audit	/mnt/h/vir/ST/results/step8_strokeniche_perturbmap/track_dynamic_marker_regulator_65b_state_celltype_gene_auto/step65b_expression_candidates.csv	step65b_expression_candidates.csv	.csv	895407	ec0a36004eac7d27e02d35136af38422c6bdd37c02d7b8478ae32e91712b92b3	zenodo_data_results_bundle/tables/Step65_track_dynamic_markers_regulators/step65b_expression_candidates.csv	/mnt/h/vir/ST/results/step8_strokeniche_perturbmap/track_dynamic_marker_regulator_65b_state_celltype_gene_auto
Step65_track_dynamic_markers_regulators	source_table_or_audit	/mnt/h/vir/ST/results/step8_strokeniche_perturbmap/track_dynamic_marker_regulator_65b_state_celltype_gene_auto/step65b_gmt_candidates.csv	step65b_gmt_candidates.csv	.csv	1	01ba4719c80b6fe911b091a7c05124b64eeece964e09c058ef8f9805daca546b	zenodo_data_results_bundle/tables/Step65_track_dynamic_markers_regulators/step65b_gmt_candidates.csv	/mnt/h/vir/ST/results/step8_strokeniche_perturbmap/track_dynamic_marker_regulator_65b_state_celltype_gene_auto
Step65_track_dynamic_markers_regulators	source_table_or_audit	/mnt/h/vir/ST/results/step8_strokeniche_perturbmap/track_dynamic_marker_regulator_65b_state_celltype_gene_auto/step65b_regulator_candidates.csv	step65b_regulator_candidates.csv	.csv	90113	037833e9ce06528c071d19c656de0ba3f3adf0888377e559ff6f8c19389f8428	zenodo_data_results_bundle/tables/Step65_track_dynamic_markers_regulators/step65b_regulator_candidates.csv	/mnt/h/vir/ST/results/step8_strokeniche_perturbmap/track_dynamic_marker_regulator_65b_state_celltype_gene_auto
Step65_track_dynamic_markers_regulators	source_table_or_audit	/mnt/h/vir/ST/results/step8_strokeniche_perturbmap/track_dynamic_marker_regulator_65b_state_celltype_gene_auto/step65b_selected_resources.json	step65b_selected_resources.json	.json	21746	6d5f279e48cb552eddfc48ebd25dd2edb394d77e103e56ff9d6bd6cd8a656dc5	zenodo_data_results_bundle/tables/Step65_track_dynamic_markers_regulators/step65b_selected_resources.json	/mnt/h/vir/ST/results/step8_strokeniche_perturbmap/track_dynamic_marker_regulator_65b_state_celltype_gene_auto
Step65_track_dynamic_markers_regulators	source_table_or_audit	/mnt/h/vir/ST/results/step8_strokeniche_perturbmap/track_dynamic_marker_regulator_65c_state_celltype_gene_clean_stroke_externaldb/step65c_detection_report.txt	step65c_detection_report.txt	.txt	61175	d34a137e25384e3154a4979c944afd58c80602a9271570f7885103aa78885630	zenodo_data_results_bundle/tables/Step65_track_dynamic_markers_regulators/step65c_detection_report.txt	/mnt/h/vir/ST/results/step8_strokeniche_perturbmap/track_dynamic_marker_regulator_65c_state_celltype_gene_clean_stroke_externaldb
Step65_track_dynamic_markers_regulators	source_table_or_audit	/mnt/h/vir/ST/results/step8_strokeniche_perturbmap/track_dynamic_marker_regulator_65c_state_celltype_gene_clean_stroke_externaldb/step65c_external_gmt_candidates.csv	step65c_external_gmt_candidates.csv	.csv	1	01ba4719c80b6fe911b091a7c05124b64eeece964e09c058ef8f9805daca546b	zenodo_data_results_bundle/tables/Step65_track_dynamic_markers_regulators/step65c_external_gmt_candidates.csv	/mnt/h/vir/ST/results/step8_strokeniche_perturbmap/track_dynamic_marker_regulator_65c_state_celltype_gene_clean_stroke_externaldb
Step65_track_dynamic_markers_regulators	source_table_or_audit	/mnt/h/vir/ST/results/step8_strokeniche_perturbmap/track_dynamic_marker_regulator_65c_state_celltype_gene_clean_stroke_externaldb/step65c_external_regulator_candidates.csv	step65c_external_regulator_candidates.csv	.csv	632195	9963024d37554359628995a3977a08b5eae9eb06dee54e1bd7ababdbf97913cc	zenodo_data_results_bundle/tables/Step65_track_dynamic_markers_regulators/step65c_external_regulator_candidates.csv	/mnt/h/vir/ST/results/step8_strokeniche_perturbmap/track_dynamic_marker_regulator_65c_state_celltype_gene_clean_stroke_externaldb
Step65_track_dynamic_markers_regulators	source_table_or_audit	/mnt/h/vir/ST/results/step8_strokeniche_perturbmap/track_dynamic_marker_regulator_65c_state_celltype_gene_clean_stroke_externaldb/step65c_filtered_stroke_relevant_expression.csv	step65c_filtered_stroke_relevant_expression.csv	.csv	19404334	205e730ce41659292fa22783cfaf809399585d01631b8066996dc29aede904e2	zenodo_data_results_bundle/tables/Step65_track_dynamic_markers_regulators/step65c_filtered_stroke_relevant_expression.csv	/mnt/h/vir/ST/results/step8_strokeniche_perturbmap/track_dynamic_marker_regulator_65c_state_celltype_gene_clean_stroke_externaldb
Step65_track_dynamic_markers_regulators	source_table_or_audit	/mnt/h/vir/ST/results/step8_strokeniche_perturbmap/track_dynamic_marker_regulator_65c_state_celltype_gene_clean_stroke_externaldb/step65c_gene_filter_audit.csv	step65c_gene_filter_audit.csv	.csv	774	007c0e9b42439c0322239c5d1598334413c837bca2a63bbc58cdd7a5d2bb9a39	zenodo_data_results_bundle/tables/Step65_track_dynamic_markers_regulators/step65c_gene_filter_audit.csv	/mnt/h/vir/ST/results/step8_strokeniche_perturbmap/track_dynamic_marker_regulator_65c_state_celltype_gene_clean_stroke_externaldb
Step65_track_dynamic_markers_regulators	source_table_or_audit	/mnt/h/vir/ST/results/step8_strokeniche_perturbmap/track_dynamic_marker_regulator_65c_state_celltype_gene_clean_stroke_externaldb/step65c_genes_kept.csv	step65c_genes_kept.csv	.csv	19989	7def3cf4b59abe1956a1e1df1947ba24cc9e48b5fc91e75c117492d942ef2e6e	zenodo_data_results_bundle/tables/Step65_track_dynamic_markers_regulators/step65c_genes_kept.csv	/mnt/h/vir/ST/results/step8_strokeniche_perturbmap/track_dynamic_marker_regulator_65c_state_celltype_gene_clean_stroke_externaldb
Step65_track_dynamic_markers_regulators	source_table_or_audit	/mnt/h/vir/ST/results/step8_strokeniche_perturbmap/track_dynamic_marker_regulator_65c_state_celltype_gene_clean_stroke_externaldb/step65c_genes_removed_blacklist.csv	step65c_genes_removed_blacklist.csv	.csv	345224	f2d7f0b197e6ddbb9b0681928319ec89b7b945544792b5172fe200c8f8e51fea	zenodo_data_results_bundle/tables/Step65_track_dynamic_markers_regulators/step65c_genes_removed_blacklist.csv	/mnt/h/vir/ST/results/step8_strokeniche_perturbmap/track_dynamic_marker_regulator_65c_state_celltype_gene_clean_stroke_externaldb
Step65_track_dynamic_markers_regulators	source_table_or_audit	/mnt/h/vir/ST/results/step8_strokeniche_perturbmap/track_dynamic_marker_regulator_65c_state_celltype_gene_clean_stroke_externaldb/step65c_selected_resources.json	step65c_selected_resources.json	.json	7067	75716f5c82931f7c66d657511113fffacd8dbf03c4929435a1ee7d8d9549fadb	zenodo_data_results_bundle/tables/Step65_track_dynamic_markers_regulators/step65c_selected_resources.json	/mnt/h/vir/ST/results/step8_strokeniche_perturbmap/track_dynamic_marker_regulator_65c_state_celltype_gene_clean_stroke_externaldb
Step65_track_dynamic_markers_regulators	source_table_or_audit	/mnt/h/vir/ST/results/step8_strokeniche_perturbmap/track_dynamic_marker_regulator_65c_state_celltype_gene_clean_stroke_externaldb/step65c_stroke_gene_catalog_used.csv	step65c_stroke_gene_catalog_used.csv	.csv	10365	dc3d20e6ba355c8c064e29de4b19eb54398fa889056ea29670ba5a070e5fadf8	zenodo_data_results_bundle/tables/Step65_track_dynamic_markers_regulators/step65c_stroke_gene_catalog_used.csv	/mnt/h/vir/ST/results/step8_strokeniche_perturbmap/track_dynamic_marker_regulator_65c_state_celltype_gene_clean_stroke_externaldb
Step65_track_dynamic_markers_regulators	source_table_or_audit	/mnt/h/vir/ST/results/step8_strokeniche_perturbmap/track_dynamic_marker_regulator_65c_state_celltype_gene_clean_stroke_no_externaldb/step65_regulator_database_used.csv	step65_regulator_database_used.csv	.csv	10088	520dfcde71c688cfb80829d1fdc0dcb4a9f4df06397de6927f789729aaae0d33	zenodo_data_results_bundle/tables/Step65_track_dynamic_markers_regulators/step65_regulator_database_used.csv	/mnt/h/vir/ST/results/step8_strokeniche_perturbmap/track_dynamic_marker_regulator_65c_state_celltype_gene_clean_stroke_no_externaldb
Step65_track_dynamic_markers_regulators	source_table_or_audit	/mnt/h/vir/ST/results/step8_strokeniche_perturbmap/track_dynamic_marker_regulator_65c_state_celltype_gene_clean_stroke_no_externaldb/step65_regulator_enrichment.csv	step65_regulator_enrichment.csv	.csv	115633	afb117e382c6dafff7a280368739275c43fa96883513220034208885ec6af657	zenodo_data_results_bundle/tables/Step65_track_dynamic_markers_regulators/step65_regulator_enrichment.csv	/mnt/h/vir/ST/results/step8_strokeniche_perturbmap/track_dynamic_marker_regulator_65c_state_celltype_gene_clean_stroke_no_externaldb
Step65_track_dynamic_markers_regulators	source_table_or_audit	/mnt/h/vir/ST/results/step8_strokeniche_perturbmap/track_dynamic_marker_regulator_65c_state_celltype_gene_clean_stroke_no_externaldb/step65_report.json	step65_report.json	.json	5298	4f19804cdc961822b0a188a05099e4de105b2a02f8a811d83560de1535656469	zenodo_data_results_bundle/tables/Step65_track_dynamic_markers_regulators/step65_report.json	/mnt/h/vir/ST/results/step8_strokeniche_perturbmap/track_dynamic_marker_regulator_65c_state_celltype_gene_clean_stroke_no_externaldb
Step65_track_dynamic_markers_regulators	source_table_or_audit	/mnt/h/vir/ST/results/step8_strokeniche_perturbmap/track_dynamic_marker_regulator_65c_state_celltype_gene_clean_stroke_no_externaldb/step65_report.txt	step65_report.txt	.txt	133447	344dace3593a2ce8116a5746ef91cc904dcb0b76e6c06663d9d7e845047baef4	zenodo_data_results_bundle/tables/Step65_track_dynamic_markers_regulators/step65_report.txt	/mnt/h/vir/ST/results/step8_strokeniche_perturbmap/track_dynamic_marker_regulator_65c_state_celltype_gene_clean_stroke_no_externaldb
Step65_track_dynamic_markers_regulators	source_table_or_audit	/mnt/h/vir/ST/results/step8_strokeniche_perturbmap/track_dynamic_marker_regulator_65c_state_celltype_gene_clean_stroke_no_externaldb/step65_track_dynamic_genes.csv	step65_track_dynamic_genes.csv	.csv	1975382	bc5fc0b8adfd7d306323a9e65609e2205b401a6ce30cb205d274a259673b0600	zenodo_data_results_bundle/tables/Step65_track_dynamic_markers_regulators/step65_track_dynamic_genes.csv	/mnt/h/vir/ST/results/step8_strokeniche_perturbmap/track_dynamic_marker_regulator_65c_state_celltype_gene_clean_stroke_no_externaldb
Step65_track_dynamic_markers_regulators	source_table_or_audit	/mnt/h/vir/ST/results/step8_strokeniche_perturbmap/track_dynamic_marker_regulator_65c_state_celltype_gene_clean_stroke_no_externaldb/step65_track_dynamic_marker_summary.csv	step65_track_dynamic_marker_summary.csv	.csv	58831	8fb03bdc192b14de87f191e780cc0aa2ed3d2cfef0264f4f4870c15fe785fd80	zenodo_data_results_bundle/tables/Step65_track_dynamic_markers_regulators/step65_track_dynamic_marker_summary.csv	/mnt/h/vir/ST/results/step8_strokeniche_perturbmap/track_dynamic_marker_regulator_65c_state_celltype_gene_clean_stroke_no_externaldb
Step65_track_dynamic_markers_regulators	source_table_or_audit	/mnt/h/vir/ST/results/step8_strokeniche_perturbmap/track_dynamic_marker_regulator_65c_state_celltype_gene_clean_stroke_no_externaldb/step65_track_dynamic_modules.csv	step65_track_dynamic_modules.csv	.csv	215624	d72f621f80cc24f1e817b95c9b5dceb17e74be11b5eb6d8142629775ee8f3428	zenodo_data_results_bundle/tables/Step65_track_dynamic_markers_regulators/step65_track_dynamic_modules.csv	/mnt/h/vir/ST/results/step8_strokeniche_perturbmap/track_dynamic_marker_regulator_65c_state_celltype_gene_clean_stroke_no_externaldb
Step65_track_dynamic_markers_regulators	source_table_or_audit	/mnt/h/vir/ST/results/step8_strokeniche_perturbmap/track_dynamic_marker_regulator_65c_state_celltype_gene_clean_stroke_no_externaldb/step65_track_feature_timepoint_means.genes.csv	step65_track_feature_timepoint_means.genes.csv	.csv	1845562	4abefdfe70cbf2a128db329e162a19bbb74e6d24f0b83360e289ab92d042dd33	zenodo_data_results_bundle/tables/Step65_track_dynamic_markers_regulators/step65_track_feature_timepoint_means.genes.csv	/mnt/h/vir/ST/results/step8_strokeniche_perturbmap/track_dynamic_marker_regulator_65c_state_celltype_gene_clean_stroke_no_externaldb
Step65_track_dynamic_markers_regulators	source_table_or_audit	/mnt/h/vir/ST/results/step8_strokeniche_perturbmap/track_dynamic_marker_regulator_65c_state_celltype_gene_clean_stroke_no_externaldb/step65_track_feature_timepoint_means.modules.csv	step65_track_feature_timepoint_means.modules.csv	.csv	247205	4cba84c06fd254048189d41a73c5f22c1ee8060524fe3397f42186077ad473b3	zenodo_data_results_bundle/tables/Step65_track_dynamic_markers_regulators/step65_track_feature_timepoint_means.modules.csv	/mnt/h/vir/ST/results/step8_strokeniche_perturbmap/track_dynamic_marker_regulator_65c_state_celltype_gene_clean_stroke_no_externaldb
Step65_track_dynamic_markers_regulators	source_table_or_audit	/mnt/h/vir/ST/results/step8_strokeniche_perturbmap/track_dynamic_marker_regulator_65c_state_celltype_gene_clean_stroke_no_externaldb/step65_track_marker_gene_sets.csv	step65_track_marker_gene_sets.csv	.csv	24271	2f33455ffbf2386de88939888eafcef6a78be5464d1c8c080c9f3ebdc5e715a2	zenodo_data_results_bundle/tables/Step65_track_dynamic_markers_regulators/step65_track_marker_gene_sets.csv	/mnt/h/vir/ST/results/step8_strokeniche_perturbmap/track_dynamic_marker_regulator_65c_state_celltype_gene_clean_stroke_no_externaldb
Step65_track_dynamic_markers_regulators	source_table_or_audit	/mnt/h/vir/ST/results/step8_strokeniche_perturbmap/track_dynamic_marker_regulator_65c_state_celltype_gene_clean_stroke_no_externaldb/step65_track_network_edges.csv	step65_track_network_edges.csv	.csv	110504	c619449e7300d4a1bbf4e0cc83d62a376a5df39b01d469c2190cc3f2b4cc59b7	zenodo_data_results_bundle/tables/Step65_track_dynamic_markers_regulators/step65_track_network_edges.csv	/mnt/h/vir/ST/results/step8_strokeniche_perturbmap/track_dynamic_marker_regulator_65c_state_celltype_gene_clean_stroke_no_externaldb
Step65_track_dynamic_markers_regulators	source_table_or_audit	/mnt/h/vir/ST/results/step8_strokeniche_perturbmap/track_dynamic_marker_regulator_65c_state_celltype_gene_clean_stroke_no_externaldb/step65_track_pathway_summary.csv	step65_track_pathway_summary.csv	.csv	24251	39521b623793e1a2d091207f296c58372f7ed9af57903bcefd2108995bf58b15	zenodo_data_results_bundle/tables/Step65_track_dynamic_markers_regulators/step65_track_pathway_summary.csv	/mnt/h/vir/ST/results/step8_strokeniche_perturbmap/track_dynamic_marker_regulator_65c_state_celltype_gene_clean_stroke_no_externaldb
Step65_track_dynamic_markers_regulators	source_table_or_audit	/mnt/h/vir/ST/results/step8_strokeniche_perturbmap/track_dynamic_marker_regulator_65c_state_celltype_gene_clean_stroke_no_externaldb/step65_track_regulator_summary.csv	step65_track_regulator_summary.csv	.csv	24251	39521b623793e1a2d091207f296c58372f7ed9af57903bcefd2108995bf58b15	zenodo_data_results_bundle/tables/Step65_track_dynamic_markers_regulators/step65_track_regulator_summary.csv	/mnt/h/vir/ST/results/step8_strokeniche_perturbmap/track_dynamic_marker_regulator_65c_state_celltype_gene_clean_stroke_no_externaldb
Step65_track_dynamic_markers_regulators	source_table_or_audit	/mnt/h/vir/ST/results/step8_strokeniche_perturbmap/track_dynamic_marker_regulator_65c_state_celltype_gene_clean_stroke_no_externaldb/step65c_detection_report.txt	step65c_detection_report.txt	.txt	61193	fd73b2fb75d5185f697e39b876e9d1b55509282b65c1534bfde4166b386b3b30	zenodo_data_results_bundle/tables/Step65_track_dynamic_markers_regulators/step65c_detection_report.txt	/mnt/h/vir/ST/results/step8_strokeniche_perturbmap/track_dynamic_marker_regulator_65c_state_celltype_gene_clean_stroke_no_externaldb
Step65_track_dynamic_markers_regulators	source_table_or_audit	/mnt/h/vir/ST/results/step8_strokeniche_perturbmap/track_dynamic_marker_regulator_65c_state_celltype_gene_clean_stroke_no_externaldb/step65c_external_gmt_candidates.csv	step65c_external_gmt_candidates.csv	.csv	1	01ba4719c80b6fe911b091a7c05124b64eeece964e09c058ef8f9805daca546b	zenodo_data_results_bundle/tables/Step65_track_dynamic_markers_regulators/step65c_external_gmt_candidates.csv	/mnt/h/vir/ST/results/step8_strokeniche_perturbmap/track_dynamic_marker_regulator_65c_state_celltype_gene_clean_stroke_no_externaldb
Step65_track_dynamic_markers_regulators	source_table_or_audit	/mnt/h/vir/ST/results/step8_strokeniche_perturbmap/track_dynamic_marker_regulator_65c_state_celltype_gene_clean_stroke_no_externaldb/step65c_external_regulator_candidates.csv	step65c_external_regulator_candidates.csv	.csv	632195	9963024d37554359628995a3977a08b5eae9eb06dee54e1bd7ababdbf97913cc	zenodo_data_results_bundle/tables/Step65_track_dynamic_markers_regulators/step65c_external_regulator_candidates.csv	/mnt/h/vir/ST/results/step8_strokeniche_perturbmap/track_dynamic_marker_regulator_65c_state_celltype_gene_clean_stroke_no_externaldb
Step65_track_dynamic_markers_regulators	source_table_or_audit	/mnt/h/vir/ST/results/step8_strokeniche_perturbmap/track_dynamic_marker_regulator_65c_state_celltype_gene_clean_stroke_no_externaldb/step65c_filtered_stroke_relevant_expression.csv	step65c_filtered_stroke_relevant_expression.csv	.csv	19404334	205e730ce41659292fa22783cfaf809399585d01631b8066996dc29aede904e2	zenodo_data_results_bundle/tables/Step65_track_dynamic_markers_regulators/step65c_filtered_stroke_relevant_expression.csv	/mnt/h/vir/ST/results/step8_strokeniche_perturbmap/track_dynamic_marker_regulator_65c_state_celltype_gene_clean_stroke_no_externaldb
Step65_track_dynamic_markers_regulators	source_table_or_audit	/mnt/h/vir/ST/results/step8_strokeniche_perturbmap/track_dynamic_marker_regulator_65c_state_celltype_gene_clean_stroke_no_externaldb/step65c_gene_filter_audit.csv	step65c_gene_filter_audit.csv	.csv	774	007c0e9b42439c0322239c5d1598334413c837bca2a63bbc58cdd7a5d2bb9a39	zenodo_data_results_bundle/tables/Step65_track_dynamic_markers_regulators/step65c_gene_filter_audit.csv	/mnt/h/vir/ST/results/step8_strokeniche_perturbmap/track_dynamic_marker_regulator_65c_state_celltype_gene_clean_stroke_no_externaldb
Step65_track_dynamic_markers_regulators	source_table_or_audit	/mnt/h/vir/ST/results/step8_strokeniche_perturbmap/track_dynamic_marker_regulator_65c_state_celltype_gene_clean_stroke_no_externaldb/step65c_genes_kept.csv	step65c_genes_kept.csv	.csv	19989	7def3cf4b59abe1956a1e1df1947ba24cc9e48b5fc91e75c117492d942ef2e6e	zenodo_data_results_bundle/tables/Step65_track_dynamic_markers_regulators/step65c_genes_kept.csv	/mnt/h/vir/ST/results/step8_strokeniche_perturbmap/track_dynamic_marker_regulator_65c_state_celltype_gene_clean_stroke_no_externaldb
Step65_track_dynamic_markers_regulators	source_table_or_audit	/mnt/h/vir/ST/results/step8_strokeniche_perturbmap/track_dynamic_marker_regulator_65c_state_celltype_gene_clean_stroke_no_externaldb/step65c_genes_removed_blacklist.csv	step65c_genes_removed_blacklist.csv	.csv	345224	f2d7f0b197e6ddbb9b0681928319ec89b7b945544792b5172fe200c8f8e51fea	zenodo_data_results_bundle/tables/Step65_track_dynamic_markers_regulators/step65c_genes_removed_blacklist.csv	/mnt/h/vir/ST/results/step8_strokeniche_perturbmap/track_dynamic_marker_regulator_65c_state_celltype_gene_clean_stroke_no_externaldb
Step65_track_dynamic_markers_regulators	source_table_or_audit	/mnt/h/vir/ST/results/step8_strokeniche_perturbmap/track_dynamic_marker_regulator_65c_state_celltype_gene_clean_stroke_no_externaldb/step65c_selected_resources.json	step65c_selected_resources.json	.json	7082	fda32744f31a5e4dfa0e2d9fc3002642282b7f1c93a6449317f3765be88c597a	zenodo_data_results_bundle/tables/Step65_track_dynamic_markers_regulators/step65c_selected_resources.json	/mnt/h/vir/ST/results/step8_strokeniche_perturbmap/track_dynamic_marker_regulator_65c_state_celltype_gene_clean_stroke_no_externaldb
Step65_track_dynamic_markers_regulators	source_table_or_audit	/mnt/h/vir/ST/results/step8_strokeniche_perturbmap/track_dynamic_marker_regulator_65c_state_celltype_gene_clean_stroke_no_externaldb/step65c_stroke_gene_catalog_used.csv	step65c_stroke_gene_catalog_used.csv	.csv	10365	dc3d20e6ba355c8c064e29de4b19eb54398fa889056ea29670ba5a070e5fadf8	zenodo_data_results_bundle/tables/Step65_track_dynamic_markers_regulators/step65c_stroke_gene_catalog_used.csv	/mnt/h/vir/ST/results/step8_strokeniche_perturbmap/track_dynamic_marker_regulator_65c_state_celltype_gene_clean_stroke_no_externaldb
Step65_track_dynamic_markers_regulators	source_table_or_audit	/mnt/h/vir/ST/results/step8_strokeniche_perturbmap/track_dynamic_marker_regulator_65c_state_celltype_gene_clean_stroke_real_externaldb/step65_regulator_database_used.csv	step65_regulator_database_used.csv	.csv	167993046	b7d1e0d826c41dd354fa0d401c7c7858577c406c33cf333f87a6b2f505059943	zenodo_data_results_bundle/tables/Step65_track_dynamic_markers_regulators/step65_regulator_database_used.csv	/mnt/h/vir/ST/results/step8_strokeniche_perturbmap/track_dynamic_marker_regulator_65c_state_celltype_gene_clean_stroke_real_externaldb
Step65_track_dynamic_markers_regulators	source_table_or_audit	/mnt/h/vir/ST/results/step8_strokeniche_perturbmap/track_dynamic_marker_regulator_65c_state_celltype_gene_clean_stroke_real_externaldb/step65_regulator_enrichment.csv	step65_regulator_enrichment.csv	.csv	101821513	17303a76b43a9b35b2e4120cd477754276bb7e544a33b296fd1e59c4b3f32cc3	zenodo_data_results_bundle/tables/Step65_track_dynamic_markers_regulators/step65_regulator_enrichment.csv	/mnt/h/vir/ST/results/step8_strokeniche_perturbmap/track_dynamic_marker_regulator_65c_state_celltype_gene_clean_stroke_real_externaldb
Step65_track_dynamic_markers_regulators	source_table_or_audit	/mnt/h/vir/ST/results/step8_strokeniche_perturbmap/track_dynamic_marker_regulator_65c_state_celltype_gene_clean_stroke_real_externaldb/step65_report.json	step65_report.json	.json	5345	b584f25a150259331cff204a8235c719a9e183b9823dc43a7e6aef872ff23fcc	zenodo_data_results_bundle/tables/Step65_track_dynamic_markers_regulators/step65_report.json	/mnt/h/vir/ST/results/step8_strokeniche_perturbmap/track_dynamic_marker_regulator_65c_state_celltype_gene_clean_stroke_real_externaldb
Step65_track_dynamic_markers_regulators	source_table_or_audit	/mnt/h/vir/ST/results/step8_strokeniche_perturbmap/track_dynamic_marker_regulator_65c_state_celltype_gene_clean_stroke_real_externaldb/step65_report.txt	step65_report.txt	.txt	161691	85251da53ad9d72f31636546e9fa8459760e89c15e37747e3557bd5b263920bf	zenodo_data_results_bundle/tables/Step65_track_dynamic_markers_regulators/step65_report.txt	/mnt/h/vir/ST/results/step8_strokeniche_perturbmap/track_dynamic_marker_regulator_65c_state_celltype_gene_clean_stroke_real_externaldb
Step65_track_dynamic_markers_regulators	source_table_or_audit	/mnt/h/vir/ST/results/step8_strokeniche_perturbmap/track_dynamic_marker_regulator_65c_state_celltype_gene_clean_stroke_real_externaldb/step65_track_dynamic_genes.csv	step65_track_dynamic_genes.csv	.csv	1975382	bc5fc0b8adfd7d306323a9e65609e2205b401a6ce30cb205d274a259673b0600	zenodo_data_results_bundle/tables/Step65_track_dynamic_markers_regulators/step65_track_dynamic_genes.csv	/mnt/h/vir/ST/results/step8_strokeniche_perturbmap/track_dynamic_marker_regulator_65c_state_celltype_gene_clean_stroke_real_externaldb
Step65_track_dynamic_markers_regulators	source_table_or_audit	/mnt/h/vir/ST/results/step8_strokeniche_perturbmap/track_dynamic_marker_regulator_65c_state_celltype_gene_clean_stroke_real_externaldb/step65_track_dynamic_marker_summary.csv	step65_track_dynamic_marker_summary.csv	.csv	58831	8fb03bdc192b14de87f191e780cc0aa2ed3d2cfef0264f4f4870c15fe785fd80	zenodo_data_results_bundle/tables/Step65_track_dynamic_markers_regulators/step65_track_dynamic_marker_summary.csv	/mnt/h/vir/ST/results/step8_strokeniche_perturbmap/track_dynamic_marker_regulator_65c_state_celltype_gene_clean_stroke_real_externaldb
Step65_track_dynamic_markers_regulators	source_table_or_audit	/mnt/h/vir/ST/results/step8_strokeniche_perturbmap/track_dynamic_marker_regulator_65c_state_celltype_gene_clean_stroke_real_externaldb/step65_track_dynamic_modules.csv	step65_track_dynamic_modules.csv	.csv	215624	d72f621f80cc24f1e817b95c9b5dceb17e74be11b5eb6d8142629775ee8f3428	zenodo_data_results_bundle/tables/Step65_track_dynamic_markers_regulators/step65_track_dynamic_modules.csv	/mnt/h/vir/ST/results/step8_strokeniche_perturbmap/track_dynamic_marker_regulator_65c_state_celltype_gene_clean_stroke_real_externaldb
Step65_track_dynamic_markers_regulators	source_table_or_audit	/mnt/h/vir/ST/results/step8_strokeniche_perturbmap/track_dynamic_marker_regulator_65c_state_celltype_gene_clean_stroke_real_externaldb/step65_track_feature_timepoint_means.genes.csv	step65_track_feature_timepoint_means.genes.csv	.csv	1845562	4abefdfe70cbf2a128db329e162a19bbb74e6d24f0b83360e289ab92d042dd33	zenodo_data_results_bundle/tables/Step65_track_dynamic_markers_regulators/step65_track_feature_timepoint_means.genes.csv	/mnt/h/vir/ST/results/step8_strokeniche_perturbmap/track_dynamic_marker_regulator_65c_state_celltype_gene_clean_stroke_real_externaldb
Step65_track_dynamic_markers_regulators	source_table_or_audit	/mnt/h/vir/ST/results/step8_strokeniche_perturbmap/track_dynamic_marker_regulator_65c_state_celltype_gene_clean_stroke_real_externaldb/step65_track_feature_timepoint_means.modules.csv	step65_track_feature_timepoint_means.modules.csv	.csv	247205	4cba84c06fd254048189d41a73c5f22c1ee8060524fe3397f42186077ad473b3	zenodo_data_results_bundle/tables/Step65_track_dynamic_markers_regulators/step65_track_feature_timepoint_means.modules.csv	/mnt/h/vir/ST/results/step8_strokeniche_perturbmap/track_dynamic_marker_regulator_65c_state_celltype_gene_clean_stroke_real_externaldb
Step65_track_dynamic_markers_regulators	source_table_or_audit	/mnt/h/vir/ST/results/step8_strokeniche_perturbmap/track_dynamic_marker_regulator_65c_state_celltype_gene_clean_stroke_real_externaldb/step65_track_marker_gene_sets.csv	step65_track_marker_gene_sets.csv	.csv	24271	2f33455ffbf2386de88939888eafcef6a78be5464d1c8c080c9f3ebdc5e715a2	zenodo_data_results_bundle/tables/Step65_track_dynamic_markers_regulators/step65_track_marker_gene_sets.csv	/mnt/h/vir/ST/results/step8_strokeniche_perturbmap/track_dynamic_marker_regulator_65c_state_celltype_gene_clean_stroke_real_externaldb
Step65_track_dynamic_markers_regulators	source_table_or_audit	/mnt/h/vir/ST/results/step8_strokeniche_perturbmap/track_dynamic_marker_regulator_65c_state_celltype_gene_clean_stroke_real_externaldb/step65_track_network_edges.csv	step65_track_network_edges.csv	.csv	202286	5424c1ed52770d072ac49913b3d8693f2d59411eb27ad3add064e03d6250ce32	zenodo_data_results_bundle/tables/Step65_track_dynamic_markers_regulators/step65_track_network_edges.csv	/mnt/h/vir/ST/results/step8_strokeniche_perturbmap/track_dynamic_marker_regulator_65c_state_celltype_gene_clean_stroke_real_externaldb
Step65_track_dynamic_markers_regulators	source_table_or_audit	/mnt/h/vir/ST/results/step8_strokeniche_perturbmap/track_dynamic_marker_regulator_65c_state_celltype_gene_clean_stroke_real_externaldb/step65_track_pathway_summary.csv	step65_track_pathway_summary.csv	.csv	28316	61a2363364beb94aeeb10bf5f0438566e292c8fae2005432d2eaf5ccc6c8bb2e	zenodo_data_results_bundle/tables/Step65_track_dynamic_markers_regulators/step65_track_pathway_summary.csv	/mnt/h/vir/ST/results/step8_strokeniche_perturbmap/track_dynamic_marker_regulator_65c_state_celltype_gene_clean_stroke_real_externaldb
Step65_track_dynamic_markers_regulators	source_table_or_audit	/mnt/h/vir/ST/results/step8_strokeniche_perturbmap/track_dynamic_marker_regulator_65c_state_celltype_gene_clean_stroke_real_externaldb/step65_track_regulator_summary.csv	step65_track_regulator_summary.csv	.csv	28316	61a2363364beb94aeeb10bf5f0438566e292c8fae2005432d2eaf5ccc6c8bb2e	zenodo_data_results_bundle/tables/Step65_track_dynamic_markers_regulators/step65_track_regulator_summary.csv	/mnt/h/vir/ST/results/step8_strokeniche_perturbmap/track_dynamic_marker_regulator_65c_state_celltype_gene_clean_stroke_real_externaldb
Step65_track_dynamic_markers_regulators	source_table_or_audit	/mnt/h/vir/ST/results/step8_strokeniche_perturbmap/track_dynamic_marker_regulator_65c_state_celltype_gene_clean_stroke_real_externaldb/step65c_detection_report.txt	step65c_detection_report.txt	.txt	84717	6a54e192af553d25164df11734a7754ffac072847790b48f82469eb344346b2e	zenodo_data_results_bundle/tables/Step65_track_dynamic_markers_regulators/step65c_detection_report.txt	/mnt/h/vir/ST/results/step8_strokeniche_perturbmap/track_dynamic_marker_regulator_65c_state_celltype_gene_clean_stroke_real_externaldb
Step65_track_dynamic_markers_regulators	source_table_or_audit	/mnt/h/vir/ST/results/step8_strokeniche_perturbmap/track_dynamic_marker_regulator_65c_state_celltype_gene_clean_stroke_real_externaldb/step65c_external_gmt_candidates.csv	step65c_external_gmt_candidates.csv	.csv	6174	5892fa0e4ca417818db9e0aaceb6898726ac48b1f631b69c47a9a156e3a82581	zenodo_data_results_bundle/tables/Step65_track_dynamic_markers_regulators/step65c_external_gmt_candidates.csv	/mnt/h/vir/ST/results/step8_strokeniche_perturbmap/track_dynamic_marker_regulator_65c_state_celltype_gene_clean_stroke_real_externaldb
Step65_track_dynamic_markers_regulators	source_table_or_audit	/mnt/h/vir/ST/results/step8_strokeniche_perturbmap/track_dynamic_marker_regulator_65c_state_celltype_gene_clean_stroke_real_externaldb/step65c_external_regulator_candidates.csv	step65c_external_regulator_candidates.csv	.csv	656308	251b0d02434601c2411e1bb0b28650856557b68588a97e56ddb8c692e0353c21	zenodo_data_results_bundle/tables/Step65_track_dynamic_markers_regulators/step65c_external_regulator_candidates.csv	/mnt/h/vir/ST/results/step8_strokeniche_perturbmap/track_dynamic_marker_regulator_65c_state_celltype_gene_clean_stroke_real_externaldb
Step65_track_dynamic_markers_regulators	source_table_or_audit	/mnt/h/vir/ST/results/step8_strokeniche_perturbmap/track_dynamic_marker_regulator_65c_state_celltype_gene_clean_stroke_real_externaldb/step65c_external_regulator_targets.csv	step65c_external_regulator_targets.csv	.csv	622838103	798c7aed0f4fa538cb0d4bf3987e45f15730aeacaaf5503800dd35628c436eba	zenodo_data_results_bundle/tables/Step65_track_dynamic_markers_regulators/step65c_external_regulator_targets.csv	/mnt/h/vir/ST/results/step8_strokeniche_perturbmap/track_dynamic_marker_regulator_65c_state_celltype_gene_clean_stroke_real_externaldb
Step65_track_dynamic_markers_regulators	source_table_or_audit	/mnt/h/vir/ST/results/step8_strokeniche_perturbmap/track_dynamic_marker_regulator_65c_state_celltype_gene_clean_stroke_real_externaldb/step65c_filtered_stroke_relevant_expression.csv	step65c_filtered_stroke_relevant_expression.csv	.csv	19404334	205e730ce41659292fa22783cfaf809399585d01631b8066996dc29aede904e2	zenodo_data_results_bundle/tables/Step65_track_dynamic_markers_regulators/step65c_filtered_stroke_relevant_expression.csv	/mnt/h/vir/ST/results/step8_strokeniche_perturbmap/track_dynamic_marker_regulator_65c_state_celltype_gene_clean_stroke_real_externaldb
Step65_track_dynamic_markers_regulators	source_table_or_audit	/mnt/h/vir/ST/results/step8_strokeniche_perturbmap/track_dynamic_marker_regulator_65c_state_celltype_gene_clean_stroke_real_externaldb/step65c_gene_filter_audit.csv	step65c_gene_filter_audit.csv	.csv	774	007c0e9b42439c0322239c5d1598334413c837bca2a63bbc58cdd7a5d2bb9a39	zenodo_data_results_bundle/tables/Step65_track_dynamic_markers_regulators/step65c_gene_filter_audit.csv	/mnt/h/vir/ST/results/step8_strokeniche_perturbmap/track_dynamic_marker_regulator_65c_state_celltype_gene_clean_stroke_real_externaldb
Step65_track_dynamic_markers_regulators	source_table_or_audit	/mnt/h/vir/ST/results/step8_strokeniche_perturbmap/track_dynamic_marker_regulator_65c_state_celltype_gene_clean_stroke_real_externaldb/step65c_genes_kept.csv	step65c_genes_kept.csv	.csv	19989	7def3cf4b59abe1956a1e1df1947ba24cc9e48b5fc91e75c117492d942ef2e6e	zenodo_data_results_bundle/tables/Step65_track_dynamic_markers_regulators/step65c_genes_kept.csv	/mnt/h/vir/ST/results/step8_strokeniche_perturbmap/track_dynamic_marker_regulator_65c_state_celltype_gene_clean_stroke_real_externaldb
Step65_track_dynamic_markers_regulators	source_table_or_audit	/mnt/h/vir/ST/results/step8_strokeniche_perturbmap/track_dynamic_marker_regulator_65c_state_celltype_gene_clean_stroke_real_externaldb/step65c_genes_removed_blacklist.csv	step65c_genes_removed_blacklist.csv	.csv	345224	f2d7f0b197e6ddbb9b0681928319ec89b7b945544792b5172fe200c8f8e51fea	zenodo_data_results_bundle/tables/Step65_track_dynamic_markers_regulators/step65c_genes_removed_blacklist.csv	/mnt/h/vir/ST/results/step8_strokeniche_perturbmap/track_dynamic_marker_regulator_65c_state_celltype_gene_clean_stroke_real_externaldb
Step65_track_dynamic_markers_regulators	source_table_or_audit	/mnt/h/vir/ST/results/step8_strokeniche_perturbmap/track_dynamic_marker_regulator_65c_state_celltype_gene_clean_stroke_real_externaldb/step65c_selected_resources.json	step65c_selected_resources.json	.json	18481	89e2d1666d4634ba1166a9b933f413ecbac6fdc346475a6807859e8e5ecb65e5	zenodo_data_results_bundle/tables/Step65_track_dynamic_markers_regulators/step65c_selected_resources.json	/mnt/h/vir/ST/results/step8_strokeniche_perturbmap/track_dynamic_marker_regulator_65c_state_celltype_gene_clean_stroke_real_externaldb
Step65_track_dynamic_markers_regulators	source_table_or_audit	/mnt/h/vir/ST/results/step8_strokeniche_perturbmap/track_dynamic_marker_regulator_65c_state_celltype_gene_clean_stroke_real_externaldb/step65c_stroke_gene_catalog_used.csv	step65c_stroke_gene_catalog_used.csv	.csv	10365	dc3d20e6ba355c8c064e29de4b19eb54398fa889056ea29670ba5a070e5fadf8	zenodo_data_results_bundle/tables/Step65_track_dynamic_markers_regulators/step65c_stroke_gene_catalog_used.csv	/mnt/h/vir/ST/results/step8_strokeniche_perturbmap/track_dynamic_marker_regulator_65c_state_celltype_gene_clean_stroke_real_externaldb
Step65_track_dynamic_markers_regulators	source_table_or_audit	/mnt/h/vir/ST/results/step8_strokeniche_perturbmap/track_dynamic_marker_regulator_65c_state_celltype_gene_clean_stroke_real_externaldb_no_encode_metadata/step65_regulator_database_used.csv	step65_regulator_database_used.csv	.csv	163798726	5817d79d3d343a4fb2090956c87d3bace65733a4b8ca79e9495bfe1410c23e92	zenodo_data_results_bundle/tables/Step65_track_dynamic_markers_regulators/step65_regulator_database_used.csv	/mnt/h/vir/ST/results/step8_strokeniche_perturbmap/track_dynamic_marker_regulator_65c_state_celltype_gene_clean_stroke_real_externaldb_no_encode_metadata
Step65_track_dynamic_markers_regulators	source_table_or_audit	/mnt/h/vir/ST/results/step8_strokeniche_perturbmap/track_dynamic_marker_regulator_65c_state_celltype_gene_clean_stroke_real_externaldb_no_encode_metadata/step65_regulator_enrichment.csv	step65_regulator_enrichment.csv	.csv	101821513	17303a76b43a9b35b2e4120cd477754276bb7e544a33b296fd1e59c4b3f32cc3	zenodo_data_results_bundle/tables/Step65_track_dynamic_markers_regulators/step65_regulator_enrichment.csv	/mnt/h/vir/ST/results/step8_strokeniche_perturbmap/track_dynamic_marker_regulator_65c_state_celltype_gene_clean_stroke_real_externaldb_no_encode_metadata
Step65_track_dynamic_markers_regulators	source_table_or_audit	/mnt/h/vir/ST/results/step8_strokeniche_perturbmap/track_dynamic_marker_regulator_65c_state_celltype_gene_clean_stroke_real_externaldb_no_encode_metadata/step65_report.json	step65_report.json	.json	5725	87e02340f466e72f3fba4a99e8257e41385326af82e46d502cfc7f3036457124	zenodo_data_results_bundle/tables/Step65_track_dynamic_markers_regulators/step65_report.json	/mnt/h/vir/ST/results/step8_strokeniche_perturbmap/track_dynamic_marker_regulator_65c_state_celltype_gene_clean_stroke_real_externaldb_no_encode_metadata
Step65_track_dynamic_markers_regulators	source_table_or_audit	/mnt/h/vir/ST/results/step8_strokeniche_perturbmap/track_dynamic_marker_regulator_65c_state_celltype_gene_clean_stroke_real_externaldb_no_encode_metadata/step65_report.txt	step65_report.txt	.txt	162071	99ab98f44ee7a4c9d173f52e44b94f95f0db21907dbca68a2380f43d99751fde	zenodo_data_results_bundle/tables/Step65_track_dynamic_markers_regulators/step65_report.txt	/mnt/h/vir/ST/results/step8_strokeniche_perturbmap/track_dynamic_marker_regulator_65c_state_celltype_gene_clean_stroke_real_externaldb_no_encode_metadata
Step65_track_dynamic_markers_regulators	source_table_or_audit	/mnt/h/vir/ST/results/step8_strokeniche_perturbmap/track_dynamic_marker_regulator_65c_state_celltype_gene_clean_stroke_real_externaldb_no_encode_metadata/step65_track_dynamic_genes.csv	step65_track_dynamic_genes.csv	.csv	1975382	bc5fc0b8adfd7d306323a9e65609e2205b401a6ce30cb205d274a259673b0600	zenodo_data_results_bundle/tables/Step65_track_dynamic_markers_regulators/step65_track_dynamic_genes.csv	/mnt/h/vir/ST/results/step8_strokeniche_perturbmap/track_dynamic_marker_regulator_65c_state_celltype_gene_clean_stroke_real_externaldb_no_encode_metadata
Step65_track_dynamic_markers_regulators	source_table_or_audit	/mnt/h/vir/ST/results/step8_strokeniche_perturbmap/track_dynamic_marker_regulator_65c_state_celltype_gene_clean_stroke_real_externaldb_no_encode_metadata/step65_track_dynamic_marker_summary.csv	step65_track_dynamic_marker_summary.csv	.csv	58831	8fb03bdc192b14de87f191e780cc0aa2ed3d2cfef0264f4f4870c15fe785fd80	zenodo_data_results_bundle/tables/Step65_track_dynamic_markers_regulators/step65_track_dynamic_marker_summary.csv	/mnt/h/vir/ST/results/step8_strokeniche_perturbmap/track_dynamic_marker_regulator_65c_state_celltype_gene_clean_stroke_real_externaldb_no_encode_metadata
Step65_track_dynamic_markers_regulators	source_table_or_audit	/mnt/h/vir/ST/results/step8_strokeniche_perturbmap/track_dynamic_marker_regulator_65c_state_celltype_gene_clean_stroke_real_externaldb_no_encode_metadata/step65_track_dynamic_modules.csv	step65_track_dynamic_modules.csv	.csv	215624	d72f621f80cc24f1e817b95c9b5dceb17e74be11b5eb6d8142629775ee8f3428	zenodo_data_results_bundle/tables/Step65_track_dynamic_markers_regulators/step65_track_dynamic_modules.csv	/mnt/h/vir/ST/results/step8_strokeniche_perturbmap/track_dynamic_marker_regulator_65c_state_celltype_gene_clean_stroke_real_externaldb_no_encode_metadata
Step65_track_dynamic_markers_regulators	source_table_or_audit	/mnt/h/vir/ST/results/step8_strokeniche_perturbmap/track_dynamic_marker_regulator_65c_state_celltype_gene_clean_stroke_real_externaldb_no_encode_metadata/step65_track_feature_timepoint_means.genes.csv	step65_track_feature_timepoint_means.genes.csv	.csv	1845562	4abefdfe70cbf2a128db329e162a19bbb74e6d24f0b83360e289ab92d042dd33	zenodo_data_results_bundle/tables/Step65_track_dynamic_markers_regulators/step65_track_feature_timepoint_means.genes.csv	/mnt/h/vir/ST/results/step8_strokeniche_perturbmap/track_dynamic_marker_regulator_65c_state_celltype_gene_clean_stroke_real_externaldb_no_encode_metadata
Step65_track_dynamic_markers_regulators	source_table_or_audit	/mnt/h/vir/ST/results/step8_strokeniche_perturbmap/track_dynamic_marker_regulator_65c_state_celltype_gene_clean_stroke_real_externaldb_no_encode_metadata/step65_track_feature_timepoint_means.modules.csv	step65_track_feature_timepoint_means.modules.csv	.csv	247205	4cba84c06fd254048189d41a73c5f22c1ee8060524fe3397f42186077ad473b3	zenodo_data_results_bundle/tables/Step65_track_dynamic_markers_regulators/step65_track_feature_timepoint_means.modules.csv	/mnt/h/vir/ST/results/step8_strokeniche_perturbmap/track_dynamic_marker_regulator_65c_state_celltype_gene_clean_stroke_real_externaldb_no_encode_metadata
Step65_track_dynamic_markers_regulators	source_table_or_audit	/mnt/h/vir/ST/results/step8_strokeniche_perturbmap/track_dynamic_marker_regulator_65c_state_celltype_gene_clean_stroke_real_externaldb_no_encode_metadata/step65_track_marker_gene_sets.csv	step65_track_marker_gene_sets.csv	.csv	24271	2f33455ffbf2386de88939888eafcef6a78be5464d1c8c080c9f3ebdc5e715a2	zenodo_data_results_bundle/tables/Step65_track_dynamic_markers_regulators/step65_track_marker_gene_sets.csv	/mnt/h/vir/ST/results/step8_strokeniche_perturbmap/track_dynamic_marker_regulator_65c_state_celltype_gene_clean_stroke_real_externaldb_no_encode_metadata
Step65_track_dynamic_markers_regulators	source_table_or_audit	/mnt/h/vir/ST/results/step8_strokeniche_perturbmap/track_dynamic_marker_regulator_65c_state_celltype_gene_clean_stroke_real_externaldb_no_encode_metadata/step65_track_network_edges.csv	step65_track_network_edges.csv	.csv	202286	5424c1ed52770d072ac49913b3d8693f2d59411eb27ad3add064e03d6250ce32	zenodo_data_results_bundle/tables/Step65_track_dynamic_markers_regulators/step65_track_network_edges.csv	/mnt/h/vir/ST/results/step8_strokeniche_perturbmap/track_dynamic_marker_regulator_65c_state_celltype_gene_clean_stroke_real_externaldb_no_encode_metadata
Step65_track_dynamic_markers_regulators	source_table_or_audit	/mnt/h/vir/ST/results/step8_strokeniche_perturbmap/track_dynamic_marker_regulator_65c_state_celltype_gene_clean_stroke_real_externaldb_no_encode_metadata/step65_track_pathway_summary.csv	step65_track_pathway_summary.csv	.csv	28316	61a2363364beb94aeeb10bf5f0438566e292c8fae2005432d2eaf5ccc6c8bb2e	zenodo_data_results_bundle/tables/Step65_track_dynamic_markers_regulators/step65_track_pathway_summary.csv	/mnt/h/vir/ST/results/step8_strokeniche_perturbmap/track_dynamic_marker_regulator_65c_state_celltype_gene_clean_stroke_real_externaldb_no_encode_metadata
Step65_track_dynamic_markers_regulators	source_table_or_audit	/mnt/h/vir/ST/results/step8_strokeniche_perturbmap/track_dynamic_marker_regulator_65c_state_celltype_gene_clean_stroke_real_externaldb_no_encode_metadata/step65_track_regulator_summary.csv	step65_track_regulator_summary.csv	.csv	28316	61a2363364beb94aeeb10bf5f0438566e292c8fae2005432d2eaf5ccc6c8bb2e	zenodo_data_results_bundle/tables/Step65_track_dynamic_markers_regulators/step65_track_regulator_summary.csv	/mnt/h/vir/ST/results/step8_strokeniche_perturbmap/track_dynamic_marker_regulator_65c_state_celltype_gene_clean_stroke_real_externaldb_no_encode_metadata
Step65_track_dynamic_markers_regulators	source_table_or_audit	/mnt/h/vir/ST/results/step8_strokeniche_perturbmap/track_dynamic_marker_regulator_65c_state_celltype_gene_clean_stroke_real_externaldb_no_encode_metadata/step65c_detection_report.txt	step65c_detection_report.txt	.txt	58472	545c9c038dd243c7d3b4bd3012e8460bf80561ee8500891029ac0c0fb337e01f	zenodo_data_results_bundle/tables/Step65_track_dynamic_markers_regulators/step65c_detection_report.txt	/mnt/h/vir/ST/results/step8_strokeniche_perturbmap/track_dynamic_marker_regulator_65c_state_celltype_gene_clean_stroke_real_externaldb_no_encode_metadata
Step65_track_dynamic_markers_regulators	source_table_or_audit	/mnt/h/vir/ST/results/step8_strokeniche_perturbmap/track_dynamic_marker_regulator_65c_state_celltype_gene_clean_stroke_real_externaldb_no_encode_metadata/step65c_external_gmt_candidates.csv	step65c_external_gmt_candidates.csv	.csv	2100	a05a8197aa0fff6fffe38c6607f343d9f98cb15bada824eeaddc740aa5392f4a	zenodo_data_results_bundle/tables/Step65_track_dynamic_markers_regulators/step65c_external_gmt_candidates.csv	/mnt/h/vir/ST/results/step8_strokeniche_perturbmap/track_dynamic_marker_regulator_65c_state_celltype_gene_clean_stroke_real_externaldb_no_encode_metadata
Step65_track_dynamic_markers_regulators	source_table_or_audit	/mnt/h/vir/ST/results/step8_strokeniche_perturbmap/track_dynamic_marker_regulator_65c_state_celltype_gene_clean_stroke_real_externaldb_no_encode_metadata/step65c_external_regulator_candidates.csv	step65c_external_regulator_candidates.csv	.csv	1	01ba4719c80b6fe911b091a7c05124b64eeece964e09c058ef8f9805daca546b	zenodo_data_results_bundle/tables/Step65_track_dynamic_markers_regulators/step65c_external_regulator_candidates.csv	/mnt/h/vir/ST/results/step8_strokeniche_perturbmap/track_dynamic_marker_regulator_65c_state_celltype_gene_clean_stroke_real_externaldb_no_encode_metadata
Step65_track_dynamic_markers_regulators	source_table_or_audit	/mnt/h/vir/ST/results/step8_strokeniche_perturbmap/track_dynamic_marker_regulator_65c_state_celltype_gene_clean_stroke_real_externaldb_no_encode_metadata/step65c_external_regulator_targets.csv	step65c_external_regulator_targets.csv	.csv	613138738	7bf259bb479d03c96801f3660527abdaee9bf3362ce5a61b9b532fe2f8ec1366	zenodo_data_results_bundle/tables/Step65_track_dynamic_markers_regulators/step65c_external_regulator_targets.csv	/mnt/h/vir/ST/results/step8_strokeniche_perturbmap/track_dynamic_marker_regulator_65c_state_celltype_gene_clean_stroke_real_externaldb_no_encode_metadata
Step65_track_dynamic_markers_regulators	source_table_or_audit	/mnt/h/vir/ST/results/step8_strokeniche_perturbmap/track_dynamic_marker_regulator_65c_state_celltype_gene_clean_stroke_real_externaldb_no_encode_metadata/step65c_filtered_stroke_relevant_expression.csv	step65c_filtered_stroke_relevant_expression.csv	.csv	19404334	205e730ce41659292fa22783cfaf809399585d01631b8066996dc29aede904e2	zenodo_data_results_bundle/tables/Step65_track_dynamic_markers_regulators/step65c_filtered_stroke_relevant_expression.csv	/mnt/h/vir/ST/results/step8_strokeniche_perturbmap/track_dynamic_marker_regulator_65c_state_celltype_gene_clean_stroke_real_externaldb_no_encode_metadata
Step65_track_dynamic_markers_regulators	source_table_or_audit	/mnt/h/vir/ST/results/step8_strokeniche_perturbmap/track_dynamic_marker_regulator_65c_state_celltype_gene_clean_stroke_real_externaldb_no_encode_metadata/step65c_gene_filter_audit.csv	step65c_gene_filter_audit.csv	.csv	774	007c0e9b42439c0322239c5d1598334413c837bca2a63bbc58cdd7a5d2bb9a39	zenodo_data_results_bundle/tables/Step65_track_dynamic_markers_regulators/step65c_gene_filter_audit.csv	/mnt/h/vir/ST/results/step8_strokeniche_perturbmap/track_dynamic_marker_regulator_65c_state_celltype_gene_clean_stroke_real_externaldb_no_encode_metadata
Step65_track_dynamic_markers_regulators	source_table_or_audit	/mnt/h/vir/ST/results/step8_strokeniche_perturbmap/track_dynamic_marker_regulator_65c_state_celltype_gene_clean_stroke_real_externaldb_no_encode_metadata/step65c_genes_kept.csv	step65c_genes_kept.csv	.csv	19989	7def3cf4b59abe1956a1e1df1947ba24cc9e48b5fc91e75c117492d942ef2e6e	zenodo_data_results_bundle/tables/Step65_track_dynamic_markers_regulators/step65c_genes_kept.csv	/mnt/h/vir/ST/results/step8_strokeniche_perturbmap/track_dynamic_marker_regulator_65c_state_celltype_gene_clean_stroke_real_externaldb_no_encode_metadata
Step65_track_dynamic_markers_regulators	source_table_or_audit	/mnt/h/vir/ST/results/step8_strokeniche_perturbmap/track_dynamic_marker_regulator_65c_state_celltype_gene_clean_stroke_real_externaldb_no_encode_metadata/step65c_genes_removed_blacklist.csv	step65c_genes_removed_blacklist.csv	.csv	345224	f2d7f0b197e6ddbb9b0681928319ec89b7b945544792b5172fe200c8f8e51fea	zenodo_data_results_bundle/tables/Step65_track_dynamic_markers_regulators/step65c_genes_removed_blacklist.csv	/mnt/h/vir/ST/results/step8_strokeniche_perturbmap/track_dynamic_marker_regulator_65c_state_celltype_gene_clean_stroke_real_externaldb_no_encode_metadata
Step65_track_dynamic_markers_regulators	source_table_or_audit	/mnt/h/vir/ST/results/step8_strokeniche_perturbmap/track_dynamic_marker_regulator_65c_state_celltype_gene_clean_stroke_real_externaldb_no_encode_metadata/step65c_selected_resources.json	step65c_selected_resources.json	.json	10572	eb5efce6184c4f742916599201d031e618c66a3cd01a8fb3c703381ccfab5ce5	zenodo_data_results_bundle/tables/Step65_track_dynamic_markers_regulators/step65c_selected_resources.json	/mnt/h/vir/ST/results/step8_strokeniche_perturbmap/track_dynamic_marker_regulator_65c_state_celltype_gene_clean_stroke_real_externaldb_no_encode_metadata
Step65_track_dynamic_markers_regulators	source_table_or_audit	/mnt/h/vir/ST/results/step8_strokeniche_perturbmap/track_dynamic_marker_regulator_65c_state_celltype_gene_clean_stroke_real_externaldb_no_encode_metadata/step65c_stroke_gene_catalog_used.csv	step65c_stroke_gene_catalog_used.csv	.csv	10365	dc3d20e6ba355c8c064e29de4b19eb54398fa889056ea29670ba5a070e5fadf8	zenodo_data_results_bundle/tables/Step65_track_dynamic_markers_regulators/step65c_stroke_gene_catalog_used.csv	/mnt/h/vir/ST/results/step8_strokeniche_perturbmap/track_dynamic_marker_regulator_65c_state_celltype_gene_clean_stroke_real_externaldb_no_encode_metadata
Step65_track_dynamic_markers_regulators	source_table_or_audit	/mnt/h/vir/ST/results/step8_strokeniche_perturbmap/track_dynamic_marker_regulator_65d_encode_chipseq_gmt_supplement/step65d_encode_chipseq_gmt_edges_parsed.csv	step65d_encode_chipseq_gmt_edges_parsed.csv	.csv	233343407	34696f299b3d425f71a09c04aa9c8e9de9371d4d87fd266f98db0d0830e77f61	zenodo_data_results_bundle/tables/Step65_track_dynamic_markers_regulators/step65d_encode_chipseq_gmt_edges_parsed.csv	/mnt/h/vir/ST/results/step8_strokeniche_perturbmap/track_dynamic_marker_regulator_65d_encode_chipseq_gmt_supplement
Step65_track_dynamic_markers_regulators	source_table_or_audit	/mnt/h/vir/ST/results/step8_strokeniche_perturbmap/track_dynamic_marker_regulator_65d_encode_chipseq_gmt_supplement/step65d_encode_chipseq_report.json	step65d_encode_chipseq_report.json	.json	1208	c39a68667ca7f85eca821d9f34ed7e7775d1f8ace41787553bb9b3d3ccec5179	zenodo_data_results_bundle/tables/Step65_track_dynamic_markers_regulators/step65d_encode_chipseq_report.json	/mnt/h/vir/ST/results/step8_strokeniche_perturbmap/track_dynamic_marker_regulator_65d_encode_chipseq_gmt_supplement
Step65_track_dynamic_markers_regulators	source_table_or_audit	/mnt/h/vir/ST/results/step8_strokeniche_perturbmap/track_dynamic_marker_regulator_65d_encode_chipseq_gmt_supplement/step65d_encode_chipseq_track_enrichment.csv	step65d_encode_chipseq_track_enrichment.csv	.csv	3924085	74435222579c084822b81dd99371e5258432150aa6ffcfd471987c29a8ec7858	zenodo_data_results_bundle/tables/Step65_track_dynamic_markers_regulators/step65d_encode_chipseq_track_enrichment.csv	/mnt/h/vir/ST/results/step8_strokeniche_perturbmap/track_dynamic_marker_regulator_65d_encode_chipseq_gmt_supplement
Step65_track_dynamic_markers_regulators	source_table_or_audit	/mnt/h/vir/ST/results/step8_strokeniche_perturbmap/track_dynamic_marker_regulator_65d_encode_chipseq_gmt_supplement/step65d_encode_chipseq_track_summary.csv	step65d_encode_chipseq_track_summary.csv	.csv	37082	08bddcd6ba7ed4a984744436f360aa94d4c36bc5782dabb312ebdb975d46e992	zenodo_data_results_bundle/tables/Step65_track_dynamic_markers_regulators/step65d_encode_chipseq_track_summary.csv	/mnt/h/vir/ST/results/step8_strokeniche_perturbmap/track_dynamic_marker_regulator_65d_encode_chipseq_gmt_supplement
Step65_track_dynamic_markers_regulators	source_table_or_audit	/mnt/h/vir/ST/results/step8_strokeniche_perturbmap/track_dynamic_marker_regulator_65e_encode_chipseq_housekeeping_filtered/step65e_dynamic_genes_cleaned_for_chipseq.csv	step65e_dynamic_genes_cleaned_for_chipseq.csv	.csv	1654481	73932c0309e5452f7b5e4e91e19273394844034c5d0dc544403b6cbd380018eb	zenodo_data_results_bundle/tables/Step65_track_dynamic_markers_regulators/step65e_dynamic_genes_cleaned_for_chipseq.csv	/mnt/h/vir/ST/results/step8_strokeniche_perturbmap/track_dynamic_marker_regulator_65e_encode_chipseq_housekeeping_filtered
Step65_track_dynamic_markers_regulators	source_table_or_audit	/mnt/h/vir/ST/results/step8_strokeniche_perturbmap/track_dynamic_marker_regulator_65e_encode_chipseq_housekeeping_filtered/step65e_dynamic_genes_removed_housekeeping.csv	step65e_dynamic_genes_removed_housekeeping.csv	.csv	89574	bbadf7b9d81cbe177ce7f724eba342ad056ef2063b9c268ca368d860c419ad2b	zenodo_data_results_bundle/tables/Step65_track_dynamic_markers_regulators/step65e_dynamic_genes_removed_housekeeping.csv	/mnt/h/vir/ST/results/step8_strokeniche_perturbmap/track_dynamic_marker_regulator_65e_encode_chipseq_housekeeping_filtered
Step65_track_dynamic_markers_regulators	source_table_or_audit	/mnt/h/vir/ST/results/step8_strokeniche_perturbmap/track_dynamic_marker_regulator_65e_encode_chipseq_housekeeping_filtered/step65e_encode_chipseq_gmt_edges_cleaned.csv	step65e_encode_chipseq_gmt_edges_cleaned.csv	.csv	249842810	0844ac954627e65ea9063f409a46200ddab65e4cfa24d40492ed8c1643632a2b	zenodo_data_results_bundle/tables/Step65_track_dynamic_markers_regulators/step65e_encode_chipseq_gmt_edges_cleaned.csv	/mnt/h/vir/ST/results/step8_strokeniche_perturbmap/track_dynamic_marker_regulator_65e_encode_chipseq_housekeeping_filtered
Step65_track_dynamic_markers_regulators	source_table_or_audit	/mnt/h/vir/ST/results/step8_strokeniche_perturbmap/track_dynamic_marker_regulator_65e_encode_chipseq_housekeeping_filtered/step65e_encode_chipseq_gmt_edges_removed_housekeeping.csv	step65e_encode_chipseq_gmt_edges_removed_housekeeping.csv	.csv	6666872	00eccc751c6d67e7ff60adec0dc59b0f3670af5943039a14c3f6cd65a5c8d866	zenodo_data_results_bundle/tables/Step65_track_dynamic_markers_regulators/step65e_encode_chipseq_gmt_edges_removed_housekeeping.csv	/mnt/h/vir/ST/results/step8_strokeniche_perturbmap/track_dynamic_marker_regulator_65e_encode_chipseq_housekeeping_filtered
Step65_track_dynamic_markers_regulators	source_table_or_audit	/mnt/h/vir/ST/results/step8_strokeniche_perturbmap/track_dynamic_marker_regulator_65e_encode_chipseq_housekeeping_filtered/step65e_encode_chipseq_track_enrichment.cleaned.csv	step65e_encode_chipseq_track_enrichment.cleaned.csv	.csv	4093805	7a59f2984a666fbf642ca0266cdca94af1b48db8a29b81c0e9e82cfb69f40b4f	zenodo_data_results_bundle/tables/Step65_track_dynamic_markers_regulators/step65e_encode_chipseq_track_enrichment.cleaned.csv	/mnt/h/vir/ST/results/step8_strokeniche_perturbmap/track_dynamic_marker_regulator_65e_encode_chipseq_housekeeping_filtered
Step65_track_dynamic_markers_regulators	source_table_or_audit	/mnt/h/vir/ST/results/step8_strokeniche_perturbmap/track_dynamic_marker_regulator_65e_encode_chipseq_housekeeping_filtered/step65e_encode_chipseq_track_summary.cleaned.csv	step65e_encode_chipseq_track_summary.cleaned.csv	.csv	32707	c1804bb121c9c280b830857ebb3b481a550c2bca4ade3df23782232b53fc19cf	zenodo_data_results_bundle/tables/Step65_track_dynamic_markers_regulators/step65e_encode_chipseq_track_summary.cleaned.csv	/mnt/h/vir/ST/results/step8_strokeniche_perturbmap/track_dynamic_marker_regulator_65e_encode_chipseq_housekeeping_filtered
Step65_track_dynamic_markers_regulators	source_table_or_audit	/mnt/h/vir/ST/results/step8_strokeniche_perturbmap/track_dynamic_marker_regulator_65e_encode_chipseq_housekeeping_filtered/step65e_filter_audit_by_track.csv	step65e_filter_audit_by_track.csv	.csv	2957	53203a629f383b5ee9340c2b981e949d6f174e17b3f3f331c2cb494c66ed9224	zenodo_data_results_bundle/tables/Step65_track_dynamic_markers_regulators/step65e_filter_audit_by_track.csv	/mnt/h/vir/ST/results/step8_strokeniche_perturbmap/track_dynamic_marker_regulator_65e_encode_chipseq_housekeeping_filtered
Step65_track_dynamic_markers_regulators	source_table_or_audit	/mnt/h/vir/ST/results/step8_strokeniche_perturbmap/track_dynamic_marker_regulator_65e_encode_chipseq_housekeeping_filtered/step65e_housekeeping_blacklist_used.csv	step65e_housekeeping_blacklist_used.csv	.csv	1667	f4c39f32955e5fff607882887f6f9f2773785cb5493b686be241225b397d23d0	zenodo_data_results_bundle/tables/Step65_track_dynamic_markers_regulators/step65e_housekeeping_blacklist_used.csv	/mnt/h/vir/ST/results/step8_strokeniche_perturbmap/track_dynamic_marker_regulator_65e_encode_chipseq_housekeeping_filtered
Step65_track_dynamic_markers_regulators	source_table_or_audit	/mnt/h/vir/ST/results/step8_strokeniche_perturbmap/track_dynamic_marker_regulator_65e_encode_chipseq_housekeeping_filtered/step65e_removed_overlap_housekeeping_genes_from_65d.csv	step65e_removed_overlap_housekeeping_genes_from_65d.csv	.csv	1062305	4a89da70f06df6b42ccc7b1d52360582a185cd10ca2bc3cd855d879525504637	zenodo_data_results_bundle/tables/Step65_track_dynamic_markers_regulators/step65e_removed_overlap_housekeeping_genes_from_65d.csv	/mnt/h/vir/ST/results/step8_strokeniche_perturbmap/track_dynamic_marker_regulator_65e_encode_chipseq_housekeeping_filtered
Step65_track_dynamic_markers_regulators	source_table_or_audit	/mnt/h/vir/ST/results/step8_strokeniche_perturbmap/track_dynamic_marker_regulator_65e_encode_chipseq_housekeeping_filtered/step65e_report.json	step65e_report.json	.json	5620	c575b8b17bfe387514a00546a0ec0e4efc6688dcf524670727a38dbcf5b2b6a3	zenodo_data_results_bundle/tables/Step65_track_dynamic_markers_regulators/step65e_report.json	/mnt/h/vir/ST/results/step8_strokeniche_perturbmap/track_dynamic_marker_regulator_65e_encode_chipseq_housekeeping_filtered
Step65_track_dynamic_markers_regulators	source_table_or_audit	/mnt/h/vir/ST/results/step8_strokeniche_perturbmap/track_dynamic_marker_regulator_65e_encode_chipseq_housekeeping_filtered/step65e_report.txt	step65e_report.txt	.txt	82395	ebdc520b6fe97c565e46ca106b309b37493c5e2ddb8272a3a1eb06f0e9bf8674	zenodo_data_results_bundle/tables/Step65_track_dynamic_markers_regulators/step65e_report.txt	/mnt/h/vir/ST/results/step8_strokeniche_perturbmap/track_dynamic_marker_regulator_65e_encode_chipseq_housekeeping_filtered
Step65_track_dynamic_markers_regulators	source_table_or_audit	/mnt/h/vir/ST/results/step8_strokeniche_perturbmap/track_dynamic_marker_regulator_65e_encode_chipseq_housekeeping_filtered/step65e_track_marker_genes_after_filter.csv	step65e_track_marker_genes_after_filter.csv	.csv	7510	b8f289b8d5d9a4426c4a0e7c022352112ecf58a094c48b2578feb321f3f47d04	zenodo_data_results_bundle/tables/Step65_track_dynamic_markers_regulators/step65e_track_marker_genes_after_filter.csv	/mnt/h/vir/ST/results/step8_strokeniche_perturbmap/track_dynamic_marker_regulator_65e_encode_chipseq_housekeeping_filtered
Step66_perturbation_fdr_summary	source_table_or_audit	/mnt/h/vir/ST/results/step8_strokeniche_perturbmap/codex_handoff_strokeniche_UNAGI_like_63_68_20260602_011244/reports/track_level_perturbation_fdr_66f_manuscript_ready_summary/step66f_manuscript_caption_and_results_text.txt	step66f_manuscript_caption_and_results_text.txt	.txt	5099	83eb839194bd8483296450fca5c0eb7b0a68d600fc732a298d75e3aef5b2af7a	zenodo_data_results_bundle/tables/Step66_perturbation_fdr_summary/step66f_manuscript_caption_and_results_text.txt	/mnt/h/vir/ST/results/step8_strokeniche_perturbmap/codex_handoff_strokeniche_UNAGI_like_63_68_20260602_011244/reports/track_level_perturbation_fdr_66f_manuscript_ready_summary
Step66_perturbation_fdr_summary	source_table_or_audit	/mnt/h/vir/ST/results/step8_strokeniche_perturbmap/codex_handoff_strokeniche_UNAGI_like_63_68_20260602_011244/reports/track_level_perturbation_fdr_66f_manuscript_ready_summary/step66f_report.json	step66f_report.json	.json	5483	ac5b13d195020c184ea9ce6dde41fa206368affdbb57ab4328c8a5d1df621636	zenodo_data_results_bundle/tables/Step66_perturbation_fdr_summary/step66f_report.json	/mnt/h/vir/ST/results/step8_strokeniche_perturbmap/codex_handoff_strokeniche_UNAGI_like_63_68_20260602_011244/reports/track_level_perturbation_fdr_66f_manuscript_ready_summary
Step66_perturbation_fdr_summary	source_table_or_audit	/mnt/h/vir/ST/results/step8_strokeniche_perturbmap/codex_handoff_strokeniche_UNAGI_like_63_68_20260602_011244/reports/track_level_perturbation_fdr_66f_manuscript_ready_summary/step66f_report.txt	step66f_report.txt	.txt	13888	c5639971b69431ee1d28daa83a290cc9da36ebe65f2b76c1a96d50f805a218e3	zenodo_data_results_bundle/tables/Step66_perturbation_fdr_summary/step66f_report.txt	/mnt/h/vir/ST/results/step8_strokeniche_perturbmap/codex_handoff_strokeniche_UNAGI_like_63_68_20260602_011244/reports/track_level_perturbation_fdr_66f_manuscript_ready_summary
Step66_perturbation_fdr_summary	source_table_or_audit	/mnt/h/vir/ST/results/step8_strokeniche_perturbmap/codex_handoff_strokeniche_UNAGI_like_63_68_20260602_011244/tables/track_level_perturbation_fdr_66f_manuscript_ready_summary/step66f_calibration_qc_candidates.csv	step66f_calibration_qc_candidates.csv	.csv	147	150f2e3b05c02d8eb2d8d0236ad99a51a65671dbfddd6615c01ae93d68af9128	zenodo_data_results_bundle/tables/Step66_perturbation_fdr_summary/step66f_calibration_qc_candidates.csv	/mnt/h/vir/ST/results/step8_strokeniche_perturbmap/codex_handoff_strokeniche_UNAGI_like_63_68_20260602_011244/tables/track_level_perturbation_fdr_66f_manuscript_ready_summary
Step66_perturbation_fdr_summary	source_table_or_audit	/mnt/h/vir/ST/results/step8_strokeniche_perturbmap/codex_handoff_strokeniche_UNAGI_like_63_68_20260602_011244/tables/track_level_perturbation_fdr_66f_manuscript_ready_summary/step66f_manuscript_ready_perturbation_summary.csv	step66f_manuscript_ready_perturbation_summary.csv	.csv	14908	9843887224c9a86abbdc93f15db1704569d3e2332e7ecd2c2715c67ad14acce0	zenodo_data_results_bundle/tables/Step66_perturbation_fdr_summary/step66f_manuscript_ready_perturbation_summary.csv	/mnt/h/vir/ST/results/step8_strokeniche_perturbmap/codex_handoff_strokeniche_UNAGI_like_63_68_20260602_011244/tables/track_level_perturbation_fdr_66f_manuscript_ready_summary
Step66_perturbation_fdr_summary	source_table_or_audit	/mnt/h/vir/ST/results/step8_strokeniche_perturbmap/codex_handoff_strokeniche_UNAGI_like_63_68_20260602_011244/tables/track_level_perturbation_fdr_66f_manuscript_ready_summary/step66f_not_above_background_candidates.csv	step66f_not_above_background_candidates.csv	.csv	9030	6136cab9a470c98ddb78af83fb4e304a2dcacefba2046d38bed208b7bbf806cf	zenodo_data_results_bundle/tables/Step66_perturbation_fdr_summary/step66f_not_above_background_candidates.csv	/mnt/h/vir/ST/results/step8_strokeniche_perturbmap/codex_handoff_strokeniche_UNAGI_like_63_68_20260602_011244/tables/track_level_perturbation_fdr_66f_manuscript_ready_summary
Step66_perturbation_fdr_summary	source_table_or_audit	/mnt/h/vir/ST/results/step8_strokeniche_perturbmap/codex_handoff_strokeniche_UNAGI_like_63_68_20260602_011244/tables/track_level_perturbation_fdr_66f_manuscript_ready_summary/step66f_top_exploratory_candidates.csv	step66f_top_exploratory_candidates.csv	.csv	6729	cac9e993e8e12405f55ab062fbce56934830c59bf5bf45f8f147b4d0bfd9cd9a	zenodo_data_results_bundle/tables/Step66_perturbation_fdr_summary/step66f_top_exploratory_candidates.csv	/mnt/h/vir/ST/results/step8_strokeniche_perturbmap/codex_handoff_strokeniche_UNAGI_like_63_68_20260602_011244/tables/track_level_perturbation_fdr_66f_manuscript_ready_summary
Step66_perturbation_fdr_summary	source_table_or_audit	/mnt/h/vir/ST/results/step8_strokeniche_perturbmap/codex_handoff_strokeniche_UNAGI_like_63_68_20260602_011244/tables/track_level_perturbation_fdr_66f_manuscript_ready_summary/step66f_track_contribution_summary.csv	step66f_track_contribution_summary.csv	.csv	3721	6bf4ed3812a4871899975a830010efb927a1a2bd04eb5e063e012abcdf7983e3	zenodo_data_results_bundle/tables/Step66_perturbation_fdr_summary/step66f_track_contribution_summary.csv	/mnt/h/vir/ST/results/step8_strokeniche_perturbmap/codex_handoff_strokeniche_UNAGI_like_63_68_20260602_011244/tables/track_level_perturbation_fdr_66f_manuscript_ready_summary
Step66_perturbation_fdr_summary	source_table_or_audit	/mnt/h/vir/ST/results/step8_strokeniche_perturbmap/track_level_perturbation_fdr_66f_manuscript_ready_summary/step66f_calibration_qc_candidates.csv	step66f_calibration_qc_candidates.csv	.csv	147	150f2e3b05c02d8eb2d8d0236ad99a51a65671dbfddd6615c01ae93d68af9128	zenodo_data_results_bundle/tables/Step66_perturbation_fdr_summary/step66f_calibration_qc_candidates.csv	/mnt/h/vir/ST/results/step8_strokeniche_perturbmap/track_level_perturbation_fdr_66f_manuscript_ready_summary
Step66_perturbation_fdr_summary	source_table_or_audit	/mnt/h/vir/ST/results/step8_strokeniche_perturbmap/track_level_perturbation_fdr_66f_manuscript_ready_summary/step66f_manuscript_caption_and_results_text.txt	step66f_manuscript_caption_and_results_text.txt	.txt	5099	83eb839194bd8483296450fca5c0eb7b0a68d600fc732a298d75e3aef5b2af7a	zenodo_data_results_bundle/tables/Step66_perturbation_fdr_summary/step66f_manuscript_caption_and_results_text.txt	/mnt/h/vir/ST/results/step8_strokeniche_perturbmap/track_level_perturbation_fdr_66f_manuscript_ready_summary
Step66_perturbation_fdr_summary	source_table_or_audit	/mnt/h/vir/ST/results/step8_strokeniche_perturbmap/track_level_perturbation_fdr_66f_manuscript_ready_summary/step66f_manuscript_ready_perturbation_summary.csv	step66f_manuscript_ready_perturbation_summary.csv	.csv	14908	9843887224c9a86abbdc93f15db1704569d3e2332e7ecd2c2715c67ad14acce0	zenodo_data_results_bundle/tables/Step66_perturbation_fdr_summary/step66f_manuscript_ready_perturbation_summary.csv	/mnt/h/vir/ST/results/step8_strokeniche_perturbmap/track_level_perturbation_fdr_66f_manuscript_ready_summary
Step66_perturbation_fdr_summary	source_table_or_audit	/mnt/h/vir/ST/results/step8_strokeniche_perturbmap/track_level_perturbation_fdr_66f_manuscript_ready_summary/step66f_not_above_background_candidates.csv	step66f_not_above_background_candidates.csv	.csv	9030	6136cab9a470c98ddb78af83fb4e304a2dcacefba2046d38bed208b7bbf806cf	zenodo_data_results_bundle/tables/Step66_perturbation_fdr_summary/step66f_not_above_background_candidates.csv	/mnt/h/vir/ST/results/step8_strokeniche_perturbmap/track_level_perturbation_fdr_66f_manuscript_ready_summary
Step66_perturbation_fdr_summary	source_table_or_audit	/mnt/h/vir/ST/results/step8_strokeniche_perturbmap/track_level_perturbation_fdr_66f_manuscript_ready_summary/step66f_report.json	step66f_report.json	.json	5483	ac5b13d195020c184ea9ce6dde41fa206368affdbb57ab4328c8a5d1df621636	zenodo_data_results_bundle/tables/Step66_perturbation_fdr_summary/step66f_report.json	/mnt/h/vir/ST/results/step8_strokeniche_perturbmap/track_level_perturbation_fdr_66f_manuscript_ready_summary
Step66_perturbation_fdr_summary	source_table_or_audit	/mnt/h/vir/ST/results/step8_strokeniche_perturbmap/track_level_perturbation_fdr_66f_manuscript_ready_summary/step66f_report.txt	step66f_report.txt	.txt	13888	c5639971b69431ee1d28daa83a290cc9da36ebe65f2b76c1a96d50f805a218e3	zenodo_data_results_bundle/tables/Step66_perturbation_fdr_summary/step66f_report.txt	/mnt/h/vir/ST/results/step8_strokeniche_perturbmap/track_level_perturbation_fdr_66f_manuscript_ready_summary
Step66_perturbation_fdr_summary	source_table_or_audit	/mnt/h/vir/ST/results/step8_strokeniche_perturbmap/track_level_perturbation_fdr_66f_manuscript_ready_summary/step66f_top_exploratory_candidates.csv	step66f_top_exploratory_candidates.csv	.csv	6729	cac9e993e8e12405f55ab062fbce56934830c59bf5bf45f8f147b4d0bfd9cd9a	zenodo_data_results_bundle/tables/Step66_perturbation_fdr_summary/step66f_top_exploratory_candidates.csv	/mnt/h/vir/ST/results/step8_strokeniche_perturbmap/track_level_perturbation_fdr_66f_manuscript_ready_summary
Step66_perturbation_fdr_summary	source_table_or_audit	/mnt/h/vir/ST/results/step8_strokeniche_perturbmap/track_level_perturbation_fdr_66f_manuscript_ready_summary/step66f_track_contribution_summary.csv	step66f_track_contribution_summary.csv	.csv	3721	6bf4ed3812a4871899975a830010efb927a1a2bd04eb5e063e012abcdf7983e3	zenodo_data_results_bundle/tables/Step66_perturbation_fdr_summary/step66f_track_contribution_summary.csv	/mnt/h/vir/ST/results/step8_strokeniche_perturbmap/track_level_perturbation_fdr_66f_manuscript_ready_summary
Step68_validation_layer	source_table_or_audit	/mnt/h/vir/ST/results/step8_strokeniche_perturbmap/codex_handoff_strokeniche_UNAGI_like_63_68_20260602_011244/reports/validation_layer_68h_compartment_aware_debug/step68h_manuscript_ready_compartment_text.txt	step68h_manuscript_ready_compartment_text.txt	.txt	3983	65df97cf64063a4a8d6ad7afafe3d02432f7bef1c77a86028b8bf7370e5f24db	zenodo_data_results_bundle/tables/Step68_validation_layer/step68h_manuscript_ready_compartment_text.txt	/mnt/h/vir/ST/results/step8_strokeniche_perturbmap/codex_handoff_strokeniche_UNAGI_like_63_68_20260602_011244/reports/validation_layer_68h_compartment_aware_debug
Step68_validation_layer	source_table_or_audit	/mnt/h/vir/ST/results/step8_strokeniche_perturbmap/codex_handoff_strokeniche_UNAGI_like_63_68_20260602_011244/reports/validation_layer_68h_compartment_aware_debug/step68h_report.json	step68h_report.json	.json	3563	f9c7a10dfc5bfe7491b22e082c7aeb8ae8447f646575e2ea78296c7004016716	zenodo_data_results_bundle/tables/Step68_validation_layer/step68h_report.json	/mnt/h/vir/ST/results/step8_strokeniche_perturbmap/codex_handoff_strokeniche_UNAGI_like_63_68_20260602_011244/reports/validation_layer_68h_compartment_aware_debug
Step68_validation_layer	source_table_or_audit	/mnt/h/vir/ST/results/step8_strokeniche_perturbmap/codex_handoff_strokeniche_UNAGI_like_63_68_20260602_011244/reports/validation_layer_68h_compartment_aware_debug/step68h_report.txt	step68h_report.txt	.txt	15560	d61ab6d7665b9ca8135beb6f7d2e5b69b3d4dfa203fafc668d064d282bcf64e2	zenodo_data_results_bundle/tables/Step68_validation_layer/step68h_report.txt	/mnt/h/vir/ST/results/step8_strokeniche_perturbmap/codex_handoff_strokeniche_UNAGI_like_63_68_20260602_011244/reports/validation_layer_68h_compartment_aware_debug
Step68_validation_layer	source_table_or_audit	/mnt/h/vir/ST/results/step8_strokeniche_perturbmap/codex_handoff_strokeniche_UNAGI_like_63_68_20260602_011244/reports/validation_layer_68h_compartment_aware_debug_dryrun/step68h_manuscript_ready_compartment_text.txt	step68h_manuscript_ready_compartment_text.txt	.txt	3965	7c5f1b3d5089434b21d0ae060f558241402dad6d4d02d49b2be4713270ccd909	zenodo_data_results_bundle/tables/Step68_validation_layer/step68h_manuscript_ready_compartment_text.txt	/mnt/h/vir/ST/results/step8_strokeniche_perturbmap/codex_handoff_strokeniche_UNAGI_like_63_68_20260602_011244/reports/validation_layer_68h_compartment_aware_debug_dryrun
Step68_validation_layer	source_table_or_audit	/mnt/h/vir/ST/results/step8_strokeniche_perturbmap/codex_handoff_strokeniche_UNAGI_like_63_68_20260602_011244/reports/validation_layer_68h_compartment_aware_debug_dryrun/step68h_report.json	step68h_report.json	.json	3659	f5ca0954ea19aa117dc6c6d59e7aedd2c1782c7bac77e199895fcdcb65455e36	zenodo_data_results_bundle/tables/Step68_validation_layer/step68h_report.json	/mnt/h/vir/ST/results/step8_strokeniche_perturbmap/codex_handoff_strokeniche_UNAGI_like_63_68_20260602_011244/reports/validation_layer_68h_compartment_aware_debug_dryrun
Step68_validation_layer	source_table_or_audit	/mnt/h/vir/ST/results/step8_strokeniche_perturbmap/codex_handoff_strokeniche_UNAGI_like_63_68_20260602_011244/reports/validation_layer_68h_compartment_aware_debug_dryrun/step68h_report.txt	step68h_report.txt	.txt	15550	bd6fffe24989041ccfcd1b1a7156617aa32a6b7c68ca0b2f05928bf2b1aa56ad	zenodo_data_results_bundle/tables/Step68_validation_layer/step68h_report.txt	/mnt/h/vir/ST/results/step8_strokeniche_perturbmap/codex_handoff_strokeniche_UNAGI_like_63_68_20260602_011244/reports/validation_layer_68h_compartment_aware_debug_dryrun
Step68_validation_layer	source_table_or_audit	/mnt/h/vir/ST/results/step8_strokeniche_perturbmap/codex_handoff_strokeniche_UNAGI_like_63_68_20260602_011244/tables/validation_layer_68h_compartment_aware_debug/step68h_candidate_compartment_direction_summary.csv	step68h_candidate_compartment_direction_summary.csv	.csv	15613	d33707e919f5a21c6948fe5520610ceae6e8cf3c662767f5850f9b63e9165340	zenodo_data_results_bundle/tables/Step68_validation_layer/step68h_candidate_compartment_direction_summary.csv	/mnt/h/vir/ST/results/step8_strokeniche_perturbmap/codex_handoff_strokeniche_UNAGI_like_63_68_20260602_011244/tables/validation_layer_68h_compartment_aware_debug
Step68_validation_layer	source_table_or_audit	/mnt/h/vir/ST/results/step8_strokeniche_perturbmap/codex_handoff_strokeniche_UNAGI_like_63_68_20260602_011244/tables/validation_layer_68h_compartment_aware_debug/step68h_cell_compartment_assignment_summary.csv	step68h_cell_compartment_assignment_summary.csv	.csv	1571	bb6f4a721bba7da4ff2e339c416dcdb55228e91fddc62c2a9d504d620cee7bc8	zenodo_data_results_bundle/tables/Step68_validation_layer/step68h_cell_compartment_assignment_summary.csv	/mnt/h/vir/ST/results/step8_strokeniche_perturbmap/codex_handoff_strokeniche_UNAGI_like_63_68_20260602_011244/tables/validation_layer_68h_compartment_aware_debug
Step68_validation_layer	source_table_or_audit	/mnt/h/vir/ST/results/step8_strokeniche_perturbmap/codex_handoff_strokeniche_UNAGI_like_63_68_20260602_011244/tables/validation_layer_68h_compartment_aware_debug/step68h_compartment_marker_gene_audit.csv	step68h_compartment_marker_gene_audit.csv	.csv	848	fa676560e6fd1077f55af6c64492bf9fb5af008d707e58514be76269274e5dd2	zenodo_data_results_bundle/tables/Step68_validation_layer/step68h_compartment_marker_gene_audit.csv	/mnt/h/vir/ST/results/step8_strokeniche_perturbmap/codex_handoff_strokeniche_UNAGI_like_63_68_20260602_011244/tables/validation_layer_68h_compartment_aware_debug
Step68_validation_layer	source_table_or_audit	/mnt/h/vir/ST/results/step8_strokeniche_perturbmap/codex_handoff_strokeniche_UNAGI_like_63_68_20260602_011244/tables/validation_layer_68h_compartment_aware_debug/step68h_final_compartment_rescue_summary.csv	step68h_final_compartment_rescue_summary.csv	.csv	4986	c13520d50df986e5666e62a3830e322183f50eb34787c62a138ba820a206fee2	zenodo_data_results_bundle/tables/Step68_validation_layer/step68h_final_compartment_rescue_summary.csv	/mnt/h/vir/ST/results/step8_strokeniche_perturbmap/codex_handoff_strokeniche_UNAGI_like_63_68_20260602_011244/tables/validation_layer_68h_compartment_aware_debug
Step68_validation_layer	source_table_or_audit	/mnt/h/vir/ST/results/step8_strokeniche_perturbmap/codex_handoff_strokeniche_UNAGI_like_63_68_20260602_011244/tables/validation_layer_68h_compartment_aware_debug_dryrun/step68h_candidate_compartment_direction_summary.csv	step68h_candidate_compartment_direction_summary.csv	.csv	15636	1fe2740457bc0d82e80ebf635a46e518d67e86bbaa3ccb9efeb7bf367c8bbc95	zenodo_data_results_bundle/tables/Step68_validation_layer/step68h_candidate_compartment_direction_summary.csv	/mnt/h/vir/ST/results/step8_strokeniche_perturbmap/codex_handoff_strokeniche_UNAGI_like_63_68_20260602_011244/tables/validation_layer_68h_compartment_aware_debug_dryrun
Step68_validation_layer	source_table_or_audit	/mnt/h/vir/ST/results/step8_strokeniche_perturbmap/codex_handoff_strokeniche_UNAGI_like_63_68_20260602_011244/tables/validation_layer_68h_compartment_aware_debug_dryrun/step68h_cell_compartment_assignment_summary.csv	step68h_cell_compartment_assignment_summary.csv	.csv	1571	bb6f4a721bba7da4ff2e339c416dcdb55228e91fddc62c2a9d504d620cee7bc8	zenodo_data_results_bundle/tables/Step68_validation_layer/step68h_cell_compartment_assignment_summary.csv	/mnt/h/vir/ST/results/step8_strokeniche_perturbmap/codex_handoff_strokeniche_UNAGI_like_63_68_20260602_011244/tables/validation_layer_68h_compartment_aware_debug_dryrun
Step68_validation_layer	source_table_or_audit	/mnt/h/vir/ST/results/step8_strokeniche_perturbmap/codex_handoff_strokeniche_UNAGI_like_63_68_20260602_011244/tables/validation_layer_68h_compartment_aware_debug_dryrun/step68h_compartment_marker_gene_audit.csv	step68h_compartment_marker_gene_audit.csv	.csv	848	fa676560e6fd1077f55af6c64492bf9fb5af008d707e58514be76269274e5dd2	zenodo_data_results_bundle/tables/Step68_validation_layer/step68h_compartment_marker_gene_audit.csv	/mnt/h/vir/ST/results/step8_strokeniche_perturbmap/codex_handoff_strokeniche_UNAGI_like_63_68_20260602_011244/tables/validation_layer_68h_compartment_aware_debug_dryrun
Step68_validation_layer	source_table_or_audit	/mnt/h/vir/ST/results/step8_strokeniche_perturbmap/codex_handoff_strokeniche_UNAGI_like_63_68_20260602_011244/tables/validation_layer_68h_compartment_aware_debug_dryrun/step68h_final_compartment_rescue_summary.csv	step68h_final_compartment_rescue_summary.csv	.csv	4966	bfaaa4976bf05fa1fe84664a1351b5b4aa22ac76b7e612435c90a4792f87bd4b	zenodo_data_results_bundle/tables/Step68_validation_layer/step68h_final_compartment_rescue_summary.csv	/mnt/h/vir/ST/results/step8_strokeniche_perturbmap/codex_handoff_strokeniche_UNAGI_like_63_68_20260602_011244/tables/validation_layer_68h_compartment_aware_debug_dryrun
Step68_validation_layer	source_table_or_audit	/mnt/h/vir/ST/results/step8_strokeniche_perturbmap/validation_layer_68h_compartment_aware_debug/step68h_candidate_compartment_direction_summary.csv	step68h_candidate_compartment_direction_summary.csv	.csv	15613	d33707e919f5a21c6948fe5520610ceae6e8cf3c662767f5850f9b63e9165340	zenodo_data_results_bundle/tables/Step68_validation_layer/step68h_candidate_compartment_direction_summary.csv	/mnt/h/vir/ST/results/step8_strokeniche_perturbmap/validation_layer_68h_compartment_aware_debug
Step68_validation_layer	source_table_or_audit	/mnt/h/vir/ST/results/step8_strokeniche_perturbmap/validation_layer_68h_compartment_aware_debug/step68h_cell_compartment_assignment_summary.csv	step68h_cell_compartment_assignment_summary.csv	.csv	1571	bb6f4a721bba7da4ff2e339c416dcdb55228e91fddc62c2a9d504d620cee7bc8	zenodo_data_results_bundle/tables/Step68_validation_layer/step68h_cell_compartment_assignment_summary.csv	/mnt/h/vir/ST/results/step8_strokeniche_perturbmap/validation_layer_68h_compartment_aware_debug
Step68_validation_layer	source_table_or_audit	/mnt/h/vir/ST/results/step8_strokeniche_perturbmap/validation_layer_68h_compartment_aware_debug/step68h_compartment_marker_gene_audit.csv	step68h_compartment_marker_gene_audit.csv	.csv	848	fa676560e6fd1077f55af6c64492bf9fb5af008d707e58514be76269274e5dd2	zenodo_data_results_bundle/tables/Step68_validation_layer/step68h_compartment_marker_gene_audit.csv	/mnt/h/vir/ST/results/step8_strokeniche_perturbmap/validation_layer_68h_compartment_aware_debug
Step68_validation_layer	source_table_or_audit	/mnt/h/vir/ST/results/step8_strokeniche_perturbmap/validation_layer_68h_compartment_aware_debug/step68h_final_compartment_rescue_summary.csv	step68h_final_compartment_rescue_summary.csv	.csv	4986	c13520d50df986e5666e62a3830e322183f50eb34787c62a138ba820a206fee2	zenodo_data_results_bundle/tables/Step68_validation_layer/step68h_final_compartment_rescue_summary.csv	/mnt/h/vir/ST/results/step8_strokeniche_perturbmap/validation_layer_68h_compartment_aware_debug
Step68_validation_layer	source_table_or_audit	/mnt/h/vir/ST/results/step8_strokeniche_perturbmap/validation_layer_68h_compartment_aware_debug/step68h_manuscript_ready_compartment_text.txt	step68h_manuscript_ready_compartment_text.txt	.txt	3983	65df97cf64063a4a8d6ad7afafe3d02432f7bef1c77a86028b8bf7370e5f24db	zenodo_data_results_bundle/tables/Step68_validation_layer/step68h_manuscript_ready_compartment_text.txt	/mnt/h/vir/ST/results/step8_strokeniche_perturbmap/validation_layer_68h_compartment_aware_debug
Step68_validation_layer	source_table_or_audit	/mnt/h/vir/ST/results/step8_strokeniche_perturbmap/validation_layer_68h_compartment_aware_debug/step68h_report.json	step68h_report.json	.json	3563	f9c7a10dfc5bfe7491b22e082c7aeb8ae8447f646575e2ea78296c7004016716	zenodo_data_results_bundle/tables/Step68_validation_layer/step68h_report.json	/mnt/h/vir/ST/results/step8_strokeniche_perturbmap/validation_layer_68h_compartment_aware_debug
Step68_validation_layer	source_table_or_audit	/mnt/h/vir/ST/results/step8_strokeniche_perturbmap/validation_layer_68h_compartment_aware_debug/step68h_report.txt	step68h_report.txt	.txt	15560	d61ab6d7665b9ca8135beb6f7d2e5b69b3d4dfa203fafc668d064d282bcf64e2	zenodo_data_results_bundle/tables/Step68_validation_layer/step68h_report.txt	/mnt/h/vir/ST/results/step8_strokeniche_perturbmap/validation_layer_68h_compartment_aware_debug
Step68_validation_layer	source_table_or_audit	/mnt/h/vir/ST/results/step8_strokeniche_perturbmap/validation_layer_68h_compartment_aware_debug_dryrun/step68h_candidate_compartment_direction_summary.csv	step68h_candidate_compartment_direction_summary.csv	.csv	15636	1fe2740457bc0d82e80ebf635a46e518d67e86bbaa3ccb9efeb7bf367c8bbc95	zenodo_data_results_bundle/tables/Step68_validation_layer/step68h_candidate_compartment_direction_summary.csv	/mnt/h/vir/ST/results/step8_strokeniche_perturbmap/validation_layer_68h_compartment_aware_debug_dryrun
Step68_validation_layer	source_table_or_audit	/mnt/h/vir/ST/results/step8_strokeniche_perturbmap/validation_layer_68h_compartment_aware_debug_dryrun/step68h_cell_compartment_assignment_summary.csv	step68h_cell_compartment_assignment_summary.csv	.csv	1571	bb6f4a721bba7da4ff2e339c416dcdb55228e91fddc62c2a9d504d620cee7bc8	zenodo_data_results_bundle/tables/Step68_validation_layer/step68h_cell_compartment_assignment_summary.csv	/mnt/h/vir/ST/results/step8_strokeniche_perturbmap/validation_layer_68h_compartment_aware_debug_dryrun
Step68_validation_layer	source_table_or_audit	/mnt/h/vir/ST/results/step8_strokeniche_perturbmap/validation_layer_68h_compartment_aware_debug_dryrun/step68h_compartment_marker_gene_audit.csv	step68h_compartment_marker_gene_audit.csv	.csv	848	fa676560e6fd1077f55af6c64492bf9fb5af008d707e58514be76269274e5dd2	zenodo_data_results_bundle/tables/Step68_validation_layer/step68h_compartment_marker_gene_audit.csv	/mnt/h/vir/ST/results/step8_strokeniche_perturbmap/validation_layer_68h_compartment_aware_debug_dryrun
Step68_validation_layer	source_table_or_audit	/mnt/h/vir/ST/results/step8_strokeniche_perturbmap/validation_layer_68h_compartment_aware_debug_dryrun/step68h_final_compartment_rescue_summary.csv	step68h_final_compartment_rescue_summary.csv	.csv	4966	bfaaa4976bf05fa1fe84664a1351b5b4aa22ac76b7e612435c90a4792f87bd4b	zenodo_data_results_bundle/tables/Step68_validation_layer/step68h_final_compartment_rescue_summary.csv	/mnt/h/vir/ST/results/step8_strokeniche_perturbmap/validation_layer_68h_compartment_aware_debug_dryrun
Step68_validation_layer	source_table_or_audit	/mnt/h/vir/ST/results/step8_strokeniche_perturbmap/validation_layer_68h_compartment_aware_debug_dryrun/step68h_manuscript_ready_compartment_text.txt	step68h_manuscript_ready_compartment_text.txt	.txt	3965	7c5f1b3d5089434b21d0ae060f558241402dad6d4d02d49b2be4713270ccd909	zenodo_data_results_bundle/tables/Step68_validation_layer/step68h_manuscript_ready_compartment_text.txt	/mnt/h/vir/ST/results/step8_strokeniche_perturbmap/validation_layer_68h_compartment_aware_debug_dryrun
Step68_validation_layer	source_table_or_audit	/mnt/h/vir/ST/results/step8_strokeniche_perturbmap/validation_layer_68h_compartment_aware_debug_dryrun/step68h_report.json	step68h_report.json	.json	3659	f5ca0954ea19aa117dc6c6d59e7aedd2c1782c7bac77e199895fcdcb65455e36	zenodo_data_results_bundle/tables/Step68_validation_layer/step68h_report.json	/mnt/h/vir/ST/results/step8_strokeniche_perturbmap/validation_layer_68h_compartment_aware_debug_dryrun
Step68_validation_layer	source_table_or_audit	/mnt/h/vir/ST/results/step8_strokeniche_perturbmap/validation_layer_68h_compartment_aware_debug_dryrun/step68h_report.txt	step68h_report.txt	.txt	15550	bd6fffe24989041ccfcd1b1a7156617aa32a6b7c68ca0b2f05928bf2b1aa56ad	zenodo_data_results_bundle/tables/Step68_validation_layer/step68h_report.txt	/mnt/h/vir/ST/results/step8_strokeniche_perturbmap/validation_layer_68h_compartment_aware_debug_dryrun
Step69_trajectory_virtual_perturbation_main	source_table_or_audit	/mnt/h/vir/ST/results/step8_strokeniche_perturbmap/main_figure_69_trajectory_aware_virtual_perturbation_manual_v2/step69_main_figure_report.json	step69_main_figure_report.json	.json	5474	1351b6ea9e345efe8ca6097d5bd03bcdce1b914c6392f50f1618f2b79a311a3c	zenodo_data_results_bundle/tables/Step69_trajectory_virtual_perturbation_main/step69_main_figure_report.json	/mnt/h/vir/ST/results/step8_strokeniche_perturbmap/main_figure_69_trajectory_aware_virtual_perturbation_manual_v2
Step69_trajectory_virtual_perturbation_main	source_table_or_audit	/mnt/h/vir/ST/results/step8_strokeniche_perturbmap/main_figure_69_trajectory_aware_virtual_perturbation_manual_v2/step69_main_figure_report.txt	step69_main_figure_report.txt	.txt	6554	0f1c1d81ca291225b959b76728d125bc7de85b0ff4d8600b1179b41a0d2f89ec	zenodo_data_results_bundle/tables/Step69_trajectory_virtual_perturbation_main/step69_main_figure_report.txt	/mnt/h/vir/ST/results/step8_strokeniche_perturbmap/main_figure_69_trajectory_aware_virtual_perturbation_manual_v2
Step69_trajectory_virtual_perturbation_main	source_table_or_audit	/mnt/h/vir/ST/results/step8_strokeniche_perturbmap/main_figure_69b_trajectory_aware_virtual_perturbation_polished/step69_main_figure_report.json	step69_main_figure_report.json	.json	5474	b6031c7365128cbd280cc611c30988928e63740902ea611dcd5773d101d29e96	zenodo_data_results_bundle/tables/Step69_trajectory_virtual_perturbation_main/step69_main_figure_report.json	/mnt/h/vir/ST/results/step8_strokeniche_perturbmap/main_figure_69b_trajectory_aware_virtual_perturbation_polished
Step69_trajectory_virtual_perturbation_main	source_table_or_audit	/mnt/h/vir/ST/results/step8_strokeniche_perturbmap/main_figure_69b_trajectory_aware_virtual_perturbation_polished/step69_main_figure_report.txt	step69_main_figure_report.txt	.txt	6554	891a5e73d2f8dc75ea4b6989365142589ac83792694584a506039136c56ff257	zenodo_data_results_bundle/tables/Step69_trajectory_virtual_perturbation_main/step69_main_figure_report.txt	/mnt/h/vir/ST/results/step8_strokeniche_perturbmap/main_figure_69b_trajectory_aware_virtual_perturbation_polished
Step69_trajectory_virtual_perturbation_main	source_table_or_audit	/mnt/h/vir/ST/results/step8_strokeniche_perturbmap/main_figure_69c_trajectory_aware_virtual_perturbation_polished/step69_main_figure_report.json	step69_main_figure_report.json	.json	5474	673cfe7909560777bc75b52ed268a7aabfdb64ce732b4ae794ae61a8c85f61a7	zenodo_data_results_bundle/tables/Step69_trajectory_virtual_perturbation_main/step69_main_figure_report.json	/mnt/h/vir/ST/results/step8_strokeniche_perturbmap/main_figure_69c_trajectory_aware_virtual_perturbation_polished
Step69_trajectory_virtual_perturbation_main	source_table_or_audit	/mnt/h/vir/ST/results/step8_strokeniche_perturbmap/main_figure_69c_trajectory_aware_virtual_perturbation_polished/step69_main_figure_report.txt	step69_main_figure_report.txt	.txt	6554	c9569ae267c9449fb78822feb48ea850fce5e45c4466806d6e4dbab6706d18ab	zenodo_data_results_bundle/tables/Step69_trajectory_virtual_perturbation_main/step69_main_figure_report.txt	/mnt/h/vir/ST/results/step8_strokeniche_perturbmap/main_figure_69c_trajectory_aware_virtual_perturbation_polished
Step70_virtual_KO_spatial_rescue	source_table_or_audit	/mnt/h/vir/ST/results/step8_strokeniche_perturbmap/virtual_ko_spatial_rescue_70/step70_candidate_selection_audit.csv	step70_candidate_selection_audit.csv	.csv	1477	ae02c8f8a62eb5e3dcc18298335acf9519a4a59165b7ffbca110de5bc63decb3	zenodo_data_results_bundle/tables/Step70_virtual_KO_spatial_rescue/step70_candidate_selection_audit.csv	/mnt/h/vir/ST/results/step8_strokeniche_perturbmap/virtual_ko_spatial_rescue_70
Step70_virtual_KO_spatial_rescue	source_table_or_audit	/mnt/h/vir/ST/results/step8_strokeniche_perturbmap/virtual_ko_spatial_rescue_70/step70_report.json	step70_report.json	.json	3053	475a090bbfd7da137e786ce3ef0e3694134278e43b8428d5f35a206cb8445c7f	zenodo_data_results_bundle/tables/Step70_virtual_KO_spatial_rescue/step70_report.json	/mnt/h/vir/ST/results/step8_strokeniche_perturbmap/virtual_ko_spatial_rescue_70
Step70_virtual_KO_spatial_rescue	source_table_or_audit	/mnt/h/vir/ST/results/step8_strokeniche_perturbmap/virtual_ko_spatial_rescue_70/step70_report.txt	step70_report.txt	.txt	8450	1bb50b0fd75d9d2f7c1d7fddbd701218a40edf7b108c41f408682a314ac8e149	zenodo_data_results_bundle/tables/Step70_virtual_KO_spatial_rescue/step70_report.txt	/mnt/h/vir/ST/results/step8_strokeniche_perturbmap/virtual_ko_spatial_rescue_70
Step70_virtual_KO_spatial_rescue	source_table_or_audit	/mnt/h/vir/ST/results/step8_strokeniche_perturbmap/virtual_ko_spatial_rescue_70/step70_virtual_spatial_rescue_cell_values.csv	step70_virtual_spatial_rescue_cell_values.csv	.csv	17697209	6787a9c22187df1a30420283fa63766098aaaa8c53b525874a7699207f587999	zenodo_data_results_bundle/tables/Step70_virtual_KO_spatial_rescue/step70_virtual_spatial_rescue_cell_values.csv	/mnt/h/vir/ST/results/step8_strokeniche_perturbmap/virtual_ko_spatial_rescue_70
Step70_virtual_KO_spatial_rescue	source_table_or_audit	/mnt/h/vir/ST/results/step8_strokeniche_perturbmap/virtual_ko_spatial_rescue_70/step70_virtual_spatial_rescue_summary.csv	step70_virtual_spatial_rescue_summary.csv	.csv	1862	db26e819963c919dc3fdab13a5317d8c17c26878d595d50e09e69b75c531aac5	zenodo_data_results_bundle/tables/Step70_virtual_KO_spatial_rescue/step70_virtual_spatial_rescue_summary.csv	/mnt/h/vir/ST/results/step8_strokeniche_perturbmap/virtual_ko_spatial_rescue_70
Step70_virtual_KO_spatial_rescue	source_table_or_audit	/mnt/h/vir/ST/results/step8_strokeniche_perturbmap/virtual_ko_spatial_rescue_70b_label_corrected/step70_candidate_selection_audit.csv	step70_candidate_selection_audit.csv	.csv	1479	718c3c42374d0cc0dfef1a09408708521c01463dc4284ce3ce3c269c531e98cf	zenodo_data_results_bundle/tables/Step70_virtual_KO_spatial_rescue/step70_candidate_selection_audit.csv	/mnt/h/vir/ST/results/step8_strokeniche_perturbmap/virtual_ko_spatial_rescue_70b_label_corrected
Step70_virtual_KO_spatial_rescue	source_table_or_audit	/mnt/h/vir/ST/results/step8_strokeniche_perturbmap/virtual_ko_spatial_rescue_70b_label_corrected/step70_report.json	step70_report.json	.json	3284	805a38a25bd005107369dcf855aaa945fcdbff1075fc1991dddc73aa787bd806	zenodo_data_results_bundle/tables/Step70_virtual_KO_spatial_rescue/step70_report.json	/mnt/h/vir/ST/results/step8_strokeniche_perturbmap/virtual_ko_spatial_rescue_70b_label_corrected
Step70_virtual_KO_spatial_rescue	source_table_or_audit	/mnt/h/vir/ST/results/step8_strokeniche_perturbmap/virtual_ko_spatial_rescue_70b_label_corrected/step70_report.txt	step70_report.txt	.txt	8681	575d96aa8d43145222d9609a77b522d27af85b31f6640dc18ec24d75a9a87160	zenodo_data_results_bundle/tables/Step70_virtual_KO_spatial_rescue/step70_report.txt	/mnt/h/vir/ST/results/step8_strokeniche_perturbmap/virtual_ko_spatial_rescue_70b_label_corrected
Step70_virtual_KO_spatial_rescue	source_table_or_audit	/mnt/h/vir/ST/results/step8_strokeniche_perturbmap/virtual_ko_spatial_rescue_70b_label_corrected/step70_virtual_spatial_rescue_cell_values.csv	step70_virtual_spatial_rescue_cell_values.csv	.csv	17697209	792d5bd8c2028a2bcd02f49659cc252041f4c1d736ff078df2cc19ba20e9c267	zenodo_data_results_bundle/tables/Step70_virtual_KO_spatial_rescue/step70_virtual_spatial_rescue_cell_values.csv	/mnt/h/vir/ST/results/step8_strokeniche_perturbmap/virtual_ko_spatial_rescue_70b_label_corrected
Step70_virtual_KO_spatial_rescue	source_table_or_audit	/mnt/h/vir/ST/results/step8_strokeniche_perturbmap/virtual_ko_spatial_rescue_70b_label_corrected/step70_virtual_spatial_rescue_summary.csv	step70_virtual_spatial_rescue_summary.csv	.csv	1864	9a1575a3ddc589a6a76b2f05910d89008974d90b2f160bbd6ddb3089905944e0	zenodo_data_results_bundle/tables/Step70_virtual_KO_spatial_rescue/step70_virtual_spatial_rescue_summary.csv	/mnt/h/vir/ST/results/step8_strokeniche_perturbmap/virtual_ko_spatial_rescue_70b_label_corrected
Step71_state_probability_shift_sensitivity	source_table_or_audit	/mnt/h/vir/ST/results/step8_strokeniche_perturbmap/state_probability_shift_71_from66e/step71_patch_audit.json	step71_patch_audit.json	.json	322	428da447a4a66eabc7e5665f181fcdd5414164c2162f683c66774824dfffe845	zenodo_data_results_bundle/tables/Step71_state_probability_shift_sensitivity/step71_patch_audit.json	/mnt/h/vir/ST/results/step8_strokeniche_perturbmap/state_probability_shift_71_from66e
Step71_state_probability_shift_sensitivity	source_table_or_audit	/mnt/h/vir/ST/results/step8_strokeniche_perturbmap/state_probability_shift_71_from66e/step71_report.json	step71_report.json	.json	2952	161cfa5f2d78ecee824e31c22c697a7eb9332b66c62c0b9db9248ccd97e1e802	zenodo_data_results_bundle/tables/Step71_state_probability_shift_sensitivity/step71_report.json	/mnt/h/vir/ST/results/step8_strokeniche_perturbmap/state_probability_shift_71_from66e
Step71_state_probability_shift_sensitivity	source_table_or_audit	/mnt/h/vir/ST/results/step8_strokeniche_perturbmap/state_probability_shift_71_from66e/step71_report.txt	step71_report.txt	.txt	2952	161cfa5f2d78ecee824e31c22c697a7eb9332b66c62c0b9db9248ccd97e1e802	zenodo_data_results_bundle/tables/Step71_state_probability_shift_sensitivity/step71_report.txt	/mnt/h/vir/ST/results/step8_strokeniche_perturbmap/state_probability_shift_71_from66e
Step71_state_probability_shift_sensitivity	source_table_or_audit	/mnt/h/vir/ST/results/step8_strokeniche_perturbmap/state_probability_shift_71_from66e/step71_state_probability_shift_alluvial_links.csv	step71_state_probability_shift_alluvial_links.csv	.csv	4369	dbcdd46b7d6ccfa410bdea0c395c0bb166d074059222a8be8218401d93324309	zenodo_data_results_bundle/tables/Step71_state_probability_shift_sensitivity/step71_state_probability_shift_alluvial_links.csv	/mnt/h/vir/ST/results/step8_strokeniche_perturbmap/state_probability_shift_71_from66e
Step71_state_probability_shift_sensitivity	source_table_or_audit	/mnt/h/vir/ST/results/step8_strokeniche_perturbmap/state_probability_shift_71_from66e/step71_state_probability_shift_celllevel_used.csv	step71_state_probability_shift_celllevel_used.csv	.csv	64272116	48767c2cd8e0f484b30960af71153ec3d029536f6a2733f490196576f218834a	zenodo_data_results_bundle/tables/Step71_state_probability_shift_sensitivity/step71_state_probability_shift_celllevel_used.csv	/mnt/h/vir/ST/results/step8_strokeniche_perturbmap/state_probability_shift_71_from66e
Step71_state_probability_shift_sensitivity	source_table_or_audit	/mnt/h/vir/ST/results/step8_strokeniche_perturbmap/state_probability_shift_71_from66e/step71_state_probability_shift_summary.csv	step71_state_probability_shift_summary.csv	.csv	3108	cc8b5292a56891f937a5dfe52466e9bfe2ce207362fef4f3bb827738e94804bb	zenodo_data_results_bundle/tables/Step71_state_probability_shift_sensitivity/step71_state_probability_shift_summary.csv	/mnt/h/vir/ST/results/step8_strokeniche_perturbmap/state_probability_shift_71_from66e
Step71_state_probability_shift_sensitivity	source_table_or_audit	/mnt/h/vir/ST/results/step8_strokeniche_perturbmap/state_probability_shift_71b_from66e_polished/step71b_hard_argmax_transition_audit.csv	step71b_hard_argmax_transition_audit.csv	.csv	4665	9259133a6fa7aa9139e130bb3f46b64f90ed4be4e7a8f022d1a35ac1e89fd59a	zenodo_data_results_bundle/tables/Step71_state_probability_shift_sensitivity/step71b_hard_argmax_transition_audit.csv	/mnt/h/vir/ST/results/step8_strokeniche_perturbmap/state_probability_shift_71b_from66e_polished
Step71_state_probability_shift_sensitivity	source_table_or_audit	/mnt/h/vir/ST/results/step8_strokeniche_perturbmap/state_probability_shift_71b_from66e_polished/step71b_minimal_flow_alluvial_links.csv	step71b_minimal_flow_alluvial_links.csv	.csv	4790	09e1d5edade626df0c0632759167917dff4feda8145575e9f75b7545c44be6a8	zenodo_data_results_bundle/tables/Step71_state_probability_shift_sensitivity/step71b_minimal_flow_alluvial_links.csv	/mnt/h/vir/ST/results/step8_strokeniche_perturbmap/state_probability_shift_71b_from66e_polished
Step71_state_probability_shift_sensitivity	source_table_or_audit	/mnt/h/vir/ST/results/step8_strokeniche_perturbmap/state_probability_shift_71b_from66e_polished/step71b_patch_audit.json	step71b_patch_audit.json	.json	322	428da447a4a66eabc7e5665f181fcdd5414164c2162f683c66774824dfffe845	zenodo_data_results_bundle/tables/Step71_state_probability_shift_sensitivity/step71b_patch_audit.json	/mnt/h/vir/ST/results/step8_strokeniche_perturbmap/state_probability_shift_71b_from66e_polished
Step71_state_probability_shift_sensitivity	source_table_or_audit	/mnt/h/vir/ST/results/step8_strokeniche_perturbmap/state_probability_shift_71b_from66e_polished/step71b_report.json	step71b_report.json	.json	3609	b09ba4d6ac8e227f2b0a343854004f50a0de192f41b9e1db510ac2e0a6e63f49	zenodo_data_results_bundle/tables/Step71_state_probability_shift_sensitivity/step71b_report.json	/mnt/h/vir/ST/results/step8_strokeniche_perturbmap/state_probability_shift_71b_from66e_polished
Step71_state_probability_shift_sensitivity	source_table_or_audit	/mnt/h/vir/ST/results/step8_strokeniche_perturbmap/state_probability_shift_71b_from66e_polished/step71b_report.txt	step71b_report.txt	.txt	3609	b09ba4d6ac8e227f2b0a343854004f50a0de192f41b9e1db510ac2e0a6e63f49	zenodo_data_results_bundle/tables/Step71_state_probability_shift_sensitivity/step71b_report.txt	/mnt/h/vir/ST/results/step8_strokeniche_perturbmap/state_probability_shift_71b_from66e_polished
Step71_state_probability_shift_sensitivity	source_table_or_audit	/mnt/h/vir/ST/results/step8_strokeniche_perturbmap/state_probability_shift_71b_from66e_polished/step71b_state_probability_shift_celllevel_used.csv	step71b_state_probability_shift_celllevel_used.csv	.csv	30600679	1011dcaaa6a2c1afcb66657f3cc811743ce9ec58f43a361ef8eb51b517454197	zenodo_data_results_bundle/tables/Step71_state_probability_shift_sensitivity/step71b_state_probability_shift_celllevel_used.csv	/mnt/h/vir/ST/results/step8_strokeniche_perturbmap/state_probability_shift_71b_from66e_polished
Step71_state_probability_shift_sensitivity	source_table_or_audit	/mnt/h/vir/ST/results/step8_strokeniche_perturbmap/state_probability_shift_71b_from66e_polished/step71b_state_probability_shift_summary.csv	step71b_state_probability_shift_summary.csv	.csv	2849	553df9c5066f9a006f6e88fef350f22c518d712fad060289617a77bce3f5500e	zenodo_data_results_bundle/tables/Step71_state_probability_shift_sensitivity/step71b_state_probability_shift_summary.csv	/mnt/h/vir/ST/results/step8_strokeniche_perturbmap/state_probability_shift_71b_from66e_polished
Step71_state_probability_shift_sensitivity	source_table_or_audit	/mnt/h/vir/ST/results/step8_strokeniche_perturbmap/state_probability_shift_71b_polished/step71b_hard_argmax_transition_audit.csv	step71b_hard_argmax_transition_audit.csv	.csv	4433	d4b4daa38a686bb39622c6abe226a30bb2211dce7d3e45e5eaad76a284b19e50	zenodo_data_results_bundle/tables/Step71_state_probability_shift_sensitivity/step71b_hard_argmax_transition_audit.csv	/mnt/h/vir/ST/results/step8_strokeniche_perturbmap/state_probability_shift_71b_polished
Step71_state_probability_shift_sensitivity	source_table_or_audit	/mnt/h/vir/ST/results/step8_strokeniche_perturbmap/state_probability_shift_71b_polished/step71b_minimal_flow_alluvial_links.csv	step71b_minimal_flow_alluvial_links.csv	.csv	4784	d8d3a0d44edfbde3e74a70042911bf7878e5403aa0e1918cca2060c5780e6dd0	zenodo_data_results_bundle/tables/Step71_state_probability_shift_sensitivity/step71b_minimal_flow_alluvial_links.csv	/mnt/h/vir/ST/results/step8_strokeniche_perturbmap/state_probability_shift_71b_polished
Step71_state_probability_shift_sensitivity	source_table_or_audit	/mnt/h/vir/ST/results/step8_strokeniche_perturbmap/state_probability_shift_71b_polished/step71b_patch_audit.json	step71b_patch_audit.json	.json	876	be88f5f14779fe49b8704e9c38a83bc49cc8450422a5695af670b57dc4e1953c	zenodo_data_results_bundle/tables/Step71_state_probability_shift_sensitivity/step71b_patch_audit.json	/mnt/h/vir/ST/results/step8_strokeniche_perturbmap/state_probability_shift_71b_polished
Step71_state_probability_shift_sensitivity	source_table_or_audit	/mnt/h/vir/ST/results/step8_strokeniche_perturbmap/state_probability_shift_71b_polished/step71b_report.json	step71b_report.json	.json	4044	b97cb31c44d62318d8c993677a7bab15993dde0fdbf88a74ab07b7adb1a75dc4	zenodo_data_results_bundle/tables/Step71_state_probability_shift_sensitivity/step71b_report.json	/mnt/h/vir/ST/results/step8_strokeniche_perturbmap/state_probability_shift_71b_polished
Step71_state_probability_shift_sensitivity	source_table_or_audit	/mnt/h/vir/ST/results/step8_strokeniche_perturbmap/state_probability_shift_71b_polished/step71b_report.txt	step71b_report.txt	.txt	4044	b97cb31c44d62318d8c993677a7bab15993dde0fdbf88a74ab07b7adb1a75dc4	zenodo_data_results_bundle/tables/Step71_state_probability_shift_sensitivity/step71b_report.txt	/mnt/h/vir/ST/results/step8_strokeniche_perturbmap/state_probability_shift_71b_polished
Step71_state_probability_shift_sensitivity	source_table_or_audit	/mnt/h/vir/ST/results/step8_strokeniche_perturbmap/state_probability_shift_71b_polished/step71b_state_probability_shift_celllevel_used.csv	step71b_state_probability_shift_celllevel_used.csv	.csv	22474670	99e8fad038e3c3ef877dbee02c5aed2edfe25375687237d5104fcf9af204f3fe	zenodo_data_results_bundle/tables/Step71_state_probability_shift_sensitivity/step71b_state_probability_shift_celllevel_used.csv	/mnt/h/vir/ST/results/step8_strokeniche_perturbmap/state_probability_shift_71b_polished
Step71_state_probability_shift_sensitivity	source_table_or_audit	/mnt/h/vir/ST/results/step8_strokeniche_perturbmap/state_probability_shift_71b_polished/step71b_state_probability_shift_summary.csv	step71b_state_probability_shift_summary.csv	.csv	2867	65f425d751014bd1f1368e2665840ec1cf3a6b0d8aff24e375154581f63ececd	zenodo_data_results_bundle/tables/Step71_state_probability_shift_sensitivity/step71b_state_probability_shift_summary.csv	/mnt/h/vir/ST/results/step8_strokeniche_perturbmap/state_probability_shift_71b_polished
Step71_state_probability_shift_sensitivity	source_table_or_audit	/mnt/h/vir/ST/results/step8_strokeniche_perturbmap/state_probability_shift_71c_from66e_net_redistribution/step71c_net_redistribution_flow_links.csv	step71c_net_redistribution_flow_links.csv	.csv	1134	a01ded6a8c9c15a0a57fdd7c9a619f6b67f69946dc852c3fb7e1168642a0e7ce	zenodo_data_results_bundle/tables/Step71_state_probability_shift_sensitivity/step71c_net_redistribution_flow_links.csv	/mnt/h/vir/ST/results/step8_strokeniche_perturbmap/state_probability_shift_71c_from66e_net_redistribution
Step71_state_probability_shift_sensitivity	source_table_or_audit	/mnt/h/vir/ST/results/step8_strokeniche_perturbmap/state_probability_shift_71c_from66e_net_redistribution/step71c_patch_audit.json	step71c_patch_audit.json	.json	322	428da447a4a66eabc7e5665f181fcdd5414164c2162f683c66774824dfffe845	zenodo_data_results_bundle/tables/Step71_state_probability_shift_sensitivity/step71c_patch_audit.json	/mnt/h/vir/ST/results/step8_strokeniche_perturbmap/state_probability_shift_71c_from66e_net_redistribution
Step71_state_probability_shift_sensitivity	source_table_or_audit	/mnt/h/vir/ST/results/step8_strokeniche_perturbmap/state_probability_shift_71c_from66e_net_redistribution/step71c_report.json	step71c_report.json	.json	3794	751a67c96cec02f71ee29037e4ecbbf17da89bfbb4b6090b68f68df412100605	zenodo_data_results_bundle/tables/Step71_state_probability_shift_sensitivity/step71c_report.json	/mnt/h/vir/ST/results/step8_strokeniche_perturbmap/state_probability_shift_71c_from66e_net_redistribution
Step71_state_probability_shift_sensitivity	source_table_or_audit	/mnt/h/vir/ST/results/step8_strokeniche_perturbmap/state_probability_shift_71c_from66e_net_redistribution/step71c_report.txt	step71c_report.txt	.txt	3794	751a67c96cec02f71ee29037e4ecbbf17da89bfbb4b6090b68f68df412100605	zenodo_data_results_bundle/tables/Step71_state_probability_shift_sensitivity/step71c_report.txt	/mnt/h/vir/ST/results/step8_strokeniche_perturbmap/state_probability_shift_71c_from66e_net_redistribution
Step71_state_probability_shift_sensitivity	source_table_or_audit	/mnt/h/vir/ST/results/step8_strokeniche_perturbmap/state_probability_shift_71c_from66e_net_redistribution/step71c_state_probability_shift_celllevel_used.csv	step71c_state_probability_shift_celllevel_used.csv	.csv	30600679	1011dcaaa6a2c1afcb66657f3cc811743ce9ec58f43a361ef8eb51b517454197	zenodo_data_results_bundle/tables/Step71_state_probability_shift_sensitivity/step71c_state_probability_shift_celllevel_used.csv	/mnt/h/vir/ST/results/step8_strokeniche_perturbmap/state_probability_shift_71c_from66e_net_redistribution
Step71_state_probability_shift_sensitivity	source_table_or_audit	/mnt/h/vir/ST/results/step8_strokeniche_perturbmap/state_probability_shift_71c_from66e_net_redistribution/step71c_state_probability_shift_summary.csv	step71c_state_probability_shift_summary.csv	.csv	3617	79d8aaf648714508740355e2b4ffeea5188cb21c88ff901d458d8250945dbf3c	zenodo_data_results_bundle/tables/Step71_state_probability_shift_sensitivity/step71c_state_probability_shift_summary.csv	/mnt/h/vir/ST/results/step8_strokeniche_perturbmap/state_probability_shift_71c_from66e_net_redistribution
Step71_state_probability_shift_sensitivity	source_table_or_audit	/mnt/h/vir/ST/results/step8_strokeniche_perturbmap/state_probability_shift_71c_net_redistribution/step71c_net_redistribution_flow_links.csv	step71c_net_redistribution_flow_links.csv	.csv	1126	709d7ad876ad34ab2e81e18f7e2697e7b17a107e253d4cf4bc93852d5f5567f2	zenodo_data_results_bundle/tables/Step71_state_probability_shift_sensitivity/step71c_net_redistribution_flow_links.csv	/mnt/h/vir/ST/results/step8_strokeniche_perturbmap/state_probability_shift_71c_net_redistribution
Step71_state_probability_shift_sensitivity	source_table_or_audit	/mnt/h/vir/ST/results/step8_strokeniche_perturbmap/state_probability_shift_71c_net_redistribution/step71c_patch_audit.json	step71c_patch_audit.json	.json	756	562ac0cbcdbd3e09621be2b277e22b461d825f9671811c9c306cc0d99d24e8e7	zenodo_data_results_bundle/tables/Step71_state_probability_shift_sensitivity/step71c_patch_audit.json	/mnt/h/vir/ST/results/step8_strokeniche_perturbmap/state_probability_shift_71c_net_redistribution
Step71_state_probability_shift_sensitivity	source_table_or_audit	/mnt/h/vir/ST/results/step8_strokeniche_perturbmap/state_probability_shift_71c_net_redistribution/step71c_report.json	step71c_report.json	.json	4111	d989f7fab94ef9b175fb8bb483e160197d9b9cb13634a04604deaf722849d416	zenodo_data_results_bundle/tables/Step71_state_probability_shift_sensitivity/step71c_report.json	/mnt/h/vir/ST/results/step8_strokeniche_perturbmap/state_probability_shift_71c_net_redistribution
Step71_state_probability_shift_sensitivity	source_table_or_audit	/mnt/h/vir/ST/results/step8_strokeniche_perturbmap/state_probability_shift_71c_net_redistribution/step71c_report.txt	step71c_report.txt	.txt	4111	d989f7fab94ef9b175fb8bb483e160197d9b9cb13634a04604deaf722849d416	zenodo_data_results_bundle/tables/Step71_state_probability_shift_sensitivity/step71c_report.txt	/mnt/h/vir/ST/results/step8_strokeniche_perturbmap/state_probability_shift_71c_net_redistribution
Step71_state_probability_shift_sensitivity	source_table_or_audit	/mnt/h/vir/ST/results/step8_strokeniche_perturbmap/state_probability_shift_71c_net_redistribution/step71c_state_probability_shift_celllevel_used.csv	step71c_state_probability_shift_celllevel_used.csv	.csv	22474670	99e8fad038e3c3ef877dbee02c5aed2edfe25375687237d5104fcf9af204f3fe	zenodo_data_results_bundle/tables/Step71_state_probability_shift_sensitivity/step71c_state_probability_shift_celllevel_used.csv	/mnt/h/vir/ST/results/step8_strokeniche_perturbmap/state_probability_shift_71c_net_redistribution
Step71_state_probability_shift_sensitivity	source_table_or_audit	/mnt/h/vir/ST/results/step8_strokeniche_perturbmap/state_probability_shift_71c_net_redistribution/step71c_state_probability_shift_summary.csv	step71c_state_probability_shift_summary.csv	.csv	3609	ab87500ebb4dae4ab85156007b37218b8a67260b5292f1fdda414993cf8fc301	zenodo_data_results_bundle/tables/Step71_state_probability_shift_sensitivity/step71c_state_probability_shift_summary.csv	/mnt/h/vir/ST/results/step8_strokeniche_perturbmap/state_probability_shift_71c_net_redistribution
Step72_expression_level_insilico_KO	source_table_or_audit	/mnt/h/vir/ST/results/step8_strokeniche_perturbmap/expression_level_insilico_ko_72b_regressor/step72b_candidate_gene_audit.csv	step72b_candidate_gene_audit.csv	.csv	1078	a013065484bb4876c7d4c1e0a3ade1dfd05168ff2eab4b9431f1df50e3dc7898	zenodo_data_results_bundle/tables/Step72_expression_level_insilico_KO/step72b_candidate_gene_audit.csv	/mnt/h/vir/ST/results/step8_strokeniche_perturbmap/expression_level_insilico_ko_72b_regressor
Step72_expression_level_insilico_KO	source_table_or_audit	/mnt/h/vir/ST/results/step8_strokeniche_perturbmap/expression_level_insilico_ko_72b_regressor/step72b_expression_level_ko_celllevel_state_probabilities.sampled.csv	step72b_expression_level_ko_celllevel_state_probabilities.sampled.csv	.csv	5236887	f6e45ee4b6fb8e147f235cce20dd9e18196eb620f93e3c11dda8b9c9b88478e7	zenodo_data_results_bundle/tables/Step72_expression_level_insilico_KO/step72b_expression_level_ko_celllevel_state_probabilities.sampled.csv	/mnt/h/vir/ST/results/step8_strokeniche_perturbmap/expression_level_insilico_ko_72b_regressor
Step72_expression_level_insilico_KO	source_table_or_audit	/mnt/h/vir/ST/results/step8_strokeniche_perturbmap/expression_level_insilico_ko_72b_regressor/step72b_expression_level_ko_net_flow_links.csv	step72b_expression_level_ko_net_flow_links.csv	.csv	1	01ba4719c80b6fe911b091a7c05124b64eeece964e09c058ef8f9805daca546b	zenodo_data_results_bundle/tables/Step72_expression_level_insilico_KO/step72b_expression_level_ko_net_flow_links.csv	/mnt/h/vir/ST/results/step8_strokeniche_perturbmap/expression_level_insilico_ko_72b_regressor
Step72_expression_level_insilico_KO	source_table_or_audit	/mnt/h/vir/ST/results/step8_strokeniche_perturbmap/expression_level_insilico_ko_72b_regressor/step72b_expression_level_ko_state_shift_summary.csv	step72b_expression_level_ko_state_shift_summary.csv	.csv	1570	1cff48b0f5a1fd3e6526ea69ae41be54a6e26943a4625ffc320266b9a79aef8c	zenodo_data_results_bundle/tables/Step72_expression_level_insilico_KO/step72b_expression_level_ko_state_shift_summary.csv	/mnt/h/vir/ST/results/step8_strokeniche_perturbmap/expression_level_insilico_ko_72b_regressor
Step72_expression_level_insilico_KO	source_table_or_audit	/mnt/h/vir/ST/results/step8_strokeniche_perturbmap/expression_level_insilico_ko_72b_regressor/step72b_feature_genes_used.csv	step72b_feature_genes_used.csv	.csv	315	cf2ca8c4466a454eb9bb7382cc7e7e95bb59ec26cce984ef0251c7e64cd6c2b3	zenodo_data_results_bundle/tables/Step72_expression_level_insilico_KO/step72b_feature_genes_used.csv	/mnt/h/vir/ST/results/step8_strokeniche_perturbmap/expression_level_insilico_ko_72b_regressor
Step72_expression_level_insilico_KO	source_table_or_audit	/mnt/h/vir/ST/results/step8_strokeniche_perturbmap/expression_level_insilico_ko_72b_regressor/step72b_regressor_audit.json	step72b_regressor_audit.json	.json	2066	e08ae81023e6c07659d11939ac01ce0402376018f065a01cb9decba8b647d096	zenodo_data_results_bundle/tables/Step72_expression_level_insilico_KO/step72b_regressor_audit.json	/mnt/h/vir/ST/results/step8_strokeniche_perturbmap/expression_level_insilico_ko_72b_regressor
Step72_expression_level_insilico_KO	source_table_or_audit	/mnt/h/vir/ST/results/step8_strokeniche_perturbmap/expression_level_insilico_ko_72b_regressor/step72b_report.json	step72b_report.json	.json	5047	031552d5e1e5bc9b803de835235b06c35ee1f962f46c5eae892877c77746e06e	zenodo_data_results_bundle/tables/Step72_expression_level_insilico_KO/step72b_report.json	/mnt/h/vir/ST/results/step8_strokeniche_perturbmap/expression_level_insilico_ko_72b_regressor
Step72_expression_level_insilico_KO	source_table_or_audit	/mnt/h/vir/ST/results/step8_strokeniche_perturbmap/expression_level_insilico_ko_72b_regressor/step72b_report.txt	step72b_report.txt	.txt	5047	031552d5e1e5bc9b803de835235b06c35ee1f962f46c5eae892877c77746e06e	zenodo_data_results_bundle/tables/Step72_expression_level_insilico_KO/step72b_report.txt	/mnt/h/vir/ST/results/step8_strokeniche_perturbmap/expression_level_insilico_ko_72b_regressor
Step72_expression_level_insilico_KO	source_table_or_audit	/mnt/h/vir/ST/results/step8_strokeniche_perturbmap/expression_level_insilico_ko_72c_strict_label/step72c_audit_only.json	step72c_audit_only.json	.json	10256	63d2515f1154391ea334abb00728822ea08e3932d2cba69a85a8505b6391aa1b	zenodo_data_results_bundle/tables/Step72_expression_level_insilico_KO/step72c_audit_only.json	/mnt/h/vir/ST/results/step8_strokeniche_perturbmap/expression_level_insilico_ko_72c_strict_label
Step72_expression_level_insilico_KO	source_table_or_audit	/mnt/h/vir/ST/results/step8_strokeniche_perturbmap/expression_level_insilico_ko_72c_strict_label/step72c_candidate_gene_audit.csv	step72c_candidate_gene_audit.csv	.csv	1078	a013065484bb4876c7d4c1e0a3ade1dfd05168ff2eab4b9431f1df50e3dc7898	zenodo_data_results_bundle/tables/Step72_expression_level_insilico_KO/step72c_candidate_gene_audit.csv	/mnt/h/vir/ST/results/step8_strokeniche_perturbmap/expression_level_insilico_ko_72c_strict_label
Step72_expression_level_insilico_KO	source_table_or_audit	/mnt/h/vir/ST/results/step8_strokeniche_perturbmap/expression_level_insilico_ko_72c_strict_label/step72c_classifier_audit.json	step72c_classifier_audit.json	.json	2715	6701343e2a836d6da17a32fc0da068e8de5840785c35f6c95aca5d5d28928e1f	zenodo_data_results_bundle/tables/Step72_expression_level_insilico_KO/step72c_classifier_audit.json	/mnt/h/vir/ST/results/step8_strokeniche_perturbmap/expression_level_insilico_ko_72c_strict_label
Step72_expression_level_insilico_KO	source_table_or_audit	/mnt/h/vir/ST/results/step8_strokeniche_perturbmap/expression_level_insilico_ko_72c_strict_label/step72c_expression_level_ko_celllevel_state_probabilities.sampled.csv	step72c_expression_level_ko_celllevel_state_probabilities.sampled.csv	.csv	6188820	f96ad73e71bc12c34bb7d6efc452da144513fcd3caaea1129f334d7bcf2b00dd	zenodo_data_results_bundle/tables/Step72_expression_level_insilico_KO/step72c_expression_level_ko_celllevel_state_probabilities.sampled.csv	/mnt/h/vir/ST/results/step8_strokeniche_perturbmap/expression_level_insilico_ko_72c_strict_label
Step72_expression_level_insilico_KO	source_table_or_audit	/mnt/h/vir/ST/results/step8_strokeniche_perturbmap/expression_level_insilico_ko_72c_strict_label/step72c_expression_level_ko_net_flow_links.csv	step72c_expression_level_ko_net_flow_links.csv	.csv	1112	c36cd0244cadbec11457949d576b085fb0945c10cf1297f76614ea60ec9db2dd	zenodo_data_results_bundle/tables/Step72_expression_level_insilico_KO/step72c_expression_level_ko_net_flow_links.csv	/mnt/h/vir/ST/results/step8_strokeniche_perturbmap/expression_level_insilico_ko_72c_strict_label
Step72_expression_level_insilico_KO	source_table_or_audit	/mnt/h/vir/ST/results/step8_strokeniche_perturbmap/expression_level_insilico_ko_72c_strict_label/step72c_expression_level_ko_state_shift_summary.csv	step72c_expression_level_ko_state_shift_summary.csv	.csv	1920	cfe7686aaf3724201347dd20ad4be6528013a3aa40739423d8442203aca72404	zenodo_data_results_bundle/tables/Step72_expression_level_insilico_KO/step72c_expression_level_ko_state_shift_summary.csv	/mnt/h/vir/ST/results/step8_strokeniche_perturbmap/expression_level_insilico_ko_72c_strict_label
Step72_expression_level_insilico_KO	source_table_or_audit	/mnt/h/vir/ST/results/step8_strokeniche_perturbmap/expression_level_insilico_ko_72c_strict_label/step72c_feature_genes_used.csv	step72c_feature_genes_used.csv	.csv	315	cf2ca8c4466a454eb9bb7382cc7e7e95bb59ec26cce984ef0251c7e64cd6c2b3	zenodo_data_results_bundle/tables/Step72_expression_level_insilico_KO/step72c_feature_genes_used.csv	/mnt/h/vir/ST/results/step8_strokeniche_perturbmap/expression_level_insilico_ko_72c_strict_label
Step72_expression_level_insilico_KO	source_table_or_audit	/mnt/h/vir/ST/results/step8_strokeniche_perturbmap/expression_level_insilico_ko_72c_strict_label/step72c_report.json	step72c_report.json	.json	5361	53539adad051d2dccd584c075704e4be286f9a21c0265edd7e75b30985afe29f	zenodo_data_results_bundle/tables/Step72_expression_level_insilico_KO/step72c_report.json	/mnt/h/vir/ST/results/step8_strokeniche_perturbmap/expression_level_insilico_ko_72c_strict_label
Step72_expression_level_insilico_KO	source_table_or_audit	/mnt/h/vir/ST/results/step8_strokeniche_perturbmap/expression_level_insilico_ko_72c_strict_label/step72c_report.txt	step72c_report.txt	.txt	5361	53539adad051d2dccd584c075704e4be286f9a21c0265edd7e75b30985afe29f	zenodo_data_results_bundle/tables/Step72_expression_level_insilico_KO/step72c_report.txt	/mnt/h/vir/ST/results/step8_strokeniche_perturbmap/expression_level_insilico_ko_72c_strict_label
Step72_expression_level_insilico_KO	source_table_or_audit	/mnt/h/vir/ST/results/step8_strokeniche_perturbmap/expression_level_insilico_ko_72d_robustness_freeze/runs/label_region_auto__ko_0p0/step72c_candidate_gene_audit.csv	step72c_candidate_gene_audit.csv	.csv	1078	a013065484bb4876c7d4c1e0a3ade1dfd05168ff2eab4b9431f1df50e3dc7898	zenodo_data_results_bundle/tables/Step72_expression_level_insilico_KO/step72c_candidate_gene_audit.csv	/mnt/h/vir/ST/results/step8_strokeniche_perturbmap/expression_level_insilico_ko_72d_robustness_freeze
Step72_expression_level_insilico_KO	source_table_or_audit	/mnt/h/vir/ST/results/step8_strokeniche_perturbmap/expression_level_insilico_ko_72d_robustness_freeze/runs/label_region_auto__ko_0p0/step72c_classifier_audit.json	step72c_classifier_audit.json	.json	2715	6701343e2a836d6da17a32fc0da068e8de5840785c35f6c95aca5d5d28928e1f	zenodo_data_results_bundle/tables/Step72_expression_level_insilico_KO/step72c_classifier_audit.json	/mnt/h/vir/ST/results/step8_strokeniche_perturbmap/expression_level_insilico_ko_72d_robustness_freeze
Step72_expression_level_insilico_KO	source_table_or_audit	/mnt/h/vir/ST/results/step8_strokeniche_perturbmap/expression_level_insilico_ko_72d_robustness_freeze/runs/label_region_auto__ko_0p0/step72c_expression_level_ko_celllevel_state_probabilities.sampled.csv	step72c_expression_level_ko_celllevel_state_probabilities.sampled.csv	.csv	6188820	f96ad73e71bc12c34bb7d6efc452da144513fcd3caaea1129f334d7bcf2b00dd	zenodo_data_results_bundle/tables/Step72_expression_level_insilico_KO/step72c_expression_level_ko_celllevel_state_probabilities.sampled.csv	/mnt/h/vir/ST/results/step8_strokeniche_perturbmap/expression_level_insilico_ko_72d_robustness_freeze
Step72_expression_level_insilico_KO	source_table_or_audit	/mnt/h/vir/ST/results/step8_strokeniche_perturbmap/expression_level_insilico_ko_72d_robustness_freeze/runs/label_region_auto__ko_0p0/step72c_expression_level_ko_net_flow_links.csv	step72c_expression_level_ko_net_flow_links.csv	.csv	1112	c36cd0244cadbec11457949d576b085fb0945c10cf1297f76614ea60ec9db2dd	zenodo_data_results_bundle/tables/Step72_expression_level_insilico_KO/step72c_expression_level_ko_net_flow_links.csv	/mnt/h/vir/ST/results/step8_strokeniche_perturbmap/expression_level_insilico_ko_72d_robustness_freeze
Step72_expression_level_insilico_KO	source_table_or_audit	/mnt/h/vir/ST/results/step8_strokeniche_perturbmap/expression_level_insilico_ko_72d_robustness_freeze/runs/label_region_auto__ko_0p0/step72c_expression_level_ko_state_shift_summary.csv	step72c_expression_level_ko_state_shift_summary.csv	.csv	1920	cfe7686aaf3724201347dd20ad4be6528013a3aa40739423d8442203aca72404	zenodo_data_results_bundle/tables/Step72_expression_level_insilico_KO/step72c_expression_level_ko_state_shift_summary.csv	/mnt/h/vir/ST/results/step8_strokeniche_perturbmap/expression_level_insilico_ko_72d_robustness_freeze
Step72_expression_level_insilico_KO	source_table_or_audit	/mnt/h/vir/ST/results/step8_strokeniche_perturbmap/expression_level_insilico_ko_72d_robustness_freeze/runs/label_region_auto__ko_0p0/step72c_feature_genes_used.csv	step72c_feature_genes_used.csv	.csv	315	cf2ca8c4466a454eb9bb7382cc7e7e95bb59ec26cce984ef0251c7e64cd6c2b3	zenodo_data_results_bundle/tables/Step72_expression_level_insilico_KO/step72c_feature_genes_used.csv	/mnt/h/vir/ST/results/step8_strokeniche_perturbmap/expression_level_insilico_ko_72d_robustness_freeze
Step72_expression_level_insilico_KO	source_table_or_audit	/mnt/h/vir/ST/results/step8_strokeniche_perturbmap/expression_level_insilico_ko_72d_robustness_freeze/runs/label_region_auto__ko_0p0/step72c_report.json	step72c_report.json	.json	5757	0da0ef9281e7ae8b0c2302542f9c28c2588f586728b2996077f75a986e75c7ec	zenodo_data_results_bundle/tables/Step72_expression_level_insilico_KO/step72c_report.json	/mnt/h/vir/ST/results/step8_strokeniche_perturbmap/expression_level_insilico_ko_72d_robustness_freeze
Step72_expression_level_insilico_KO	source_table_or_audit	/mnt/h/vir/ST/results/step8_strokeniche_perturbmap/expression_level_insilico_ko_72d_robustness_freeze/runs/label_region_auto__ko_0p0/step72c_report.txt	step72c_report.txt	.txt	5757	0da0ef9281e7ae8b0c2302542f9c28c2588f586728b2996077f75a986e75c7ec	zenodo_data_results_bundle/tables/Step72_expression_level_insilico_KO/step72c_report.txt	/mnt/h/vir/ST/results/step8_strokeniche_perturbmap/expression_level_insilico_ko_72d_robustness_freeze
Step72_expression_level_insilico_KO	source_table_or_audit	/mnt/h/vir/ST/results/step8_strokeniche_perturbmap/expression_level_insilico_ko_72d_robustness_freeze/runs/label_region_auto__ko_0p2/step72c_candidate_gene_audit.csv	step72c_candidate_gene_audit.csv	.csv	1078	a013065484bb4876c7d4c1e0a3ade1dfd05168ff2eab4b9431f1df50e3dc7898	zenodo_data_results_bundle/tables/Step72_expression_level_insilico_KO/step72c_candidate_gene_audit.csv	/mnt/h/vir/ST/results/step8_strokeniche_perturbmap/expression_level_insilico_ko_72d_robustness_freeze
Step72_expression_level_insilico_KO	source_table_or_audit	/mnt/h/vir/ST/results/step8_strokeniche_perturbmap/expression_level_insilico_ko_72d_robustness_freeze/runs/label_region_auto__ko_0p2/step72c_classifier_audit.json	step72c_classifier_audit.json	.json	2716	56a855acfc752293af78b54fd22c257a00b2e6d99afc5cf4a93ec91c0392103f	zenodo_data_results_bundle/tables/Step72_expression_level_insilico_KO/step72c_classifier_audit.json	/mnt/h/vir/ST/results/step8_strokeniche_perturbmap/expression_level_insilico_ko_72d_robustness_freeze
Step72_expression_level_insilico_KO	source_table_or_audit	/mnt/h/vir/ST/results/step8_strokeniche_perturbmap/expression_level_insilico_ko_72d_robustness_freeze/runs/label_region_auto__ko_0p2/step72c_expression_level_ko_celllevel_state_probabilities.sampled.csv	step72c_expression_level_ko_celllevel_state_probabilities.sampled.csv	.csv	6190628	ef93d9bbc6ef5499c063e617a6871e3eea7b6342ba14eb01bbc78dafd4edd678	zenodo_data_results_bundle/tables/Step72_expression_level_insilico_KO/step72c_expression_level_ko_celllevel_state_probabilities.sampled.csv	/mnt/h/vir/ST/results/step8_strokeniche_perturbmap/expression_level_insilico_ko_72d_robustness_freeze
Step72_expression_level_insilico_KO	source_table_or_audit	/mnt/h/vir/ST/results/step8_strokeniche_perturbmap/expression_level_insilico_ko_72d_robustness_freeze/runs/label_region_auto__ko_0p2/step72c_expression_level_ko_net_flow_links.csv	step72c_expression_level_ko_net_flow_links.csv	.csv	1114	4f4a48344fd9f67973539c3b89069d4e8bc653975f4ed0ac3321a6533743c896	zenodo_data_results_bundle/tables/Step72_expression_level_insilico_KO/step72c_expression_level_ko_net_flow_links.csv	/mnt/h/vir/ST/results/step8_strokeniche_perturbmap/expression_level_insilico_ko_72d_robustness_freeze
Step72_expression_level_insilico_KO	source_table_or_audit	/mnt/h/vir/ST/results/step8_strokeniche_perturbmap/expression_level_insilico_ko_72d_robustness_freeze/runs/label_region_auto__ko_0p2/step72c_expression_level_ko_state_shift_summary.csv	step72c_expression_level_ko_state_shift_summary.csv	.csv	1922	89786be5ef5634ef09d837405c3724fc2cdf4a569dc6da8378b96cf9f6b964c5	zenodo_data_results_bundle/tables/Step72_expression_level_insilico_KO/step72c_expression_level_ko_state_shift_summary.csv	/mnt/h/vir/ST/results/step8_strokeniche_perturbmap/expression_level_insilico_ko_72d_robustness_freeze
Step72_expression_level_insilico_KO	source_table_or_audit	/mnt/h/vir/ST/results/step8_strokeniche_perturbmap/expression_level_insilico_ko_72d_robustness_freeze/runs/label_region_auto__ko_0p2/step72c_feature_genes_used.csv	step72c_feature_genes_used.csv	.csv	315	cf2ca8c4466a454eb9bb7382cc7e7e95bb59ec26cce984ef0251c7e64cd6c2b3	zenodo_data_results_bundle/tables/Step72_expression_level_insilico_KO/step72c_feature_genes_used.csv	/mnt/h/vir/ST/results/step8_strokeniche_perturbmap/expression_level_insilico_ko_72d_robustness_freeze
Step72_expression_level_insilico_KO	source_table_or_audit	/mnt/h/vir/ST/results/step8_strokeniche_perturbmap/expression_level_insilico_ko_72d_robustness_freeze/runs/label_region_auto__ko_0p2/step72c_report.json	step72c_report.json	.json	5759	3ee71c526dc472515d32aacf0156ce8a6cd6d3c80c7cbc09de898e9716cd07e3	zenodo_data_results_bundle/tables/Step72_expression_level_insilico_KO/step72c_report.json	/mnt/h/vir/ST/results/step8_strokeniche_perturbmap/expression_level_insilico_ko_72d_robustness_freeze
Step72_expression_level_insilico_KO	source_table_or_audit	/mnt/h/vir/ST/results/step8_strokeniche_perturbmap/expression_level_insilico_ko_72d_robustness_freeze/runs/label_region_auto__ko_0p2/step72c_report.txt	step72c_report.txt	.txt	5759	3ee71c526dc472515d32aacf0156ce8a6cd6d3c80c7cbc09de898e9716cd07e3	zenodo_data_results_bundle/tables/Step72_expression_level_insilico_KO/step72c_report.txt	/mnt/h/vir/ST/results/step8_strokeniche_perturbmap/expression_level_insilico_ko_72d_robustness_freeze
Step72_expression_level_insilico_KO	source_table_or_audit	/mnt/h/vir/ST/results/step8_strokeniche_perturbmap/expression_level_insilico_ko_72d_robustness_freeze/runs/label_region_auto__ko_0p5/step72c_candidate_gene_audit.csv	step72c_candidate_gene_audit.csv	.csv	1078	a013065484bb4876c7d4c1e0a3ade1dfd05168ff2eab4b9431f1df50e3dc7898	zenodo_data_results_bundle/tables/Step72_expression_level_insilico_KO/step72c_candidate_gene_audit.csv	/mnt/h/vir/ST/results/step8_strokeniche_perturbmap/expression_level_insilico_ko_72d_robustness_freeze
Step72_expression_level_insilico_KO	source_table_or_audit	/mnt/h/vir/ST/results/step8_strokeniche_perturbmap/expression_level_insilico_ko_72d_robustness_freeze/runs/label_region_auto__ko_0p5/step72c_classifier_audit.json	step72c_classifier_audit.json	.json	2716	0ccfdf545cf38247e3631423d220f1fdda2450779d90cf5032260a9047f820e3	zenodo_data_results_bundle/tables/Step72_expression_level_insilico_KO/step72c_classifier_audit.json	/mnt/h/vir/ST/results/step8_strokeniche_perturbmap/expression_level_insilico_ko_72d_robustness_freeze
Step72_expression_level_insilico_KO	source_table_or_audit	/mnt/h/vir/ST/results/step8_strokeniche_perturbmap/expression_level_insilico_ko_72d_robustness_freeze/runs/label_region_auto__ko_0p5/step72c_expression_level_ko_celllevel_state_probabilities.sampled.csv	step72c_expression_level_ko_celllevel_state_probabilities.sampled.csv	.csv	6194908	8098df203cc0829e2ca4e6e3799bd1d20b1afcbb785281e3f3235d2de4411ffd	zenodo_data_results_bundle/tables/Step72_expression_level_insilico_KO/step72c_expression_level_ko_celllevel_state_probabilities.sampled.csv	/mnt/h/vir/ST/results/step8_strokeniche_perturbmap/expression_level_insilico_ko_72d_robustness_freeze
Step72_expression_level_insilico_KO	source_table_or_audit	/mnt/h/vir/ST/results/step8_strokeniche_perturbmap/expression_level_insilico_ko_72d_robustness_freeze/runs/label_region_auto__ko_0p5/step72c_expression_level_ko_net_flow_links.csv	step72c_expression_level_ko_net_flow_links.csv	.csv	1117	27aba0b6a1377219c660e91f81035d29130faca94326b41d3c600117b554e077	zenodo_data_results_bundle/tables/Step72_expression_level_insilico_KO/step72c_expression_level_ko_net_flow_links.csv	/mnt/h/vir/ST/results/step8_strokeniche_perturbmap/expression_level_insilico_ko_72d_robustness_freeze
Step72_expression_level_insilico_KO	source_table_or_audit	/mnt/h/vir/ST/results/step8_strokeniche_perturbmap/expression_level_insilico_ko_72d_robustness_freeze/runs/label_region_auto__ko_0p5/step72c_expression_level_ko_state_shift_summary.csv	step72c_expression_level_ko_state_shift_summary.csv	.csv	1922	a80b7defe7ff8cedd2ecdb6c53fae0a26e4c5fead0b5682356f50b2c8eae2075	zenodo_data_results_bundle/tables/Step72_expression_level_insilico_KO/step72c_expression_level_ko_state_shift_summary.csv	/mnt/h/vir/ST/results/step8_strokeniche_perturbmap/expression_level_insilico_ko_72d_robustness_freeze
Step72_expression_level_insilico_KO	source_table_or_audit	/mnt/h/vir/ST/results/step8_strokeniche_perturbmap/expression_level_insilico_ko_72d_robustness_freeze/runs/label_region_auto__ko_0p5/step72c_feature_genes_used.csv	step72c_feature_genes_used.csv	.csv	315	cf2ca8c4466a454eb9bb7382cc7e7e95bb59ec26cce984ef0251c7e64cd6c2b3	zenodo_data_results_bundle/tables/Step72_expression_level_insilico_KO/step72c_feature_genes_used.csv	/mnt/h/vir/ST/results/step8_strokeniche_perturbmap/expression_level_insilico_ko_72d_robustness_freeze
Step72_expression_level_insilico_KO	source_table_or_audit	/mnt/h/vir/ST/results/step8_strokeniche_perturbmap/expression_level_insilico_ko_72d_robustness_freeze/runs/label_region_auto__ko_0p5/step72c_report.json	step72c_report.json	.json	5759	8c80e9f328eb00761ce4809340bff14ec7738b7efa25444320333edfaf92ed81	zenodo_data_results_bundle/tables/Step72_expression_level_insilico_KO/step72c_report.json	/mnt/h/vir/ST/results/step8_strokeniche_perturbmap/expression_level_insilico_ko_72d_robustness_freeze
Step72_expression_level_insilico_KO	source_table_or_audit	/mnt/h/vir/ST/results/step8_strokeniche_perturbmap/expression_level_insilico_ko_72d_robustness_freeze/runs/label_region_auto__ko_0p5/step72c_report.txt	step72c_report.txt	.txt	5759	8c80e9f328eb00761ce4809340bff14ec7738b7efa25444320333edfaf92ed81	zenodo_data_results_bundle/tables/Step72_expression_level_insilico_KO/step72c_report.txt	/mnt/h/vir/ST/results/step8_strokeniche_perturbmap/expression_level_insilico_ko_72d_robustness_freeze
Step72_expression_level_insilico_KO	source_table_or_audit	/mnt/h/vir/ST/results/step8_strokeniche_perturbmap/expression_level_insilico_ko_72d_robustness_freeze/runs/label_region_manual_final__ko_0p0/step72c_candidate_gene_audit.csv	step72c_candidate_gene_audit.csv	.csv	1078	a013065484bb4876c7d4c1e0a3ade1dfd05168ff2eab4b9431f1df50e3dc7898	zenodo_data_results_bundle/tables/Step72_expression_level_insilico_KO/step72c_candidate_gene_audit.csv	/mnt/h/vir/ST/results/step8_strokeniche_perturbmap/expression_level_insilico_ko_72d_robustness_freeze
Step72_expression_level_insilico_KO	source_table_or_audit	/mnt/h/vir/ST/results/step8_strokeniche_perturbmap/expression_level_insilico_ko_72d_robustness_freeze/runs/label_region_manual_final__ko_0p0/step72c_classifier_audit.json	step72c_classifier_audit.json	.json	2721	cb507c85d84088923848916a3302004ad31f3fbfd0f58378fc333222ceb6e2c3	zenodo_data_results_bundle/tables/Step72_expression_level_insilico_KO/step72c_classifier_audit.json	/mnt/h/vir/ST/results/step8_strokeniche_perturbmap/expression_level_insilico_ko_72d_robustness_freeze
Step72_expression_level_insilico_KO	source_table_or_audit	/mnt/h/vir/ST/results/step8_strokeniche_perturbmap/expression_level_insilico_ko_72d_robustness_freeze/runs/label_region_manual_final__ko_0p0/step72c_expression_level_ko_celllevel_state_probabilities.sampled.csv	step72c_expression_level_ko_celllevel_state_probabilities.sampled.csv	.csv	6194162	08d4b4715d01b04625fbdfe218babdb985ee67b8e89fd36e7bf044d2089de58a	zenodo_data_results_bundle/tables/Step72_expression_level_insilico_KO/step72c_expression_level_ko_celllevel_state_probabilities.sampled.csv	/mnt/h/vir/ST/results/step8_strokeniche_perturbmap/expression_level_insilico_ko_72d_robustness_freeze
Step72_expression_level_insilico_KO	source_table_or_audit	/mnt/h/vir/ST/results/step8_strokeniche_perturbmap/expression_level_insilico_ko_72d_robustness_freeze/runs/label_region_manual_final__ko_0p0/step72c_expression_level_ko_net_flow_links.csv	step72c_expression_level_ko_net_flow_links.csv	.csv	1113	bbebd6e0b2990c1596a65d9bb81445aa0c6a280db986014865c54e8213692731	zenodo_data_results_bundle/tables/Step72_expression_level_insilico_KO/step72c_expression_level_ko_net_flow_links.csv	/mnt/h/vir/ST/results/step8_strokeniche_perturbmap/expression_level_insilico_ko_72d_robustness_freeze
Step72_expression_level_insilico_KO	source_table_or_audit	/mnt/h/vir/ST/results/step8_strokeniche_perturbmap/expression_level_insilico_ko_72d_robustness_freeze/runs/label_region_manual_final__ko_0p0/step72c_expression_level_ko_state_shift_summary.csv	step72c_expression_level_ko_state_shift_summary.csv	.csv	1911	c69e7b1019a290885ebc16b447aea23b2349495cd530c77c4a05d9c0373eef03	zenodo_data_results_bundle/tables/Step72_expression_level_insilico_KO/step72c_expression_level_ko_state_shift_summary.csv	/mnt/h/vir/ST/results/step8_strokeniche_perturbmap/expression_level_insilico_ko_72d_robustness_freeze
Step72_expression_level_insilico_KO	source_table_or_audit	/mnt/h/vir/ST/results/step8_strokeniche_perturbmap/expression_level_insilico_ko_72d_robustness_freeze/runs/label_region_manual_final__ko_0p0/step72c_feature_genes_used.csv	step72c_feature_genes_used.csv	.csv	315	cf2ca8c4466a454eb9bb7382cc7e7e95bb59ec26cce984ef0251c7e64cd6c2b3	zenodo_data_results_bundle/tables/Step72_expression_level_insilico_KO/step72c_feature_genes_used.csv	/mnt/h/vir/ST/results/step8_strokeniche_perturbmap/expression_level_insilico_ko_72d_robustness_freeze
Step72_expression_level_insilico_KO	source_table_or_audit	/mnt/h/vir/ST/results/step8_strokeniche_perturbmap/expression_level_insilico_ko_72d_robustness_freeze/runs/label_region_manual_final__ko_0p0/step72c_report.json	step72c_report.json	.json	5851	6e58ba59c44d9f30b6eb5837564412715e72338d15a36f8bc07972597ec920c8	zenodo_data_results_bundle/tables/Step72_expression_level_insilico_KO/step72c_report.json	/mnt/h/vir/ST/results/step8_strokeniche_perturbmap/expression_level_insilico_ko_72d_robustness_freeze
Step72_expression_level_insilico_KO	source_table_or_audit	/mnt/h/vir/ST/results/step8_strokeniche_perturbmap/expression_level_insilico_ko_72d_robustness_freeze/runs/label_region_manual_final__ko_0p0/step72c_report.txt	step72c_report.txt	.txt	5851	6e58ba59c44d9f30b6eb5837564412715e72338d15a36f8bc07972597ec920c8	zenodo_data_results_bundle/tables/Step72_expression_level_insilico_KO/step72c_report.txt	/mnt/h/vir/ST/results/step8_strokeniche_perturbmap/expression_level_insilico_ko_72d_robustness_freeze
Step72_expression_level_insilico_KO	source_table_or_audit	/mnt/h/vir/ST/results/step8_strokeniche_perturbmap/expression_level_insilico_ko_72d_robustness_freeze/runs/label_region_manual_final__ko_0p2/step72c_candidate_gene_audit.csv	step72c_candidate_gene_audit.csv	.csv	1078	a013065484bb4876c7d4c1e0a3ade1dfd05168ff2eab4b9431f1df50e3dc7898	zenodo_data_results_bundle/tables/Step72_expression_level_insilico_KO/step72c_candidate_gene_audit.csv	/mnt/h/vir/ST/results/step8_strokeniche_perturbmap/expression_level_insilico_ko_72d_robustness_freeze
Step72_expression_level_insilico_KO	source_table_or_audit	/mnt/h/vir/ST/results/step8_strokeniche_perturbmap/expression_level_insilico_ko_72d_robustness_freeze/runs/label_region_manual_final__ko_0p2/step72c_classifier_audit.json	step72c_classifier_audit.json	.json	2722	b4946dce645d02b178d34bff0c2c5bcabdbae62d3b49e0980404d27b298fcb0a	zenodo_data_results_bundle/tables/Step72_expression_level_insilico_KO/step72c_classifier_audit.json	/mnt/h/vir/ST/results/step8_strokeniche_perturbmap/expression_level_insilico_ko_72d_robustness_freeze
Step72_expression_level_insilico_KO	source_table_or_audit	/mnt/h/vir/ST/results/step8_strokeniche_perturbmap/expression_level_insilico_ko_72d_robustness_freeze/runs/label_region_manual_final__ko_0p2/step72c_expression_level_ko_celllevel_state_probabilities.sampled.csv	step72c_expression_level_ko_celllevel_state_probabilities.sampled.csv	.csv	6195854	7b25dd5af0080d83af6ff15aa796ad320200873c6566965b6c8a7bb3a7769645	zenodo_data_results_bundle/tables/Step72_expression_level_insilico_KO/step72c_expression_level_ko_celllevel_state_probabilities.sampled.csv	/mnt/h/vir/ST/results/step8_strokeniche_perturbmap/expression_level_insilico_ko_72d_robustness_freeze
Step72_expression_level_insilico_KO	source_table_or_audit	/mnt/h/vir/ST/results/step8_strokeniche_perturbmap/expression_level_insilico_ko_72d_robustness_freeze/runs/label_region_manual_final__ko_0p2/step72c_expression_level_ko_net_flow_links.csv	step72c_expression_level_ko_net_flow_links.csv	.csv	1115	a4df317f6a04f7a78073d479fc1b720e2a30abfc3ddc0bc0577b6e7ce4adee29	zenodo_data_results_bundle/tables/Step72_expression_level_insilico_KO/step72c_expression_level_ko_net_flow_links.csv	/mnt/h/vir/ST/results/step8_strokeniche_perturbmap/expression_level_insilico_ko_72d_robustness_freeze
Step72_expression_level_insilico_KO	source_table_or_audit	/mnt/h/vir/ST/results/step8_strokeniche_perturbmap/expression_level_insilico_ko_72d_robustness_freeze/runs/label_region_manual_final__ko_0p2/step72c_expression_level_ko_state_shift_summary.csv	step72c_expression_level_ko_state_shift_summary.csv	.csv	1912	715eb26f9f0c576e064ce58e36106aaa33eee5f016b7d1bd5c166a567a402639	zenodo_data_results_bundle/tables/Step72_expression_level_insilico_KO/step72c_expression_level_ko_state_shift_summary.csv	/mnt/h/vir/ST/results/step8_strokeniche_perturbmap/expression_level_insilico_ko_72d_robustness_freeze
Step72_expression_level_insilico_KO	source_table_or_audit	/mnt/h/vir/ST/results/step8_strokeniche_perturbmap/expression_level_insilico_ko_72d_robustness_freeze/runs/label_region_manual_final__ko_0p2/step72c_feature_genes_used.csv	step72c_feature_genes_used.csv	.csv	315	cf2ca8c4466a454eb9bb7382cc7e7e95bb59ec26cce984ef0251c7e64cd6c2b3	zenodo_data_results_bundle/tables/Step72_expression_level_insilico_KO/step72c_feature_genes_used.csv	/mnt/h/vir/ST/results/step8_strokeniche_perturbmap/expression_level_insilico_ko_72d_robustness_freeze
Step72_expression_level_insilico_KO	source_table_or_audit	/mnt/h/vir/ST/results/step8_strokeniche_perturbmap/expression_level_insilico_ko_72d_robustness_freeze/runs/label_region_manual_final__ko_0p2/step72c_report.json	step72c_report.json	.json	5853	581bdefd621bff6c71e6619ec7cd1bb96aab290eb7f910d913598ad2cca390f5	zenodo_data_results_bundle/tables/Step72_expression_level_insilico_KO/step72c_report.json	/mnt/h/vir/ST/results/step8_strokeniche_perturbmap/expression_level_insilico_ko_72d_robustness_freeze
Step72_expression_level_insilico_KO	source_table_or_audit	/mnt/h/vir/ST/results/step8_strokeniche_perturbmap/expression_level_insilico_ko_72d_robustness_freeze/runs/label_region_manual_final__ko_0p2/step72c_report.txt	step72c_report.txt	.txt	5853	581bdefd621bff6c71e6619ec7cd1bb96aab290eb7f910d913598ad2cca390f5	zenodo_data_results_bundle/tables/Step72_expression_level_insilico_KO/step72c_report.txt	/mnt/h/vir/ST/results/step8_strokeniche_perturbmap/expression_level_insilico_ko_72d_robustness_freeze
Step72_expression_level_insilico_KO	source_table_or_audit	/mnt/h/vir/ST/results/step8_strokeniche_perturbmap/expression_level_insilico_ko_72d_robustness_freeze/runs/label_region_manual_final__ko_0p5/step72c_candidate_gene_audit.csv	step72c_candidate_gene_audit.csv	.csv	1078	a013065484bb4876c7d4c1e0a3ade1dfd05168ff2eab4b9431f1df50e3dc7898	zenodo_data_results_bundle/tables/Step72_expression_level_insilico_KO/step72c_candidate_gene_audit.csv	/mnt/h/vir/ST/results/step8_strokeniche_perturbmap/expression_level_insilico_ko_72d_robustness_freeze
Step72_expression_level_insilico_KO	source_table_or_audit	/mnt/h/vir/ST/results/step8_strokeniche_perturbmap/expression_level_insilico_ko_72d_robustness_freeze/runs/label_region_manual_final__ko_0p5/step72c_classifier_audit.json	step72c_classifier_audit.json	.json	2722	b76287a24ea07d393383d8af3c1349ad80ee1abd8dc7d6c436362ce27d09c827	zenodo_data_results_bundle/tables/Step72_expression_level_insilico_KO/step72c_classifier_audit.json	/mnt/h/vir/ST/results/step8_strokeniche_perturbmap/expression_level_insilico_ko_72d_robustness_freeze
Step72_expression_level_insilico_KO	source_table_or_audit	/mnt/h/vir/ST/results/step8_strokeniche_perturbmap/expression_level_insilico_ko_72d_robustness_freeze/runs/label_region_manual_final__ko_0p5/step72c_expression_level_ko_celllevel_state_probabilities.sampled.csv	step72c_expression_level_ko_celllevel_state_probabilities.sampled.csv	.csv	6200112	ee3059d0822802909362fa13392295fa73a597e2d46eeff5d7d7f23beacece0d	zenodo_data_results_bundle/tables/Step72_expression_level_insilico_KO/step72c_expression_level_ko_celllevel_state_probabilities.sampled.csv	/mnt/h/vir/ST/results/step8_strokeniche_perturbmap/expression_level_insilico_ko_72d_robustness_freeze
Step72_expression_level_insilico_KO	source_table_or_audit	/mnt/h/vir/ST/results/step8_strokeniche_perturbmap/expression_level_insilico_ko_72d_robustness_freeze/runs/label_region_manual_final__ko_0p5/step72c_expression_level_ko_net_flow_links.csv	step72c_expression_level_ko_net_flow_links.csv	.csv	1115	eacce533a7b829b677a8c89bcd556e64801302ff9b42989b5c30cf179b55213a	zenodo_data_results_bundle/tables/Step72_expression_level_insilico_KO/step72c_expression_level_ko_net_flow_links.csv	/mnt/h/vir/ST/results/step8_strokeniche_perturbmap/expression_level_insilico_ko_72d_robustness_freeze
Step72_expression_level_insilico_KO	source_table_or_audit	/mnt/h/vir/ST/results/step8_strokeniche_perturbmap/expression_level_insilico_ko_72d_robustness_freeze/runs/label_region_manual_final__ko_0p5/step72c_expression_level_ko_state_shift_summary.csv	step72c_expression_level_ko_state_shift_summary.csv	.csv	1913	0f3b3e476b4cf604ab70abf31bf99c9077cc13d3850a7c0f2975b68390e74023	zenodo_data_results_bundle/tables/Step72_expression_level_insilico_KO/step72c_expression_level_ko_state_shift_summary.csv	/mnt/h/vir/ST/results/step8_strokeniche_perturbmap/expression_level_insilico_ko_72d_robustness_freeze
Step72_expression_level_insilico_KO	source_table_or_audit	/mnt/h/vir/ST/results/step8_strokeniche_perturbmap/expression_level_insilico_ko_72d_robustness_freeze/runs/label_region_manual_final__ko_0p5/step72c_feature_genes_used.csv	step72c_feature_genes_used.csv	.csv	315	cf2ca8c4466a454eb9bb7382cc7e7e95bb59ec26cce984ef0251c7e64cd6c2b3	zenodo_data_results_bundle/tables/Step72_expression_level_insilico_KO/step72c_feature_genes_used.csv	/mnt/h/vir/ST/results/step8_strokeniche_perturbmap/expression_level_insilico_ko_72d_robustness_freeze
Step72_expression_level_insilico_KO	source_table_or_audit	/mnt/h/vir/ST/results/step8_strokeniche_perturbmap/expression_level_insilico_ko_72d_robustness_freeze/runs/label_region_manual_final__ko_0p5/step72c_report.json	step72c_report.json	.json	5853	4d6f747e931ac4b29abde13825f0b174d50d902cd86d9cbf4ea1a1c8efdad04d	zenodo_data_results_bundle/tables/Step72_expression_level_insilico_KO/step72c_report.json	/mnt/h/vir/ST/results/step8_strokeniche_perturbmap/expression_level_insilico_ko_72d_robustness_freeze
Step72_expression_level_insilico_KO	source_table_or_audit	/mnt/h/vir/ST/results/step8_strokeniche_perturbmap/expression_level_insilico_ko_72d_robustness_freeze/runs/label_region_manual_final__ko_0p5/step72c_report.txt	step72c_report.txt	.txt	5853	4d6f747e931ac4b29abde13825f0b174d50d902cd86d9cbf4ea1a1c8efdad04d	zenodo_data_results_bundle/tables/Step72_expression_level_insilico_KO/step72c_report.txt	/mnt/h/vir/ST/results/step8_strokeniche_perturbmap/expression_level_insilico_ko_72d_robustness_freeze
Step72_expression_level_insilico_KO	source_table_or_audit	/mnt/h/vir/ST/results/step8_strokeniche_perturbmap/expression_level_insilico_ko_72d_robustness_freeze/runs/label_region_refined__ko_0p0/step72c_candidate_gene_audit.csv	step72c_candidate_gene_audit.csv	.csv	1078	a013065484bb4876c7d4c1e0a3ade1dfd05168ff2eab4b9431f1df50e3dc7898	zenodo_data_results_bundle/tables/Step72_expression_level_insilico_KO/step72c_candidate_gene_audit.csv	/mnt/h/vir/ST/results/step8_strokeniche_perturbmap/expression_level_insilico_ko_72d_robustness_freeze
Step72_expression_level_insilico_KO	source_table_or_audit	/mnt/h/vir/ST/results/step8_strokeniche_perturbmap/expression_level_insilico_ko_72d_robustness_freeze/runs/label_region_refined__ko_0p0/step72c_classifier_audit.json	step72c_classifier_audit.json	.json	2716	302eaed8386683f43d74ee6370b1c19f76cd2bdf967f2e70b542a1d42c30879c	zenodo_data_results_bundle/tables/Step72_expression_level_insilico_KO/step72c_classifier_audit.json	/mnt/h/vir/ST/results/step8_strokeniche_perturbmap/expression_level_insilico_ko_72d_robustness_freeze
Step72_expression_level_insilico_KO	source_table_or_audit	/mnt/h/vir/ST/results/step8_strokeniche_perturbmap/expression_level_insilico_ko_72d_robustness_freeze/runs/label_region_refined__ko_0p0/step72c_expression_level_ko_celllevel_state_probabilities.sampled.csv	step72c_expression_level_ko_celllevel_state_probabilities.sampled.csv	.csv	6194162	08d4b4715d01b04625fbdfe218babdb985ee67b8e89fd36e7bf044d2089de58a	zenodo_data_results_bundle/tables/Step72_expression_level_insilico_KO/step72c_expression_level_ko_celllevel_state_probabilities.sampled.csv	/mnt/h/vir/ST/results/step8_strokeniche_perturbmap/expression_level_insilico_ko_72d_robustness_freeze
Step72_expression_level_insilico_KO	source_table_or_audit	/mnt/h/vir/ST/results/step8_strokeniche_perturbmap/expression_level_insilico_ko_72d_robustness_freeze/runs/label_region_refined__ko_0p0/step72c_expression_level_ko_net_flow_links.csv	step72c_expression_level_ko_net_flow_links.csv	.csv	1113	bbebd6e0b2990c1596a65d9bb81445aa0c6a280db986014865c54e8213692731	zenodo_data_results_bundle/tables/Step72_expression_level_insilico_KO/step72c_expression_level_ko_net_flow_links.csv	/mnt/h/vir/ST/results/step8_strokeniche_perturbmap/expression_level_insilico_ko_72d_robustness_freeze
Step72_expression_level_insilico_KO	source_table_or_audit	/mnt/h/vir/ST/results/step8_strokeniche_perturbmap/expression_level_insilico_ko_72d_robustness_freeze/runs/label_region_refined__ko_0p0/step72c_expression_level_ko_state_shift_summary.csv	step72c_expression_level_ko_state_shift_summary.csv	.csv	1911	c69e7b1019a290885ebc16b447aea23b2349495cd530c77c4a05d9c0373eef03	zenodo_data_results_bundle/tables/Step72_expression_level_insilico_KO/step72c_expression_level_ko_state_shift_summary.csv	/mnt/h/vir/ST/results/step8_strokeniche_perturbmap/expression_level_insilico_ko_72d_robustness_freeze
Step72_expression_level_insilico_KO	source_table_or_audit	/mnt/h/vir/ST/results/step8_strokeniche_perturbmap/expression_level_insilico_ko_72d_robustness_freeze/runs/label_region_refined__ko_0p0/step72c_feature_genes_used.csv	step72c_feature_genes_used.csv	.csv	315	cf2ca8c4466a454eb9bb7382cc7e7e95bb59ec26cce984ef0251c7e64cd6c2b3	zenodo_data_results_bundle/tables/Step72_expression_level_insilico_KO/step72c_feature_genes_used.csv	/mnt/h/vir/ST/results/step8_strokeniche_perturbmap/expression_level_insilico_ko_72d_robustness_freeze
Step72_expression_level_insilico_KO	source_table_or_audit	/mnt/h/vir/ST/results/step8_strokeniche_perturbmap/expression_level_insilico_ko_72d_robustness_freeze/runs/label_region_refined__ko_0p0/step72c_report.json	step72c_report.json	.json	5791	aad3f23cab55dd07bc78c70bc68dbf8788ae3230a99503536039520a02bf78c4	zenodo_data_results_bundle/tables/Step72_expression_level_insilico_KO/step72c_report.json	/mnt/h/vir/ST/results/step8_strokeniche_perturbmap/expression_level_insilico_ko_72d_robustness_freeze
Step72_expression_level_insilico_KO	source_table_or_audit	/mnt/h/vir/ST/results/step8_strokeniche_perturbmap/expression_level_insilico_ko_72d_robustness_freeze/runs/label_region_refined__ko_0p0/step72c_report.txt	step72c_report.txt	.txt	5791	aad3f23cab55dd07bc78c70bc68dbf8788ae3230a99503536039520a02bf78c4	zenodo_data_results_bundle/tables/Step72_expression_level_insilico_KO/step72c_report.txt	/mnt/h/vir/ST/results/step8_strokeniche_perturbmap/expression_level_insilico_ko_72d_robustness_freeze
Step72_expression_level_insilico_KO	source_table_or_audit	/mnt/h/vir/ST/results/step8_strokeniche_perturbmap/expression_level_insilico_ko_72d_robustness_freeze/runs/label_region_refined__ko_0p2/step72c_candidate_gene_audit.csv	step72c_candidate_gene_audit.csv	.csv	1078	a013065484bb4876c7d4c1e0a3ade1dfd05168ff2eab4b9431f1df50e3dc7898	zenodo_data_results_bundle/tables/Step72_expression_level_insilico_KO/step72c_candidate_gene_audit.csv	/mnt/h/vir/ST/results/step8_strokeniche_perturbmap/expression_level_insilico_ko_72d_robustness_freeze
Step72_expression_level_insilico_KO	source_table_or_audit	/mnt/h/vir/ST/results/step8_strokeniche_perturbmap/expression_level_insilico_ko_72d_robustness_freeze/runs/label_region_refined__ko_0p2/step72c_classifier_audit.json	step72c_classifier_audit.json	.json	2717	b264c7fdff913abbed659ca8c7510011ae0d32e0588a5d0237076ce928e5efab	zenodo_data_results_bundle/tables/Step72_expression_level_insilico_KO/step72c_classifier_audit.json	/mnt/h/vir/ST/results/step8_strokeniche_perturbmap/expression_level_insilico_ko_72d_robustness_freeze
Step72_expression_level_insilico_KO	source_table_or_audit	/mnt/h/vir/ST/results/step8_strokeniche_perturbmap/expression_level_insilico_ko_72d_robustness_freeze/runs/label_region_refined__ko_0p2/step72c_expression_level_ko_celllevel_state_probabilities.sampled.csv	step72c_expression_level_ko_celllevel_state_probabilities.sampled.csv	.csv	6195854	7b25dd5af0080d83af6ff15aa796ad320200873c6566965b6c8a7bb3a7769645	zenodo_data_results_bundle/tables/Step72_expression_level_insilico_KO/step72c_expression_level_ko_celllevel_state_probabilities.sampled.csv	/mnt/h/vir/ST/results/step8_strokeniche_perturbmap/expression_level_insilico_ko_72d_robustness_freeze
Step72_expression_level_insilico_KO	source_table_or_audit	/mnt/h/vir/ST/results/step8_strokeniche_perturbmap/expression_level_insilico_ko_72d_robustness_freeze/runs/label_region_refined__ko_0p2/step72c_expression_level_ko_net_flow_links.csv	step72c_expression_level_ko_net_flow_links.csv	.csv	1115	a4df317f6a04f7a78073d479fc1b720e2a30abfc3ddc0bc0577b6e7ce4adee29	zenodo_data_results_bundle/tables/Step72_expression_level_insilico_KO/step72c_expression_level_ko_net_flow_links.csv	/mnt/h/vir/ST/results/step8_strokeniche_perturbmap/expression_level_insilico_ko_72d_robustness_freeze
Step72_expression_level_insilico_KO	source_table_or_audit	/mnt/h/vir/ST/results/step8_strokeniche_perturbmap/expression_level_insilico_ko_72d_robustness_freeze/runs/label_region_refined__ko_0p2/step72c_expression_level_ko_state_shift_summary.csv	step72c_expression_level_ko_state_shift_summary.csv	.csv	1912	715eb26f9f0c576e064ce58e36106aaa33eee5f016b7d1bd5c166a567a402639	zenodo_data_results_bundle/tables/Step72_expression_level_insilico_KO/step72c_expression_level_ko_state_shift_summary.csv	/mnt/h/vir/ST/results/step8_strokeniche_perturbmap/expression_level_insilico_ko_72d_robustness_freeze
Step72_expression_level_insilico_KO	source_table_or_audit	/mnt/h/vir/ST/results/step8_strokeniche_perturbmap/expression_level_insilico_ko_72d_robustness_freeze/runs/label_region_refined__ko_0p2/step72c_feature_genes_used.csv	step72c_feature_genes_used.csv	.csv	315	cf2ca8c4466a454eb9bb7382cc7e7e95bb59ec26cce984ef0251c7e64cd6c2b3	zenodo_data_results_bundle/tables/Step72_expression_level_insilico_KO/step72c_feature_genes_used.csv	/mnt/h/vir/ST/results/step8_strokeniche_perturbmap/expression_level_insilico_ko_72d_robustness_freeze
Step72_expression_level_insilico_KO	source_table_or_audit	/mnt/h/vir/ST/results/step8_strokeniche_perturbmap/expression_level_insilico_ko_72d_robustness_freeze/runs/label_region_refined__ko_0p2/step72c_report.json	step72c_report.json	.json	5793	34a58e2b3bc54202af678eced54ee3b674375bb2eab25dfb76e345114fc1353f	zenodo_data_results_bundle/tables/Step72_expression_level_insilico_KO/step72c_report.json	/mnt/h/vir/ST/results/step8_strokeniche_perturbmap/expression_level_insilico_ko_72d_robustness_freeze
Step72_expression_level_insilico_KO	source_table_or_audit	/mnt/h/vir/ST/results/step8_strokeniche_perturbmap/expression_level_insilico_ko_72d_robustness_freeze/runs/label_region_refined__ko_0p2/step72c_report.txt	step72c_report.txt	.txt	5793	34a58e2b3bc54202af678eced54ee3b674375bb2eab25dfb76e345114fc1353f	zenodo_data_results_bundle/tables/Step72_expression_level_insilico_KO/step72c_report.txt	/mnt/h/vir/ST/results/step8_strokeniche_perturbmap/expression_level_insilico_ko_72d_robustness_freeze
Step72_expression_level_insilico_KO	source_table_or_audit	/mnt/h/vir/ST/results/step8_strokeniche_perturbmap/expression_level_insilico_ko_72d_robustness_freeze/runs/label_region_refined__ko_0p5/step72c_candidate_gene_audit.csv	step72c_candidate_gene_audit.csv	.csv	1078	a013065484bb4876c7d4c1e0a3ade1dfd05168ff2eab4b9431f1df50e3dc7898	zenodo_data_results_bundle/tables/Step72_expression_level_insilico_KO/step72c_candidate_gene_audit.csv	/mnt/h/vir/ST/results/step8_strokeniche_perturbmap/expression_level_insilico_ko_72d_robustness_freeze
Step72_expression_level_insilico_KO	source_table_or_audit	/mnt/h/vir/ST/results/step8_strokeniche_perturbmap/expression_level_insilico_ko_72d_robustness_freeze/runs/label_region_refined__ko_0p5/step72c_classifier_audit.json	step72c_classifier_audit.json	.json	2717	c64dec25bd6423f4fc17c23d1dc8b240423d6f1a69bc0621b1d52a06215a5566	zenodo_data_results_bundle/tables/Step72_expression_level_insilico_KO/step72c_classifier_audit.json	/mnt/h/vir/ST/results/step8_strokeniche_perturbmap/expression_level_insilico_ko_72d_robustness_freeze
Step72_expression_level_insilico_KO	source_table_or_audit	/mnt/h/vir/ST/results/step8_strokeniche_perturbmap/expression_level_insilico_ko_72d_robustness_freeze/runs/label_region_refined__ko_0p5/step72c_expression_level_ko_celllevel_state_probabilities.sampled.csv	step72c_expression_level_ko_celllevel_state_probabilities.sampled.csv	.csv	6200112	ee3059d0822802909362fa13392295fa73a597e2d46eeff5d7d7f23beacece0d	zenodo_data_results_bundle/tables/Step72_expression_level_insilico_KO/step72c_expression_level_ko_celllevel_state_probabilities.sampled.csv	/mnt/h/vir/ST/results/step8_strokeniche_perturbmap/expression_level_insilico_ko_72d_robustness_freeze
Step72_expression_level_insilico_KO	source_table_or_audit	/mnt/h/vir/ST/results/step8_strokeniche_perturbmap/expression_level_insilico_ko_72d_robustness_freeze/runs/label_region_refined__ko_0p5/step72c_expression_level_ko_net_flow_links.csv	step72c_expression_level_ko_net_flow_links.csv	.csv	1115	eacce533a7b829b677a8c89bcd556e64801302ff9b42989b5c30cf179b55213a	zenodo_data_results_bundle/tables/Step72_expression_level_insilico_KO/step72c_expression_level_ko_net_flow_links.csv	/mnt/h/vir/ST/results/step8_strokeniche_perturbmap/expression_level_insilico_ko_72d_robustness_freeze
Step72_expression_level_insilico_KO	source_table_or_audit	/mnt/h/vir/ST/results/step8_strokeniche_perturbmap/expression_level_insilico_ko_72d_robustness_freeze/runs/label_region_refined__ko_0p5/step72c_expression_level_ko_state_shift_summary.csv	step72c_expression_level_ko_state_shift_summary.csv	.csv	1913	0f3b3e476b4cf604ab70abf31bf99c9077cc13d3850a7c0f2975b68390e74023	zenodo_data_results_bundle/tables/Step72_expression_level_insilico_KO/step72c_expression_level_ko_state_shift_summary.csv	/mnt/h/vir/ST/results/step8_strokeniche_perturbmap/expression_level_insilico_ko_72d_robustness_freeze
Step72_expression_level_insilico_KO	source_table_or_audit	/mnt/h/vir/ST/results/step8_strokeniche_perturbmap/expression_level_insilico_ko_72d_robustness_freeze/runs/label_region_refined__ko_0p5/step72c_feature_genes_used.csv	step72c_feature_genes_used.csv	.csv	315	cf2ca8c4466a454eb9bb7382cc7e7e95bb59ec26cce984ef0251c7e64cd6c2b3	zenodo_data_results_bundle/tables/Step72_expression_level_insilico_KO/step72c_feature_genes_used.csv	/mnt/h/vir/ST/results/step8_strokeniche_perturbmap/expression_level_insilico_ko_72d_robustness_freeze
Step72_expression_level_insilico_KO	source_table_or_audit	/mnt/h/vir/ST/results/step8_strokeniche_perturbmap/expression_level_insilico_ko_72d_robustness_freeze/runs/label_region_refined__ko_0p5/step72c_report.json	step72c_report.json	.json	5793	0db7f16994b38681ae0f22a622559140540682fecf29c3bc2c21c676b7d9a515	zenodo_data_results_bundle/tables/Step72_expression_level_insilico_KO/step72c_report.json	/mnt/h/vir/ST/results/step8_strokeniche_perturbmap/expression_level_insilico_ko_72d_robustness_freeze
Step72_expression_level_insilico_KO	source_table_or_audit	/mnt/h/vir/ST/results/step8_strokeniche_perturbmap/expression_level_insilico_ko_72d_robustness_freeze/runs/label_region_refined__ko_0p5/step72c_report.txt	step72c_report.txt	.txt	5793	0db7f16994b38681ae0f22a622559140540682fecf29c3bc2c21c676b7d9a515	zenodo_data_results_bundle/tables/Step72_expression_level_insilico_KO/step72c_report.txt	/mnt/h/vir/ST/results/step8_strokeniche_perturbmap/expression_level_insilico_ko_72d_robustness_freeze
Step72_expression_level_insilico_KO	source_table_or_audit	/mnt/h/vir/ST/results/step8_strokeniche_perturbmap/expression_level_insilico_ko_72d_robustness_freeze/runs/label_state_group__ko_0p0/step72c_candidate_gene_audit.csv	step72c_candidate_gene_audit.csv	.csv	1078	a013065484bb4876c7d4c1e0a3ade1dfd05168ff2eab4b9431f1df50e3dc7898	zenodo_data_results_bundle/tables/Step72_expression_level_insilico_KO/step72c_candidate_gene_audit.csv	/mnt/h/vir/ST/results/step8_strokeniche_perturbmap/expression_level_insilico_ko_72d_robustness_freeze
Step72_expression_level_insilico_KO	source_table_or_audit	/mnt/h/vir/ST/results/step8_strokeniche_perturbmap/expression_level_insilico_ko_72d_robustness_freeze/runs/label_state_group__ko_0p0/step72c_classifier_audit.json	step72c_classifier_audit.json	.json	2715	d17be42b4384d89361aaada4ac522bb919c9530a35600fe7a18cca1dde2e0ecf	zenodo_data_results_bundle/tables/Step72_expression_level_insilico_KO/step72c_classifier_audit.json	/mnt/h/vir/ST/results/step8_strokeniche_perturbmap/expression_level_insilico_ko_72d_robustness_freeze
Step72_expression_level_insilico_KO	source_table_or_audit	/mnt/h/vir/ST/results/step8_strokeniche_perturbmap/expression_level_insilico_ko_72d_robustness_freeze/runs/label_state_group__ko_0p0/step72c_expression_level_ko_celllevel_state_probabilities.sampled.csv	step72c_expression_level_ko_celllevel_state_probabilities.sampled.csv	.csv	6188820	f96ad73e71bc12c34bb7d6efc452da144513fcd3caaea1129f334d7bcf2b00dd	zenodo_data_results_bundle/tables/Step72_expression_level_insilico_KO/step72c_expression_level_ko_celllevel_state_probabilities.sampled.csv	/mnt/h/vir/ST/results/step8_strokeniche_perturbmap/expression_level_insilico_ko_72d_robustness_freeze
Step72_expression_level_insilico_KO	source_table_or_audit	/mnt/h/vir/ST/results/step8_strokeniche_perturbmap/expression_level_insilico_ko_72d_robustness_freeze/runs/label_state_group__ko_0p0/step72c_expression_level_ko_net_flow_links.csv	step72c_expression_level_ko_net_flow_links.csv	.csv	1112	c36cd0244cadbec11457949d576b085fb0945c10cf1297f76614ea60ec9db2dd	zenodo_data_results_bundle/tables/Step72_expression_level_insilico_KO/step72c_expression_level_ko_net_flow_links.csv	/mnt/h/vir/ST/results/step8_strokeniche_perturbmap/expression_level_insilico_ko_72d_robustness_freeze
Step72_expression_level_insilico_KO	source_table_or_audit	/mnt/h/vir/ST/results/step8_strokeniche_perturbmap/expression_level_insilico_ko_72d_robustness_freeze/runs/label_state_group__ko_0p0/step72c_expression_level_ko_state_shift_summary.csv	step72c_expression_level_ko_state_shift_summary.csv	.csv	1920	cfe7686aaf3724201347dd20ad4be6528013a3aa40739423d8442203aca72404	zenodo_data_results_bundle/tables/Step72_expression_level_insilico_KO/step72c_expression_level_ko_state_shift_summary.csv	/mnt/h/vir/ST/results/step8_strokeniche_perturbmap/expression_level_insilico_ko_72d_robustness_freeze
Step72_expression_level_insilico_KO	source_table_or_audit	/mnt/h/vir/ST/results/step8_strokeniche_perturbmap/expression_level_insilico_ko_72d_robustness_freeze/runs/label_state_group__ko_0p0/step72c_feature_genes_used.csv	step72c_feature_genes_used.csv	.csv	315	cf2ca8c4466a454eb9bb7382cc7e7e95bb59ec26cce984ef0251c7e64cd6c2b3	zenodo_data_results_bundle/tables/Step72_expression_level_insilico_KO/step72c_feature_genes_used.csv	/mnt/h/vir/ST/results/step8_strokeniche_perturbmap/expression_level_insilico_ko_72d_robustness_freeze
Step72_expression_level_insilico_KO	source_table_or_audit	/mnt/h/vir/ST/results/step8_strokeniche_perturbmap/expression_level_insilico_ko_72d_robustness_freeze/runs/label_state_group__ko_0p0/step72c_report.json	step72c_report.json	.json	5757	d7dc97fa7a346a2d41e566df2e7a7fd7a6fd4073942dd260a6f4f4a1dce4605b	zenodo_data_results_bundle/tables/Step72_expression_level_insilico_KO/step72c_report.json	/mnt/h/vir/ST/results/step8_strokeniche_perturbmap/expression_level_insilico_ko_72d_robustness_freeze
Step72_expression_level_insilico_KO	source_table_or_audit	/mnt/h/vir/ST/results/step8_strokeniche_perturbmap/expression_level_insilico_ko_72d_robustness_freeze/runs/label_state_group__ko_0p0/step72c_report.txt	step72c_report.txt	.txt	5757	d7dc97fa7a346a2d41e566df2e7a7fd7a6fd4073942dd260a6f4f4a1dce4605b	zenodo_data_results_bundle/tables/Step72_expression_level_insilico_KO/step72c_report.txt	/mnt/h/vir/ST/results/step8_strokeniche_perturbmap/expression_level_insilico_ko_72d_robustness_freeze
Step72_expression_level_insilico_KO	source_table_or_audit	/mnt/h/vir/ST/results/step8_strokeniche_perturbmap/expression_level_insilico_ko_72d_robustness_freeze/runs/label_state_group__ko_0p2/step72c_candidate_gene_audit.csv	step72c_candidate_gene_audit.csv	.csv	1078	a013065484bb4876c7d4c1e0a3ade1dfd05168ff2eab4b9431f1df50e3dc7898	zenodo_data_results_bundle/tables/Step72_expression_level_insilico_KO/step72c_candidate_gene_audit.csv	/mnt/h/vir/ST/results/step8_strokeniche_perturbmap/expression_level_insilico_ko_72d_robustness_freeze
Step72_expression_level_insilico_KO	source_table_or_audit	/mnt/h/vir/ST/results/step8_strokeniche_perturbmap/expression_level_insilico_ko_72d_robustness_freeze/runs/label_state_group__ko_0p2/step72c_classifier_audit.json	step72c_classifier_audit.json	.json	2716	16522b219a944dcdba399567e95b89f630aa2a49fe6a9995e31a85bf9f0524a2	zenodo_data_results_bundle/tables/Step72_expression_level_insilico_KO/step72c_classifier_audit.json	/mnt/h/vir/ST/results/step8_strokeniche_perturbmap/expression_level_insilico_ko_72d_robustness_freeze
Step72_expression_level_insilico_KO	source_table_or_audit	/mnt/h/vir/ST/results/step8_strokeniche_perturbmap/expression_level_insilico_ko_72d_robustness_freeze/runs/label_state_group__ko_0p2/step72c_expression_level_ko_celllevel_state_probabilities.sampled.csv	step72c_expression_level_ko_celllevel_state_probabilities.sampled.csv	.csv	6190628	ef93d9bbc6ef5499c063e617a6871e3eea7b6342ba14eb01bbc78dafd4edd678	zenodo_data_results_bundle/tables/Step72_expression_level_insilico_KO/step72c_expression_level_ko_celllevel_state_probabilities.sampled.csv	/mnt/h/vir/ST/results/step8_strokeniche_perturbmap/expression_level_insilico_ko_72d_robustness_freeze
Step72_expression_level_insilico_KO	source_table_or_audit	/mnt/h/vir/ST/results/step8_strokeniche_perturbmap/expression_level_insilico_ko_72d_robustness_freeze/runs/label_state_group__ko_0p2/step72c_expression_level_ko_net_flow_links.csv	step72c_expression_level_ko_net_flow_links.csv	.csv	1114	4f4a48344fd9f67973539c3b89069d4e8bc653975f4ed0ac3321a6533743c896	zenodo_data_results_bundle/tables/Step72_expression_level_insilico_KO/step72c_expression_level_ko_net_flow_links.csv	/mnt/h/vir/ST/results/step8_strokeniche_perturbmap/expression_level_insilico_ko_72d_robustness_freeze
Step72_expression_level_insilico_KO	source_table_or_audit	/mnt/h/vir/ST/results/step8_strokeniche_perturbmap/expression_level_insilico_ko_72d_robustness_freeze/runs/label_state_group__ko_0p2/step72c_expression_level_ko_state_shift_summary.csv	step72c_expression_level_ko_state_shift_summary.csv	.csv	1922	89786be5ef5634ef09d837405c3724fc2cdf4a569dc6da8378b96cf9f6b964c5	zenodo_data_results_bundle/tables/Step72_expression_level_insilico_KO/step72c_expression_level_ko_state_shift_summary.csv	/mnt/h/vir/ST/results/step8_strokeniche_perturbmap/expression_level_insilico_ko_72d_robustness_freeze
Step72_expression_level_insilico_KO	source_table_or_audit	/mnt/h/vir/ST/results/step8_strokeniche_perturbmap/expression_level_insilico_ko_72d_robustness_freeze/runs/label_state_group__ko_0p2/step72c_feature_genes_used.csv	step72c_feature_genes_used.csv	.csv	315	cf2ca8c4466a454eb9bb7382cc7e7e95bb59ec26cce984ef0251c7e64cd6c2b3	zenodo_data_results_bundle/tables/Step72_expression_level_insilico_KO/step72c_feature_genes_used.csv	/mnt/h/vir/ST/results/step8_strokeniche_perturbmap/expression_level_insilico_ko_72d_robustness_freeze
Step72_expression_level_insilico_KO	source_table_or_audit	/mnt/h/vir/ST/results/step8_strokeniche_perturbmap/expression_level_insilico_ko_72d_robustness_freeze/runs/label_state_group__ko_0p2/step72c_report.json	step72c_report.json	.json	5759	43e921c886692bd08dfda7534947ffc569fba243ae29dd8bea2d839f3709beac	zenodo_data_results_bundle/tables/Step72_expression_level_insilico_KO/step72c_report.json	/mnt/h/vir/ST/results/step8_strokeniche_perturbmap/expression_level_insilico_ko_72d_robustness_freeze
Step72_expression_level_insilico_KO	source_table_or_audit	/mnt/h/vir/ST/results/step8_strokeniche_perturbmap/expression_level_insilico_ko_72d_robustness_freeze/runs/label_state_group__ko_0p2/step72c_report.txt	step72c_report.txt	.txt	5759	43e921c886692bd08dfda7534947ffc569fba243ae29dd8bea2d839f3709beac	zenodo_data_results_bundle/tables/Step72_expression_level_insilico_KO/step72c_report.txt	/mnt/h/vir/ST/results/step8_strokeniche_perturbmap/expression_level_insilico_ko_72d_robustness_freeze
Step72_expression_level_insilico_KO	source_table_or_audit	/mnt/h/vir/ST/results/step8_strokeniche_perturbmap/expression_level_insilico_ko_72d_robustness_freeze/runs/label_state_group__ko_0p5/step72c_candidate_gene_audit.csv	step72c_candidate_gene_audit.csv	.csv	1078	a013065484bb4876c7d4c1e0a3ade1dfd05168ff2eab4b9431f1df50e3dc7898	zenodo_data_results_bundle/tables/Step72_expression_level_insilico_KO/step72c_candidate_gene_audit.csv	/mnt/h/vir/ST/results/step8_strokeniche_perturbmap/expression_level_insilico_ko_72d_robustness_freeze
Step72_expression_level_insilico_KO	source_table_or_audit	/mnt/h/vir/ST/results/step8_strokeniche_perturbmap/expression_level_insilico_ko_72d_robustness_freeze/runs/label_state_group__ko_0p5/step72c_classifier_audit.json	step72c_classifier_audit.json	.json	2716	58450839ff334d13924d2eb40a27891d79e2b2c24a1f655bd32bf2b1ed90bc12	zenodo_data_results_bundle/tables/Step72_expression_level_insilico_KO/step72c_classifier_audit.json	/mnt/h/vir/ST/results/step8_strokeniche_perturbmap/expression_level_insilico_ko_72d_robustness_freeze
Step72_expression_level_insilico_KO	source_table_or_audit	/mnt/h/vir/ST/results/step8_strokeniche_perturbmap/expression_level_insilico_ko_72d_robustness_freeze/runs/label_state_group__ko_0p5/step72c_expression_level_ko_celllevel_state_probabilities.sampled.csv	step72c_expression_level_ko_celllevel_state_probabilities.sampled.csv	.csv	6194908	8098df203cc0829e2ca4e6e3799bd1d20b1afcbb785281e3f3235d2de4411ffd	zenodo_data_results_bundle/tables/Step72_expression_level_insilico_KO/step72c_expression_level_ko_celllevel_state_probabilities.sampled.csv	/mnt/h/vir/ST/results/step8_strokeniche_perturbmap/expression_level_insilico_ko_72d_robustness_freeze
Step72_expression_level_insilico_KO	source_table_or_audit	/mnt/h/vir/ST/results/step8_strokeniche_perturbmap/expression_level_insilico_ko_72d_robustness_freeze/runs/label_state_group__ko_0p5/step72c_expression_level_ko_net_flow_links.csv	step72c_expression_level_ko_net_flow_links.csv	.csv	1117	27aba0b6a1377219c660e91f81035d29130faca94326b41d3c600117b554e077	zenodo_data_results_bundle/tables/Step72_expression_level_insilico_KO/step72c_expression_level_ko_net_flow_links.csv	/mnt/h/vir/ST/results/step8_strokeniche_perturbmap/expression_level_insilico_ko_72d_robustness_freeze
Step72_expression_level_insilico_KO	source_table_or_audit	/mnt/h/vir/ST/results/step8_strokeniche_perturbmap/expression_level_insilico_ko_72d_robustness_freeze/runs/label_state_group__ko_0p5/step72c_expression_level_ko_state_shift_summary.csv	step72c_expression_level_ko_state_shift_summary.csv	.csv	1922	a80b7defe7ff8cedd2ecdb6c53fae0a26e4c5fead0b5682356f50b2c8eae2075	zenodo_data_results_bundle/tables/Step72_expression_level_insilico_KO/step72c_expression_level_ko_state_shift_summary.csv	/mnt/h/vir/ST/results/step8_strokeniche_perturbmap/expression_level_insilico_ko_72d_robustness_freeze
Step72_expression_level_insilico_KO	source_table_or_audit	/mnt/h/vir/ST/results/step8_strokeniche_perturbmap/expression_level_insilico_ko_72d_robustness_freeze/runs/label_state_group__ko_0p5/step72c_feature_genes_used.csv	step72c_feature_genes_used.csv	.csv	315	cf2ca8c4466a454eb9bb7382cc7e7e95bb59ec26cce984ef0251c7e64cd6c2b3	zenodo_data_results_bundle/tables/Step72_expression_level_insilico_KO/step72c_feature_genes_used.csv	/mnt/h/vir/ST/results/step8_strokeniche_perturbmap/expression_level_insilico_ko_72d_robustness_freeze
Step72_expression_level_insilico_KO	source_table_or_audit	/mnt/h/vir/ST/results/step8_strokeniche_perturbmap/expression_level_insilico_ko_72d_robustness_freeze/runs/label_state_group__ko_0p5/step72c_report.json	step72c_report.json	.json	5759	7594299ac5514d37c172010762bdcf998ebb2a85778673b20fa3a5a4fbdab135	zenodo_data_results_bundle/tables/Step72_expression_level_insilico_KO/step72c_report.json	/mnt/h/vir/ST/results/step8_strokeniche_perturbmap/expression_level_insilico_ko_72d_robustness_freeze
Step72_expression_level_insilico_KO	source_table_or_audit	/mnt/h/vir/ST/results/step8_strokeniche_perturbmap/expression_level_insilico_ko_72d_robustness_freeze/runs/label_state_group__ko_0p5/step72c_report.txt	step72c_report.txt	.txt	5759	7594299ac5514d37c172010762bdcf998ebb2a85778673b20fa3a5a4fbdab135	zenodo_data_results_bundle/tables/Step72_expression_level_insilico_KO/step72c_report.txt	/mnt/h/vir/ST/results/step8_strokeniche_perturbmap/expression_level_insilico_ko_72d_robustness_freeze
Step72_expression_level_insilico_KO	source_table_or_audit	/mnt/h/vir/ST/results/step8_strokeniche_perturbmap/expression_level_insilico_ko_72d_robustness_freeze/step72d_all_candidate_gene_audit.csv	step72d_all_candidate_gene_audit.csv	.csv	22249	40ff45807d1c2211dba7a885112083435a66eef062f697f84e6051cfb00dce69	zenodo_data_results_bundle/tables/Step72_expression_level_insilico_KO/step72d_all_candidate_gene_audit.csv	/mnt/h/vir/ST/results/step8_strokeniche_perturbmap/expression_level_insilico_ko_72d_robustness_freeze
Step72_expression_level_insilico_KO	source_table_or_audit	/mnt/h/vir/ST/results/step8_strokeniche_perturbmap/expression_level_insilico_ko_72d_robustness_freeze/step72d_all_candidate_state_shift_summary.csv	step72d_all_candidate_state_shift_summary.csv	.csv	30051	bb97dfec8a051e0eeaf82447886663d000f4080c554fb3aadd235ef9db003de5	zenodo_data_results_bundle/tables/Step72_expression_level_insilico_KO/step72d_all_candidate_state_shift_summary.csv	/mnt/h/vir/ST/results/step8_strokeniche_perturbmap/expression_level_insilico_ko_72d_robustness_freeze
Step72_expression_level_insilico_KO	source_table_or_audit	/mnt/h/vir/ST/results/step8_strokeniche_perturbmap/expression_level_insilico_ko_72d_robustness_freeze/step72d_candidate_robustness_consensus.csv	step72d_candidate_robustness_consensus.csv	.csv	1898	b49f8d7a148e918f6a7f3d9f49164d8eba2be33a19febd5f0c203efad23210b0	zenodo_data_results_bundle/tables/Step72_expression_level_insilico_KO/step72d_candidate_robustness_consensus.csv	/mnt/h/vir/ST/results/step8_strokeniche_perturbmap/expression_level_insilico_ko_72d_robustness_freeze
Step72_expression_level_insilico_KO	source_table_or_audit	/mnt/h/vir/ST/results/step8_strokeniche_perturbmap/expression_level_insilico_ko_72d_robustness_freeze/step72d_freeze_recommendation.txt	step72d_freeze_recommendation.txt	.txt	2008	9987e73e82a622d6f479b7b961789c179105cc4a1af2a6cd58a06e5456eb0f75	zenodo_data_results_bundle/tables/Step72_expression_level_insilico_KO/step72d_freeze_recommendation.txt	/mnt/h/vir/ST/results/step8_strokeniche_perturbmap/expression_level_insilico_ko_72d_robustness_freeze
Step72_expression_level_insilico_KO	source_table_or_audit	/mnt/h/vir/ST/results/step8_strokeniche_perturbmap/expression_level_insilico_ko_72d_robustness_freeze/step72d_manifest.json	step72d_manifest.json	.json	2800	da99ba1e442ad938b859b90e17a93d7a4f9754d2c422f16a9628f919b87c8572	zenodo_data_results_bundle/tables/Step72_expression_level_insilico_KO/step72d_manifest.json	/mnt/h/vir/ST/results/step8_strokeniche_perturbmap/expression_level_insilico_ko_72d_robustness_freeze
Step72_expression_level_insilico_KO	source_table_or_audit	/mnt/h/vir/ST/results/step8_strokeniche_perturbmap/expression_level_insilico_ko_72d_robustness_freeze/step72d_report.json	step72d_report.json	.json	1636	2a750c9ce20b60205180c4cff72ba999d6cfe2121dbbd5e976a9816300bf3da2	zenodo_data_results_bundle/tables/Step72_expression_level_insilico_KO/step72d_report.json	/mnt/h/vir/ST/results/step8_strokeniche_perturbmap/expression_level_insilico_ko_72d_robustness_freeze
Step72_expression_level_insilico_KO	source_table_or_audit	/mnt/h/vir/ST/results/step8_strokeniche_perturbmap/expression_level_insilico_ko_72d_robustness_freeze/step72d_report.txt	step72d_report.txt	.txt	1636	2a750c9ce20b60205180c4cff72ba999d6cfe2121dbbd5e976a9816300bf3da2	zenodo_data_results_bundle/tables/Step72_expression_level_insilico_KO/step72d_report.txt	/mnt/h/vir/ST/results/step8_strokeniche_perturbmap/expression_level_insilico_ko_72d_robustness_freeze
Step72_expression_level_insilico_KO	source_table_or_audit	/mnt/h/vir/ST/results/step8_strokeniche_perturbmap/expression_level_insilico_ko_72d_robustness_freeze/step72d_run_level_robustness_summary.csv	step72d_run_level_robustness_summary.csv	.csv	4945	bcfb6d8595c8797ee239eb1405862936c90d3c29a6298768fe814baf4b7736e8	zenodo_data_results_bundle/tables/Step72_expression_level_insilico_KO/step72d_run_level_robustness_summary.csv	/mnt/h/vir/ST/results/step8_strokeniche_perturbmap/expression_level_insilico_ko_72d_robustness_freeze
Step73_track_dynamic_marker_heatmap	source_table_or_audit	/mnt/h/vir/ST/results/step8_strokeniche_perturbmap/track_dynamic_marker_heatmap_73/step73_feature_selection_summary.csv	step73_feature_selection_summary.csv	.csv	2210	1085428e73c69acbeae14f81e919adce6068d9538e01fc990a18b9fd645845bd	zenodo_data_results_bundle/tables/Step73_track_dynamic_marker_heatmap/step73_feature_selection_summary.csv	/mnt/h/vir/ST/results/step8_strokeniche_perturbmap/track_dynamic_marker_heatmap_73
Step73_track_dynamic_marker_heatmap	source_table_or_audit	/mnt/h/vir/ST/results/step8_strokeniche_perturbmap/track_dynamic_marker_heatmap_73/step73_report.json	step73_report.json	.json	4832	723f7fabbce6f47a8e513b39f2a2ba2845a4030803806f9d50c7df5f1a89b37a	zenodo_data_results_bundle/tables/Step73_track_dynamic_marker_heatmap/step73_report.json	/mnt/h/vir/ST/results/step8_strokeniche_perturbmap/track_dynamic_marker_heatmap_73
Step73_track_dynamic_marker_heatmap	source_table_or_audit	/mnt/h/vir/ST/results/step8_strokeniche_perturbmap/track_dynamic_marker_heatmap_73/step73_report.txt	step73_report.txt	.txt	4832	723f7fabbce6f47a8e513b39f2a2ba2845a4030803806f9d50c7df5f1a89b37a	zenodo_data_results_bundle/tables/Step73_track_dynamic_marker_heatmap/step73_report.txt	/mnt/h/vir/ST/results/step8_strokeniche_perturbmap/track_dynamic_marker_heatmap_73
Step73_track_dynamic_marker_heatmap	source_table_or_audit	/mnt/h/vir/ST/results/step8_strokeniche_perturbmap/track_dynamic_marker_heatmap_73/step73_selected_dynamic_features_long.csv	step73_selected_dynamic_features_long.csv	.csv	41797	6d0f00dc2f9fb17a3f9b30bedc865237708c3362fcc739b11741ac9389f60294	zenodo_data_results_bundle/tables/Step73_track_dynamic_marker_heatmap/step73_selected_dynamic_features_long.csv	/mnt/h/vir/ST/results/step8_strokeniche_perturbmap/track_dynamic_marker_heatmap_73
Step73_track_dynamic_marker_heatmap	source_table_or_audit	/mnt/h/vir/ST/results/step8_strokeniche_perturbmap/track_dynamic_marker_heatmap_73/step73_track_dynamic_feature_matrix.csv	step73_track_dynamic_feature_matrix.csv	.csv	13664	f30237a1b716c5b195cdf653bd896e41c14e1ee03b365f337bff6b60cc165125	zenodo_data_results_bundle/tables/Step73_track_dynamic_marker_heatmap/step73_track_dynamic_feature_matrix.csv	/mnt/h/vir/ST/results/step8_strokeniche_perturbmap/track_dynamic_marker_heatmap_73
Step73_track_dynamic_marker_heatmap	source_table_or_audit	/mnt/h/vir/ST/results/step8_strokeniche_perturbmap/track_dynamic_marker_heatmap_73/step73_track_dynamic_feature_raw_matrix.csv	step73_track_dynamic_feature_raw_matrix.csv	.csv	9182	84ab4ef4a0d792394e12bf98f147d57bfec69d0fe10cd4164efb2dca959eddb7	zenodo_data_results_bundle/tables/Step73_track_dynamic_marker_heatmap/step73_track_dynamic_feature_raw_matrix.csv	/mnt/h/vir/ST/results/step8_strokeniche_perturbmap/track_dynamic_marker_heatmap_73
Step73_track_dynamic_marker_heatmap	source_table_or_audit	/mnt/h/vir/ST/results/step8_strokeniche_perturbmap/track_dynamic_marker_heatmap_73/step73_track_top_regulators.csv	step73_track_top_regulators.csv	.csv	2909	faf3181e3dc3086a79268da1786dadbde117882144b1f10cd8927837af180a07	zenodo_data_results_bundle/tables/Step73_track_dynamic_marker_heatmap/step73_track_top_regulators.csv	/mnt/h/vir/ST/results/step8_strokeniche_perturbmap/track_dynamic_marker_heatmap_73
Step73_track_dynamic_marker_heatmap	source_table_or_audit	/mnt/h/vir/ST/results/step8_strokeniche_perturbmap/track_dynamic_marker_heatmap_73b_compact_manuscript_ready/step73b_compact_dynamic_feature_matrix_raw.csv	step73b_compact_dynamic_feature_matrix_raw.csv	.csv	3331	91aee857a8bcf61a3d1840bdcd9de81602ef3ed15a8fb422068bf3340846d70d	zenodo_data_results_bundle/tables/Step73_track_dynamic_marker_heatmap/step73b_compact_dynamic_feature_matrix_raw.csv	/mnt/h/vir/ST/results/step8_strokeniche_perturbmap/track_dynamic_marker_heatmap_73b_compact_manuscript_ready
Step73_track_dynamic_marker_heatmap	source_table_or_audit	/mnt/h/vir/ST/results/step8_strokeniche_perturbmap/track_dynamic_marker_heatmap_73b_compact_manuscript_ready/step73b_compact_dynamic_feature_matrix_z.csv	step73b_compact_dynamic_feature_matrix_z.csv	.csv	4414	e2ff0e05d1201e10e01271a987a19ce0c6d4af00ab9e770d176ec42b057c112b	zenodo_data_results_bundle/tables/Step73_track_dynamic_marker_heatmap/step73b_compact_dynamic_feature_matrix_z.csv	/mnt/h/vir/ST/results/step8_strokeniche_perturbmap/track_dynamic_marker_heatmap_73b_compact_manuscript_ready
Step73_track_dynamic_marker_heatmap	source_table_or_audit	/mnt/h/vir/ST/results/step8_strokeniche_perturbmap/track_dynamic_marker_heatmap_73b_compact_manuscript_ready/step73b_compact_feature_annotations.csv	step73b_compact_feature_annotations.csv	.csv	3020	ddf44d965ba08652a08307e2290cd3ac737b7f2395c5d0c5ef492c6b5add2f8f	zenodo_data_results_bundle/tables/Step73_track_dynamic_marker_heatmap/step73b_compact_feature_annotations.csv	/mnt/h/vir/ST/results/step8_strokeniche_perturbmap/track_dynamic_marker_heatmap_73b_compact_manuscript_ready
Step73_track_dynamic_marker_heatmap	source_table_or_audit	/mnt/h/vir/ST/results/step8_strokeniche_perturbmap/track_dynamic_marker_heatmap_73b_compact_manuscript_ready/step73b_compact_track_annotations.csv	step73b_compact_track_annotations.csv	.csv	1403	af8a72cb0c9c486bd6824914a2f7f73da23841947bbaf2af66e25803a5d9f269	zenodo_data_results_bundle/tables/Step73_track_dynamic_marker_heatmap/step73b_compact_track_annotations.csv	/mnt/h/vir/ST/results/step8_strokeniche_perturbmap/track_dynamic_marker_heatmap_73b_compact_manuscript_ready
Step73_track_dynamic_marker_heatmap	source_table_or_audit	/mnt/h/vir/ST/results/step8_strokeniche_perturbmap/track_dynamic_marker_heatmap_73b_compact_manuscript_ready/step73b_report.json	step73b_report.json	.json	2772	bb1b8e40057d7690a980af8dd4d18fa980671036e79c432a664614041973c11a	zenodo_data_results_bundle/tables/Step73_track_dynamic_marker_heatmap/step73b_report.json	/mnt/h/vir/ST/results/step8_strokeniche_perturbmap/track_dynamic_marker_heatmap_73b_compact_manuscript_ready
Step73_track_dynamic_marker_heatmap	source_table_or_audit	/mnt/h/vir/ST/results/step8_strokeniche_perturbmap/track_dynamic_marker_heatmap_73b_compact_manuscript_ready/step73b_report.txt	step73b_report.txt	.txt	2772	bb1b8e40057d7690a980af8dd4d18fa980671036e79c432a664614041973c11a	zenodo_data_results_bundle/tables/Step73_track_dynamic_marker_heatmap/step73b_report.txt	/mnt/h/vir/ST/results/step8_strokeniche_perturbmap/track_dynamic_marker_heatmap_73b_compact_manuscript_ready
Step73_track_dynamic_marker_heatmap	source_table_or_audit	/mnt/h/vir/ST/results/step8_strokeniche_perturbmap/track_dynamic_marker_heatmap_73c_ultraclean_maintext/step73c_report.json	step73c_report.json	.json	2717	507f5a9770e97924c44d4c0fc0ff367c18e2e33905b047fcdbee9c750d5ff617	zenodo_data_results_bundle/tables/Step73_track_dynamic_marker_heatmap/step73c_report.json	/mnt/h/vir/ST/results/step8_strokeniche_perturbmap/track_dynamic_marker_heatmap_73c_ultraclean_maintext
Step73_track_dynamic_marker_heatmap	source_table_or_audit	/mnt/h/vir/ST/results/step8_strokeniche_perturbmap/track_dynamic_marker_heatmap_73c_ultraclean_maintext/step73c_report.txt	step73c_report.txt	.txt	2717	507f5a9770e97924c44d4c0fc0ff367c18e2e33905b047fcdbee9c750d5ff617	zenodo_data_results_bundle/tables/Step73_track_dynamic_marker_heatmap/step73c_report.txt	/mnt/h/vir/ST/results/step8_strokeniche_perturbmap/track_dynamic_marker_heatmap_73c_ultraclean_maintext
Step73_track_dynamic_marker_heatmap	source_table_or_audit	/mnt/h/vir/ST/results/step8_strokeniche_perturbmap/track_dynamic_marker_heatmap_73c_ultraclean_maintext/step73c_ultraclean_dynamic_feature_matrix_raw.csv	step73c_ultraclean_dynamic_feature_matrix_raw.csv	.csv	2126	47e6ffbda7a5c22344b1c183fc49e4510f1aff593354d42f5af6694c07480307	zenodo_data_results_bundle/tables/Step73_track_dynamic_marker_heatmap/step73c_ultraclean_dynamic_feature_matrix_raw.csv	/mnt/h/vir/ST/results/step8_strokeniche_perturbmap/track_dynamic_marker_heatmap_73c_ultraclean_maintext
Step73_track_dynamic_marker_heatmap	source_table_or_audit	/mnt/h/vir/ST/results/step8_strokeniche_perturbmap/track_dynamic_marker_heatmap_73c_ultraclean_maintext/step73c_ultraclean_dynamic_feature_matrix_z.csv	step73c_ultraclean_dynamic_feature_matrix_z.csv	.csv	2547	556e4c2658b452b50be41a9c0f6c3369119ab07cbc492c24a2679b4878d2adae	zenodo_data_results_bundle/tables/Step73_track_dynamic_marker_heatmap/step73c_ultraclean_dynamic_feature_matrix_z.csv	/mnt/h/vir/ST/results/step8_strokeniche_perturbmap/track_dynamic_marker_heatmap_73c_ultraclean_maintext
Step73_track_dynamic_marker_heatmap	source_table_or_audit	/mnt/h/vir/ST/results/step8_strokeniche_perturbmap/track_dynamic_marker_heatmap_73c_ultraclean_maintext/step73c_ultraclean_feature_annotations.csv	step73c_ultraclean_feature_annotations.csv	.csv	1545	657277e05b411512f9e16096bf92cb3749010dcf54baec8ba71e438372b09e5f	zenodo_data_results_bundle/tables/Step73_track_dynamic_marker_heatmap/step73c_ultraclean_feature_annotations.csv	/mnt/h/vir/ST/results/step8_strokeniche_perturbmap/track_dynamic_marker_heatmap_73c_ultraclean_maintext
Step73_track_dynamic_marker_heatmap	source_table_or_audit	/mnt/h/vir/ST/results/step8_strokeniche_perturbmap/track_dynamic_marker_heatmap_73c_ultraclean_maintext/step73c_ultraclean_track_annotations.csv	step73c_ultraclean_track_annotations.csv	.csv	1169	48e2eafa0a9d0d18625f5d66dd95da85eecf6636680b84d04a67c03c8b7aa30a	zenodo_data_results_bundle/tables/Step73_track_dynamic_marker_heatmap/step73c_ultraclean_track_annotations.csv	/mnt/h/vir/ST/results/step8_strokeniche_perturbmap/track_dynamic_marker_heatmap_73c_ultraclean_maintext
Step73_track_dynamic_marker_heatmap	source_table_or_audit	/mnt/h/vir/ST/results/step8_strokeniche_perturbmap/track_dynamic_marker_heatmap_73c_ultraclean_maintext_v2/step73c_report.json	step73c_report.json	.json	2712	0decf5a007f10b5b3640552b969ace224d681f8a44925cbcf349973080643e83	zenodo_data_results_bundle/tables/Step73_track_dynamic_marker_heatmap/step73c_report.json	/mnt/h/vir/ST/results/step8_strokeniche_perturbmap/track_dynamic_marker_heatmap_73c_ultraclean_maintext_v2
Step73_track_dynamic_marker_heatmap	source_table_or_audit	/mnt/h/vir/ST/results/step8_strokeniche_perturbmap/track_dynamic_marker_heatmap_73c_ultraclean_maintext_v2/step73c_report.txt	step73c_report.txt	.txt	2712	0decf5a007f10b5b3640552b969ace224d681f8a44925cbcf349973080643e83	zenodo_data_results_bundle/tables/Step73_track_dynamic_marker_heatmap/step73c_report.txt	/mnt/h/vir/ST/results/step8_strokeniche_perturbmap/track_dynamic_marker_heatmap_73c_ultraclean_maintext_v2
Step73_track_dynamic_marker_heatmap	source_table_or_audit	/mnt/h/vir/ST/results/step8_strokeniche_perturbmap/track_dynamic_marker_heatmap_73c_ultraclean_maintext_v2/step73c_ultraclean_dynamic_feature_matrix_raw.csv	step73c_ultraclean_dynamic_feature_matrix_raw.csv	.csv	1460	33f632832d4cec1c7804c991a36717b8d2d6bfae7b00d08ac8fa182decd8efe7	zenodo_data_results_bundle/tables/Step73_track_dynamic_marker_heatmap/step73c_ultraclean_dynamic_feature_matrix_raw.csv	/mnt/h/vir/ST/results/step8_strokeniche_perturbmap/track_dynamic_marker_heatmap_73c_ultraclean_maintext_v2
Step73_track_dynamic_marker_heatmap	source_table_or_audit	/mnt/h/vir/ST/results/step8_strokeniche_perturbmap/track_dynamic_marker_heatmap_73c_ultraclean_maintext_v2/step73c_ultraclean_dynamic_feature_matrix_z.csv	step73c_ultraclean_dynamic_feature_matrix_z.csv	.csv	1730	7a2cc53c7bf0cfca52bca4c707f2a27c2150036f4a31dcb05f890f434713c059	zenodo_data_results_bundle/tables/Step73_track_dynamic_marker_heatmap/step73c_ultraclean_dynamic_feature_matrix_z.csv	/mnt/h/vir/ST/results/step8_strokeniche_perturbmap/track_dynamic_marker_heatmap_73c_ultraclean_maintext_v2
Step73_track_dynamic_marker_heatmap	source_table_or_audit	/mnt/h/vir/ST/results/step8_strokeniche_perturbmap/track_dynamic_marker_heatmap_73c_ultraclean_maintext_v2/step73c_ultraclean_feature_annotations.csv	step73c_ultraclean_feature_annotations.csv	.csv	1311	6533e349bbf2dd44dda1576cdee6d1d6547261c2d3d3daecf9f085c62b3c9721	zenodo_data_results_bundle/tables/Step73_track_dynamic_marker_heatmap/step73c_ultraclean_feature_annotations.csv	/mnt/h/vir/ST/results/step8_strokeniche_perturbmap/track_dynamic_marker_heatmap_73c_ultraclean_maintext_v2
Step73_track_dynamic_marker_heatmap	source_table_or_audit	/mnt/h/vir/ST/results/step8_strokeniche_perturbmap/track_dynamic_marker_heatmap_73c_ultraclean_maintext_v2/step73c_ultraclean_track_annotations.csv	step73c_ultraclean_track_annotations.csv	.csv	954	9f846f72b9ac202e1b00d78e6df900970e81cb0b10c940952217cbc9289a4b67	zenodo_data_results_bundle/tables/Step73_track_dynamic_marker_heatmap/step73c_ultraclean_track_annotations.csv	/mnt/h/vir/ST/results/step8_strokeniche_perturbmap/track_dynamic_marker_heatmap_73c_ultraclean_maintext_v2
Step73_track_dynamic_marker_heatmap	source_table_or_audit	/mnt/h/vir/ST/results/step8_strokeniche_perturbmap/track_dynamic_marker_heatmap_73d_labelclean_final/step73d_labelclean_dynamic_feature_matrix_raw.csv	step73d_labelclean_dynamic_feature_matrix_raw.csv	.csv	1460	33f632832d4cec1c7804c991a36717b8d2d6bfae7b00d08ac8fa182decd8efe7	zenodo_data_results_bundle/tables/Step73_track_dynamic_marker_heatmap/step73d_labelclean_dynamic_feature_matrix_raw.csv	/mnt/h/vir/ST/results/step8_strokeniche_perturbmap/track_dynamic_marker_heatmap_73d_labelclean_final
Step73_track_dynamic_marker_heatmap	source_table_or_audit	/mnt/h/vir/ST/results/step8_strokeniche_perturbmap/track_dynamic_marker_heatmap_73d_labelclean_final/step73d_labelclean_dynamic_feature_matrix_z.csv	step73d_labelclean_dynamic_feature_matrix_z.csv	.csv	1730	7a2cc53c7bf0cfca52bca4c707f2a27c2150036f4a31dcb05f890f434713c059	zenodo_data_results_bundle/tables/Step73_track_dynamic_marker_heatmap/step73d_labelclean_dynamic_feature_matrix_z.csv	/mnt/h/vir/ST/results/step8_strokeniche_perturbmap/track_dynamic_marker_heatmap_73d_labelclean_final
Step73_track_dynamic_marker_heatmap	source_table_or_audit	/mnt/h/vir/ST/results/step8_strokeniche_perturbmap/track_dynamic_marker_heatmap_73d_labelclean_final/step73d_labelclean_feature_annotations.csv	step73d_labelclean_feature_annotations.csv	.csv	1311	6533e349bbf2dd44dda1576cdee6d1d6547261c2d3d3daecf9f085c62b3c9721	zenodo_data_results_bundle/tables/Step73_track_dynamic_marker_heatmap/step73d_labelclean_feature_annotations.csv	/mnt/h/vir/ST/results/step8_strokeniche_perturbmap/track_dynamic_marker_heatmap_73d_labelclean_final
Step73_track_dynamic_marker_heatmap	source_table_or_audit	/mnt/h/vir/ST/results/step8_strokeniche_perturbmap/track_dynamic_marker_heatmap_73d_labelclean_final/step73d_labelclean_track_annotations.csv	step73d_labelclean_track_annotations.csv	.csv	1559	414f057b06b676371dc88ad2ef19d67a85ef654fcf1085d0e605836987d9e6d0	zenodo_data_results_bundle/tables/Step73_track_dynamic_marker_heatmap/step73d_labelclean_track_annotations.csv	/mnt/h/vir/ST/results/step8_strokeniche_perturbmap/track_dynamic_marker_heatmap_73d_labelclean_final
Step73_track_dynamic_marker_heatmap	source_table_or_audit	/mnt/h/vir/ST/results/step8_strokeniche_perturbmap/track_dynamic_marker_heatmap_73d_labelclean_final/step73d_report.json	step73d_report.json	.json	2941	a49d82dc5551009895b200f331d8008bc8ee5c447f690a235542e733306d977d	zenodo_data_results_bundle/tables/Step73_track_dynamic_marker_heatmap/step73d_report.json	/mnt/h/vir/ST/results/step8_strokeniche_perturbmap/track_dynamic_marker_heatmap_73d_labelclean_final
Step73_track_dynamic_marker_heatmap	source_table_or_audit	/mnt/h/vir/ST/results/step8_strokeniche_perturbmap/track_dynamic_marker_heatmap_73d_labelclean_final/step73d_report.txt	step73d_report.txt	.txt	2941	a49d82dc5551009895b200f331d8008bc8ee5c447f690a235542e733306d977d	zenodo_data_results_bundle/tables/Step73_track_dynamic_marker_heatmap/step73d_report.txt	/mnt/h/vir/ST/results/step8_strokeniche_perturbmap/track_dynamic_marker_heatmap_73d_labelclean_final
Step73_track_dynamic_marker_heatmap	source_table_or_audit	/mnt/h/vir/ST/results/step8_strokeniche_perturbmap/track_dynamic_marker_heatmap_73e_final_polished/step73e_final_polished_dynamic_feature_matrix_raw.csv	step73e_final_polished_dynamic_feature_matrix_raw.csv	.csv	1353	bb3f81c618c2c1a1150083ff899172a949674766c3cf73eb9979befa5f873ddb	zenodo_data_results_bundle/tables/Step73_track_dynamic_marker_heatmap/step73e_final_polished_dynamic_feature_matrix_raw.csv	/mnt/h/vir/ST/results/step8_strokeniche_perturbmap/track_dynamic_marker_heatmap_73e_final_polished
Step73_track_dynamic_marker_heatmap	source_table_or_audit	/mnt/h/vir/ST/results/step8_strokeniche_perturbmap/track_dynamic_marker_heatmap_73e_final_polished/step73e_final_polished_dynamic_feature_matrix_z.csv	step73e_final_polished_dynamic_feature_matrix_z.csv	.csv	1596	85a2e52c43032660e63f7c320b914242a6e3b465f59080d5ae36429a3d8cb097	zenodo_data_results_bundle/tables/Step73_track_dynamic_marker_heatmap/step73e_final_polished_dynamic_feature_matrix_z.csv	/mnt/h/vir/ST/results/step8_strokeniche_perturbmap/track_dynamic_marker_heatmap_73e_final_polished
Step73_track_dynamic_marker_heatmap	source_table_or_audit	/mnt/h/vir/ST/results/step8_strokeniche_perturbmap/track_dynamic_marker_heatmap_73e_final_polished/step73e_final_polished_feature_annotations.csv	step73e_final_polished_feature_annotations.csv	.csv	1170	a31b8c147ddebf4f2142bbeab58d7a4793f358aeda09fe74704d9325c8098e0a	zenodo_data_results_bundle/tables/Step73_track_dynamic_marker_heatmap/step73e_final_polished_feature_annotations.csv	/mnt/h/vir/ST/results/step8_strokeniche_perturbmap/track_dynamic_marker_heatmap_73e_final_polished
Step73_track_dynamic_marker_heatmap	source_table_or_audit	/mnt/h/vir/ST/results/step8_strokeniche_perturbmap/track_dynamic_marker_heatmap_73e_final_polished/step73e_final_polished_track_annotations.csv	step73e_final_polished_track_annotations.csv	.csv	1671	a01eb306b12128f922038847d7dc505618832f368d446403f9d27fdd6315449b	zenodo_data_results_bundle/tables/Step73_track_dynamic_marker_heatmap/step73e_final_polished_track_annotations.csv	/mnt/h/vir/ST/results/step8_strokeniche_perturbmap/track_dynamic_marker_heatmap_73e_final_polished
Step73_track_dynamic_marker_heatmap	source_table_or_audit	/mnt/h/vir/ST/results/step8_strokeniche_perturbmap/track_dynamic_marker_heatmap_73e_final_polished/step73e_report.json	step73e_report.json	.json	2938	1d8a541578dd66ffddb2805314c2ec618127ac67461cb41dd822bc802f5859ca	zenodo_data_results_bundle/tables/Step73_track_dynamic_marker_heatmap/step73e_report.json	/mnt/h/vir/ST/results/step8_strokeniche_perturbmap/track_dynamic_marker_heatmap_73e_final_polished
Step73_track_dynamic_marker_heatmap	source_table_or_audit	/mnt/h/vir/ST/results/step8_strokeniche_perturbmap/track_dynamic_marker_heatmap_73e_final_polished/step73e_report.txt	step73e_report.txt	.txt	2938	1d8a541578dd66ffddb2805314c2ec618127ac67461cb41dd822bc802f5859ca	zenodo_data_results_bundle/tables/Step73_track_dynamic_marker_heatmap/step73e_report.txt	/mnt/h/vir/ST/results/step8_strokeniche_perturbmap/track_dynamic_marker_heatmap_73e_final_polished
Step74_wgcna_style_module_evidence	source_table_or_audit	/mnt/h/vir/ST/results/step8_strokeniche_perturbmap/wgcna_style_module_evidence_74/step74_audit_report.json	step74_audit_report.json	.json	1872	156ab92dede140b77c533589c6083c29898713db4539cac8b15a8ef4896723a7	zenodo_data_results_bundle/tables/Step74_wgcna_style_module_evidence/step74_audit_report.json	/mnt/h/vir/ST/results/step8_strokeniche_perturbmap/wgcna_style_module_evidence_74
Step74_wgcna_style_module_evidence	source_table_or_audit	/mnt/h/vir/ST/results/step8_strokeniche_perturbmap/wgcna_style_module_evidence_74/step74_metadata_used_for_traits.csv	step74_metadata_used_for_traits.csv	.csv	34970326	ba0f7906b1ed0620996174353f182265260d9f1161857396237469f92f1681eb	zenodo_data_results_bundle/tables/Step74_wgcna_style_module_evidence/step74_metadata_used_for_traits.csv	/mnt/h/vir/ST/results/step8_strokeniche_perturbmap/wgcna_style_module_evidence_74
Step74_wgcna_style_module_evidence	source_table_or_audit	/mnt/h/vir/ST/results/step8_strokeniche_perturbmap/wgcna_style_module_evidence_74/step74_module_dotplot_summary.csv	step74_module_dotplot_summary.csv	.csv	2277	56f91e76b9a7166ed79980f059b905fe45f849c9082afae3e87a4d182a2c8c6c	zenodo_data_results_bundle/tables/Step74_wgcna_style_module_evidence/step74_module_dotplot_summary.csv	/mnt/h/vir/ST/results/step8_strokeniche_perturbmap/wgcna_style_module_evidence_74
Step74_wgcna_style_module_evidence	source_table_or_audit	/mnt/h/vir/ST/results/step8_strokeniche_perturbmap/wgcna_style_module_evidence_74/step74_module_gene_sets_used.csv	step74_module_gene_sets_used.csv	.csv	1639	b0ba5fafa628ecda12182e8d0f103ab5cf238ad3b3c80cd9d255b249cd2429d0	zenodo_data_results_bundle/tables/Step74_wgcna_style_module_evidence/step74_module_gene_sets_used.csv	/mnt/h/vir/ST/results/step8_strokeniche_perturbmap/wgcna_style_module_evidence_74
Step74_wgcna_style_module_evidence	source_table_or_audit	/mnt/h/vir/ST/results/step8_strokeniche_perturbmap/wgcna_style_module_evidence_74/step74_module_score_summary.csv	step74_module_score_summary.csv	.csv	1404	c6c4624eca81d2b5ead0f91584f2ee6cd2d2d21ae0dc6a99780dcecc319a2fce	zenodo_data_results_bundle/tables/Step74_wgcna_style_module_evidence/step74_module_score_summary.csv	/mnt/h/vir/ST/results/step8_strokeniche_perturbmap/wgcna_style_module_evidence_74
Step74_wgcna_style_module_evidence	source_table_or_audit	/mnt/h/vir/ST/results/step8_strokeniche_perturbmap/wgcna_style_module_evidence_74/step74_module_spatial_plot_cells.csv	step74_module_spatial_plot_cells.csv	.csv	1623799	30d98cce023f7a7599d52af47d1ea0def1183fe1bbc33651637680ec691b0733	zenodo_data_results_bundle/tables/Step74_wgcna_style_module_evidence/step74_module_spatial_plot_cells.csv	/mnt/h/vir/ST/results/step8_strokeniche_perturbmap/wgcna_style_module_evidence_74
Step74_wgcna_style_module_evidence	source_table_or_audit	/mnt/h/vir/ST/results/step8_strokeniche_perturbmap/wgcna_style_module_evidence_74/step74_module_trait_correlations.csv	step74_module_trait_correlations.csv	.csv	15968	dba48963d509ceaa15a61e444d2f0e4947dbe73b8ed0f1ad2dd909150f6f330c	zenodo_data_results_bundle/tables/Step74_wgcna_style_module_evidence/step74_module_trait_correlations.csv	/mnt/h/vir/ST/results/step8_strokeniche_perturbmap/wgcna_style_module_evidence_74
Step74_wgcna_style_module_evidence	source_table_or_audit	/mnt/h/vir/ST/results/step8_strokeniche_perturbmap/wgcna_style_module_evidence_74/step74_report.json	step74_report.json	.json	2377	364f35b16a069f0f443a2b0fe4b03e2393c6c2256aae43e47c12665f76071d0a	zenodo_data_results_bundle/tables/Step74_wgcna_style_module_evidence/step74_report.json	/mnt/h/vir/ST/results/step8_strokeniche_perturbmap/wgcna_style_module_evidence_74
Step74_wgcna_style_module_evidence	source_table_or_audit	/mnt/h/vir/ST/results/step8_strokeniche_perturbmap/wgcna_style_module_evidence_74/step74_report.txt	step74_report.txt	.txt	2377	364f35b16a069f0f443a2b0fe4b03e2393c6c2256aae43e47c12665f76071d0a	zenodo_data_results_bundle/tables/Step74_wgcna_style_module_evidence/step74_report.txt	/mnt/h/vir/ST/results/step8_strokeniche_perturbmap/wgcna_style_module_evidence_74
Step74_wgcna_style_module_evidence	source_table_or_audit	/mnt/h/vir/ST/results/step8_strokeniche_perturbmap/wgcna_style_module_evidence_74/step75_report.json	step75_report.json	.json	2478	6412db056883c52977ede0581fa6575549bed98326409e79c557bd4364b3abe1	zenodo_data_results_bundle/tables/Step74_wgcna_style_module_evidence/step75_report.json	/mnt/h/vir/ST/results/step8_strokeniche_perturbmap/wgcna_style_module_evidence_74
Step74_wgcna_style_module_evidence	source_table_or_audit	/mnt/h/vir/ST/results/step8_strokeniche_perturbmap/wgcna_style_module_evidence_74/step75_report.txt	step75_report.txt	.txt	2478	6412db056883c52977ede0581fa6575549bed98326409e79c557bd4364b3abe1	zenodo_data_results_bundle/tables/Step74_wgcna_style_module_evidence/step75_report.txt	/mnt/h/vir/ST/results/step8_strokeniche_perturbmap/wgcna_style_module_evidence_74
Step74_wgcna_style_module_evidence	source_table_or_audit	/mnt/h/vir/ST/results/step8_strokeniche_perturbmap/wgcna_style_module_evidence_74b_polished/step74b_report.json	step74b_report.json	.json	2881	9d0bf5f2cf8a96d7ee34c107b8bdd9166ee7a25bdf19a4fac5b8e075e9425b7d	zenodo_data_results_bundle/tables/Step74_wgcna_style_module_evidence/step74b_report.json	/mnt/h/vir/ST/results/step8_strokeniche_perturbmap/wgcna_style_module_evidence_74b_polished
Step74_wgcna_style_module_evidence	source_table_or_audit	/mnt/h/vir/ST/results/step8_strokeniche_perturbmap/wgcna_style_module_evidence_74b_polished/step74b_report.txt	step74b_report.txt	.txt	2881	9d0bf5f2cf8a96d7ee34c107b8bdd9166ee7a25bdf19a4fac5b8e075e9425b7d	zenodo_data_results_bundle/tables/Step74_wgcna_style_module_evidence/step74b_report.txt	/mnt/h/vir/ST/results/step8_strokeniche_perturbmap/wgcna_style_module_evidence_74b_polished
Step75_spatial_marker_module_atlas	source_table_or_audit	/mnt/h/vir/ST/results/step8_strokeniche_perturbmap/module_state_landscape_atlas_75d_2x4/step75d_panel_source_audit.csv	step75d_panel_source_audit.csv	.csv	1055	e7b2cbd0650f8becc249897e7e2bccc0b3a226dcbcd544087ca4b0b6e291f3ff	zenodo_data_results_bundle/tables/Step75_spatial_marker_module_atlas/step75d_panel_source_audit.csv	/mnt/h/vir/ST/results/step8_strokeniche_perturbmap/module_state_landscape_atlas_75d_2x4
Step75_spatial_marker_module_atlas	source_table_or_audit	/mnt/h/vir/ST/results/step8_strokeniche_perturbmap/module_state_landscape_atlas_75d_2x4/step75d_panel_values_used.csv	step75d_panel_values_used.csv	.csv	1558266	558f50f8134bf372cbbe36798be65d7f3aac231edb88ebdc1112884380b6eb6e	zenodo_data_results_bundle/tables/Step75_spatial_marker_module_atlas/step75d_panel_values_used.csv	/mnt/h/vir/ST/results/step8_strokeniche_perturbmap/module_state_landscape_atlas_75d_2x4
Step75_spatial_marker_module_atlas	source_table_or_audit	/mnt/h/vir/ST/results/step8_strokeniche_perturbmap/module_state_landscape_atlas_75d_2x4/step75d_report.json	step75d_report.json	.json	3633	72b7096ef5303b789ae9fcc2cf035d67de409c6007b7ad40df817c82380d2736	zenodo_data_results_bundle/tables/Step75_spatial_marker_module_atlas/step75d_report.json	/mnt/h/vir/ST/results/step8_strokeniche_perturbmap/module_state_landscape_atlas_75d_2x4
Step75_spatial_marker_module_atlas	source_table_or_audit	/mnt/h/vir/ST/results/step8_strokeniche_perturbmap/module_state_landscape_atlas_75d_2x4/step75d_report.txt	step75d_report.txt	.txt	3633	72b7096ef5303b789ae9fcc2cf035d67de409c6007b7ad40df817c82380d2736	zenodo_data_results_bundle/tables/Step75_spatial_marker_module_atlas/step75d_report.txt	/mnt/h/vir/ST/results/step8_strokeniche_perturbmap/module_state_landscape_atlas_75d_2x4
Step75_spatial_marker_module_atlas	source_table_or_audit	/mnt/h/vir/ST/results/step8_strokeniche_perturbmap/spatial_landscape_atlas_75/step75_report.json	step75_report.json	.json	1995	623d23ae0c60a73e7d61a15d38f32bc9de4b3211c301b7cff37b32ec58ac62cc	zenodo_data_results_bundle/tables/Step75_spatial_marker_module_atlas/step75_report.json	/mnt/h/vir/ST/results/step8_strokeniche_perturbmap/spatial_landscape_atlas_75
Step75_spatial_marker_module_atlas	source_table_or_audit	/mnt/h/vir/ST/results/step8_strokeniche_perturbmap/spatial_landscape_atlas_75/step75_report.txt	step75_report.txt	.txt	1995	623d23ae0c60a73e7d61a15d38f32bc9de4b3211c301b7cff37b32ec58ac62cc	zenodo_data_results_bundle/tables/Step75_spatial_marker_module_atlas/step75_report.txt	/mnt/h/vir/ST/results/step8_strokeniche_perturbmap/spatial_landscape_atlas_75
Step75_spatial_marker_module_atlas	source_table_or_audit	/mnt/h/vir/ST/results/step8_strokeniche_perturbmap/spatial_landscape_atlas_75_final_frozen/step75_final_freeze_manifest.txt	step75_final_freeze_manifest.txt	.txt	3115	0158d9aac34b1b9d740e2cf481381af6c7a700a31607477590d0f9b9a443675b	zenodo_data_results_bundle/tables/Step75_spatial_marker_module_atlas/step75_final_freeze_manifest.txt	/mnt/h/vir/ST/results/step8_strokeniche_perturbmap/spatial_landscape_atlas_75_final_frozen
Step75_spatial_marker_module_atlas	source_table_or_audit	/mnt/h/vir/ST/results/step8_strokeniche_perturbmap/spatial_landscape_atlas_75_final_frozen/step75c_audit_report.json	step75c_audit_report.json	.json	572	63f69ec3aff5116eaab804634e4298cd9c26a108dccf4d190e87872868a2189d	zenodo_data_results_bundle/tables/Step75_spatial_marker_module_atlas/step75c_audit_report.json	/mnt/h/vir/ST/results/step8_strokeniche_perturbmap/spatial_landscape_atlas_75_final_frozen
Step75_spatial_marker_module_atlas	source_table_or_audit	/mnt/h/vir/ST/results/step8_strokeniche_perturbmap/spatial_landscape_atlas_75_final_frozen/step75c_module_gene_match_audit.csv	step75c_module_gene_match_audit.csv	.csv	419	e9ed646c7ee8f4d4d30a55774fa8ffaa938a357e3c2e97c564ce86d25a0ee143	zenodo_data_results_bundle/tables/Step75_spatial_marker_module_atlas/step75c_module_gene_match_audit.csv	/mnt/h/vir/ST/results/step8_strokeniche_perturbmap/spatial_landscape_atlas_75_final_frozen
Step75_spatial_marker_module_atlas	source_table_or_audit	/mnt/h/vir/ST/results/step8_strokeniche_perturbmap/spatial_landscape_atlas_75_final_frozen/step75c_report.json	step75c_report.json	.json	1013	b2069feb2f95c85804e31e51f8fdcd0c69bf3a857326a6f24f3a53448031faf6	zenodo_data_results_bundle/tables/Step75_spatial_marker_module_atlas/step75c_report.json	/mnt/h/vir/ST/results/step8_strokeniche_perturbmap/spatial_landscape_atlas_75_final_frozen
Step75_spatial_marker_module_atlas	source_table_or_audit	/mnt/h/vir/ST/results/step8_strokeniche_perturbmap/spatial_landscape_atlas_75_final_frozen/step75c_report.txt	step75c_report.txt	.txt	1013	b2069feb2f95c85804e31e51f8fdcd0c69bf3a857326a6f24f3a53448031faf6	zenodo_data_results_bundle/tables/Step75_spatial_marker_module_atlas/step75c_report.txt	/mnt/h/vir/ST/results/step8_strokeniche_perturbmap/spatial_landscape_atlas_75_final_frozen
Step75_spatial_marker_module_atlas	source_table_or_audit	/mnt/h/vir/ST/results/step8_strokeniche_perturbmap/spatial_landscape_atlas_75b_dark_final/step75b_audit_report.json	step75b_audit_report.json	.json	1758	1ac9b5165dae3e24b02e5a13db87ece362458e78449e9e1e274fbd2bac14ff1f	zenodo_data_results_bundle/tables/Step75_spatial_marker_module_atlas/step75b_audit_report.json	/mnt/h/vir/ST/results/step8_strokeniche_perturbmap/spatial_landscape_atlas_75b_dark_final
Step75_spatial_marker_module_atlas	source_table_or_audit	/mnt/h/vir/ST/results/step8_strokeniche_perturbmap/spatial_landscape_atlas_75b_dark_final/step75b_module_gene_match_audit.csv	step75b_module_gene_match_audit.csv	.csv	419	e9ed646c7ee8f4d4d30a55774fa8ffaa938a357e3c2e97c564ce86d25a0ee143	zenodo_data_results_bundle/tables/Step75_spatial_marker_module_atlas/step75b_module_gene_match_audit.csv	/mnt/h/vir/ST/results/step8_strokeniche_perturbmap/spatial_landscape_atlas_75b_dark_final
Step75_spatial_marker_module_atlas	source_table_or_audit	/mnt/h/vir/ST/results/step8_strokeniche_perturbmap/spatial_landscape_atlas_75b_dark_final/step75b_report.json	step75b_report.json	.json	1352	d2f81583cf3566d4f9a7ae357b2f0d6248acf115286a7a68d97955516f38cc3a	zenodo_data_results_bundle/tables/Step75_spatial_marker_module_atlas/step75b_report.json	/mnt/h/vir/ST/results/step8_strokeniche_perturbmap/spatial_landscape_atlas_75b_dark_final
Step75_spatial_marker_module_atlas	source_table_or_audit	/mnt/h/vir/ST/results/step8_strokeniche_perturbmap/spatial_landscape_atlas_75b_dark_final/step75b_report.txt	step75b_report.txt	.txt	1352	d2f81583cf3566d4f9a7ae357b2f0d6248acf115286a7a68d97955516f38cc3a	zenodo_data_results_bundle/tables/Step75_spatial_marker_module_atlas/step75b_report.txt	/mnt/h/vir/ST/results/step8_strokeniche_perturbmap/spatial_landscape_atlas_75b_dark_final
Step75_spatial_marker_module_atlas	source_table_or_audit	/mnt/h/vir/ST/results/step8_strokeniche_perturbmap/spatial_landscape_atlas_75c_dark_fixed_cbar/step75c_audit_report.json	step75c_audit_report.json	.json	572	63f69ec3aff5116eaab804634e4298cd9c26a108dccf4d190e87872868a2189d	zenodo_data_results_bundle/tables/Step75_spatial_marker_module_atlas/step75c_audit_report.json	/mnt/h/vir/ST/results/step8_strokeniche_perturbmap/spatial_landscape_atlas_75c_dark_fixed_cbar
Step75_spatial_marker_module_atlas	source_table_or_audit	/mnt/h/vir/ST/results/step8_strokeniche_perturbmap/spatial_landscape_atlas_75c_dark_fixed_cbar/step75c_module_gene_match_audit.csv	step75c_module_gene_match_audit.csv	.csv	419	e9ed646c7ee8f4d4d30a55774fa8ffaa938a357e3c2e97c564ce86d25a0ee143	zenodo_data_results_bundle/tables/Step75_spatial_marker_module_atlas/step75c_module_gene_match_audit.csv	/mnt/h/vir/ST/results/step8_strokeniche_perturbmap/spatial_landscape_atlas_75c_dark_fixed_cbar
Step75_spatial_marker_module_atlas	source_table_or_audit	/mnt/h/vir/ST/results/step8_strokeniche_perturbmap/spatial_landscape_atlas_75c_dark_fixed_cbar/step75c_report.json	step75c_report.json	.json	1033	1ba0bec1d7b1758c61d2e9e6e90ad97d2831a9c4c7ae862064fce5e3fa6e59e2	zenodo_data_results_bundle/tables/Step75_spatial_marker_module_atlas/step75c_report.json	/mnt/h/vir/ST/results/step8_strokeniche_perturbmap/spatial_landscape_atlas_75c_dark_fixed_cbar
Step75_spatial_marker_module_atlas	source_table_or_audit	/mnt/h/vir/ST/results/step8_strokeniche_perturbmap/spatial_landscape_atlas_75c_dark_fixed_cbar/step75c_report.txt	step75c_report.txt	.txt	1033	1ba0bec1d7b1758c61d2e9e6e90ad97d2831a9c4c7ae862064fce5e3fa6e59e2	zenodo_data_results_bundle/tables/Step75_spatial_marker_module_atlas/step75c_report.txt	/mnt/h/vir/ST/results/step8_strokeniche_perturbmap/spatial_landscape_atlas_75c_dark_fixed_cbar
Step75_spatial_marker_module_atlas	source_table_or_audit	/mnt/h/vir/ST/results/step8_strokeniche_perturbmap/virtual_perturbation_spatial_rescue_atlas_75e_A3/step75e_perturbation_source_audit.csv	step75e_perturbation_source_audit.csv	.csv	1750	7843a850d1231e71cb8b06ff9b0534efb760cc37f092922b3aaaf31ace1606ae	zenodo_data_results_bundle/tables/Step75_spatial_marker_module_atlas/step75e_perturbation_source_audit.csv	/mnt/h/vir/ST/results/step8_strokeniche_perturbmap/virtual_perturbation_spatial_rescue_atlas_75e_A3
Step75_spatial_marker_module_atlas	source_table_or_audit	/mnt/h/vir/ST/results/step8_strokeniche_perturbmap/virtual_perturbation_spatial_rescue_atlas_75e_A3/step75e_report.json	step75e_report.json	.json	3666	3ec184ddc6453da9e7d7be9d8dd5d107d113a0ebdff393b065c383a5401b79c8	zenodo_data_results_bundle/tables/Step75_spatial_marker_module_atlas/step75e_report.json	/mnt/h/vir/ST/results/step8_strokeniche_perturbmap/virtual_perturbation_spatial_rescue_atlas_75e_A3
Step75_spatial_marker_module_atlas	source_table_or_audit	/mnt/h/vir/ST/results/step8_strokeniche_perturbmap/virtual_perturbation_spatial_rescue_atlas_75e_A3/step75e_report.txt	step75e_report.txt	.txt	3666	3ec184ddc6453da9e7d7be9d8dd5d107d113a0ebdff393b065c383a5401b79c8	zenodo_data_results_bundle/tables/Step75_spatial_marker_module_atlas/step75e_report.txt	/mnt/h/vir/ST/results/step8_strokeniche_perturbmap/virtual_perturbation_spatial_rescue_atlas_75e_A3
Step75_spatial_marker_module_atlas	source_table_or_audit	/mnt/h/vir/ST/results/step8_strokeniche_perturbmap/virtual_perturbation_spatial_rescue_atlas_75e_A3/step75e_virtual_perturbation_spatial_values.csv	step75e_virtual_perturbation_spatial_values.csv	.csv	3264365	95d1cc4c2b002a7a399f5019af4f33fc445289bdb10cbbf6dee14a3427a4feac	zenodo_data_results_bundle/tables/Step75_spatial_marker_module_atlas/step75e_virtual_perturbation_spatial_values.csv	/mnt/h/vir/ST/results/step8_strokeniche_perturbmap/virtual_perturbation_spatial_rescue_atlas_75e_A3
Step76_latent_pseudo_energy_landscape	source_table_or_audit	/mnt/h/vir/ST/results/step8_strokeniche_perturbmap/latent_pseudo_energy_landscape_76/step76_grid_pseudo_energy_surface.csv	step76_grid_pseudo_energy_surface.csv	.csv	5537732	c1da3906b28c0da372d551c2a8012cf2994068fe535d768dfcf478e569807542	zenodo_data_results_bundle/tables/Step76_latent_pseudo_energy_landscape/step76_grid_pseudo_energy_surface.csv	/mnt/h/vir/ST/results/step8_strokeniche_perturbmap/latent_pseudo_energy_landscape_76
Step76_latent_pseudo_energy_landscape	source_table_or_audit	/mnt/h/vir/ST/results/step8_strokeniche_perturbmap/latent_pseudo_energy_landscape_76/step76_per_cell_latent_pseudo_energy.csv	step76_per_cell_latent_pseudo_energy.csv	.csv	1181307	885832cc40fd70b9507ca5cc947ad2de2c4313d9984d4cb8d13a9160d24958c9	zenodo_data_results_bundle/tables/Step76_latent_pseudo_energy_landscape/step76_per_cell_latent_pseudo_energy.csv	/mnt/h/vir/ST/results/step8_strokeniche_perturbmap/latent_pseudo_energy_landscape_76
Step76_latent_pseudo_energy_landscape	source_table_or_audit	/mnt/h/vir/ST/results/step8_strokeniche_perturbmap/latent_pseudo_energy_landscape_76/step76_report.json	step76_report.json	.json	2804	e96c5e81b2aecd836ba55e2d908f4cdcd67be6dc918c492e261753b528beb028	zenodo_data_results_bundle/tables/Step76_latent_pseudo_energy_landscape/step76_report.json	/mnt/h/vir/ST/results/step8_strokeniche_perturbmap/latent_pseudo_energy_landscape_76
Step76_latent_pseudo_energy_landscape	source_table_or_audit	/mnt/h/vir/ST/results/step8_strokeniche_perturbmap/latent_pseudo_energy_landscape_76/step76_report.txt	step76_report.txt	.txt	2804	e96c5e81b2aecd836ba55e2d908f4cdcd67be6dc918c492e261753b528beb028	zenodo_data_results_bundle/tables/Step76_latent_pseudo_energy_landscape/step76_report.txt	/mnt/h/vir/ST/results/step8_strokeniche_perturbmap/latent_pseudo_energy_landscape_76
Step76_latent_pseudo_energy_landscape	source_table_or_audit	/mnt/h/vir/ST/results/step8_strokeniche_perturbmap/latent_pseudo_energy_landscape_76/step76_state_time_centroids.csv	step76_state_time_centroids.csv	.csv	645	532fba99296adb0d6e4ac4c2f9dd668a6430059b37bf1209bfaaee2bb30f0327	zenodo_data_results_bundle/tables/Step76_latent_pseudo_energy_landscape/step76_state_time_centroids.csv	/mnt/h/vir/ST/results/step8_strokeniche_perturbmap/latent_pseudo_energy_landscape_76
Step76_latent_pseudo_energy_landscape	source_table_or_audit	/mnt/h/vir/ST/results/step8_strokeniche_perturbmap/latent_pseudo_energy_landscape_76/step76_virtual_perturbation_shift_vectors.csv	step76_virtual_perturbation_shift_vectors.csv	.csv	1553	cb461c8275a366a009d959c755f1bb421fa1b0cae79173a7cb05970916b6b47e	zenodo_data_results_bundle/tables/Step76_latent_pseudo_energy_landscape/step76_virtual_perturbation_shift_vectors.csv	/mnt/h/vir/ST/results/step8_strokeniche_perturbmap/latent_pseudo_energy_landscape_76
Step76_latent_pseudo_energy_landscape	source_table_or_audit	/mnt/h/vir/ST/results/step8_strokeniche_perturbmap/latent_pseudo_energy_landscape_76b_X_nicheformer_forced_final/step76_grid_pseudo_energy_surface.csv	step76_grid_pseudo_energy_surface.csv	.csv	5589243	c4aed9270ce0641f9cd70b0940f96e33ebfea47aa16d7a33dcd663ed879597be	zenodo_data_results_bundle/tables/Step76_latent_pseudo_energy_landscape/step76_grid_pseudo_energy_surface.csv	/mnt/h/vir/ST/results/step8_strokeniche_perturbmap/latent_pseudo_energy_landscape_76b_X_nicheformer_forced_final
Step76_latent_pseudo_energy_landscape	source_table_or_audit	/mnt/h/vir/ST/results/step8_strokeniche_perturbmap/latent_pseudo_energy_landscape_76b_X_nicheformer_forced_final/step76_per_cell_latent_pseudo_energy.csv	step76_per_cell_latent_pseudo_energy.csv	.csv	1332823	80799f403fed25af8b77a97a9a906e4fcfce5054dd9ef2c4515d6b05c3ab9c7b	zenodo_data_results_bundle/tables/Step76_latent_pseudo_energy_landscape/step76_per_cell_latent_pseudo_energy.csv	/mnt/h/vir/ST/results/step8_strokeniche_perturbmap/latent_pseudo_energy_landscape_76b_X_nicheformer_forced_final
Step76_latent_pseudo_energy_landscape	source_table_or_audit	/mnt/h/vir/ST/results/step8_strokeniche_perturbmap/latent_pseudo_energy_landscape_76b_X_nicheformer_forced_final/step76_report.json	step76_report.json	.json	3127	5c9b737feae52740ab62c80be1a96d9d1b300ea37b84e0daaec2de920b3e96b4	zenodo_data_results_bundle/tables/Step76_latent_pseudo_energy_landscape/step76_report.json	/mnt/h/vir/ST/results/step8_strokeniche_perturbmap/latent_pseudo_energy_landscape_76b_X_nicheformer_forced_final
Step76_latent_pseudo_energy_landscape	source_table_or_audit	/mnt/h/vir/ST/results/step8_strokeniche_perturbmap/latent_pseudo_energy_landscape_76b_X_nicheformer_forced_final/step76_report.txt	step76_report.txt	.txt	3127	5c9b737feae52740ab62c80be1a96d9d1b300ea37b84e0daaec2de920b3e96b4	zenodo_data_results_bundle/tables/Step76_latent_pseudo_energy_landscape/step76_report.txt	/mnt/h/vir/ST/results/step8_strokeniche_perturbmap/latent_pseudo_energy_landscape_76b_X_nicheformer_forced_final
Step76_latent_pseudo_energy_landscape	source_table_or_audit	/mnt/h/vir/ST/results/step8_strokeniche_perturbmap/latent_pseudo_energy_landscape_76b_X_nicheformer_forced_final/step76_state_time_centroids.csv	step76_state_time_centroids.csv	.csv	677	147410cc73a920db68eb393305ad400081abc4fca99808c9729dba90531c63f7	zenodo_data_results_bundle/tables/Step76_latent_pseudo_energy_landscape/step76_state_time_centroids.csv	/mnt/h/vir/ST/results/step8_strokeniche_perturbmap/latent_pseudo_energy_landscape_76b_X_nicheformer_forced_final
Step76_latent_pseudo_energy_landscape	source_table_or_audit	/mnt/h/vir/ST/results/step8_strokeniche_perturbmap/latent_pseudo_energy_landscape_76b_X_nicheformer_forced_final/step76_virtual_perturbation_shift_vectors.csv	step76_virtual_perturbation_shift_vectors.csv	.csv	1603	9f0042b81b62dcaff80ae5f215b176ceeab0dd410a6b4a1afacab9212eaf1c5f	zenodo_data_results_bundle/tables/Step76_latent_pseudo_energy_landscape/step76_virtual_perturbation_shift_vectors.csv	/mnt/h/vir/ST/results/step8_strokeniche_perturbmap/latent_pseudo_energy_landscape_76b_X_nicheformer_forced_final
Step76_latent_pseudo_energy_landscape	source_table_or_audit	/mnt/h/vir/ST/results/step8_strokeniche_perturbmap/latent_pseudo_energy_landscape_76b_X_nicheformer_forced_final/step76b_freeze_manifest.txt	step76b_freeze_manifest.txt	.txt	3693	eb8e55e6bc3207c3d6ddd59cc01baa2c4169272fccfd09f21d53d7a3c8cf5a61	zenodo_data_results_bundle/tables/Step76_latent_pseudo_energy_landscape/step76b_freeze_manifest.txt	/mnt/h/vir/ST/results/step8_strokeniche_perturbmap/latent_pseudo_energy_landscape_76b_X_nicheformer_forced_final
Step76_latent_pseudo_energy_landscape	source_table_or_audit	/mnt/h/vir/ST/results/step8_strokeniche_perturbmap/latent_pseudo_energy_landscape_76b_X_pca_python_forced_baseline/step76_grid_pseudo_energy_surface.csv	step76_grid_pseudo_energy_surface.csv	.csv	5566658	4199c2df4e140ce4725d7bf3b2171ac9b0d77729eca764152a465374b6deac16	zenodo_data_results_bundle/tables/Step76_latent_pseudo_energy_landscape/step76_grid_pseudo_energy_surface.csv	/mnt/h/vir/ST/results/step8_strokeniche_perturbmap/latent_pseudo_energy_landscape_76b_X_pca_python_forced_baseline
Step76_latent_pseudo_energy_landscape	source_table_or_audit	/mnt/h/vir/ST/results/step8_strokeniche_perturbmap/latent_pseudo_energy_landscape_76b_X_pca_python_forced_baseline/step76_per_cell_latent_pseudo_energy.csv	step76_per_cell_latent_pseudo_energy.csv	.csv	1324635	1fd2226ba26c3f183766134ffa9a0ad01f3d5ce5ab766d4846d22875b73f568f	zenodo_data_results_bundle/tables/Step76_latent_pseudo_energy_landscape/step76_per_cell_latent_pseudo_energy.csv	/mnt/h/vir/ST/results/step8_strokeniche_perturbmap/latent_pseudo_energy_landscape_76b_X_pca_python_forced_baseline
Step76_latent_pseudo_energy_landscape	source_table_or_audit	/mnt/h/vir/ST/results/step8_strokeniche_perturbmap/latent_pseudo_energy_landscape_76b_X_pca_python_forced_baseline/step76_report.json	step76_report.json	.json	3145	da6e3c3ba5d109d6ea1a1bf10264432b0fcb2b68ec82602fd4fdadbbcc5fbb5e	zenodo_data_results_bundle/tables/Step76_latent_pseudo_energy_landscape/step76_report.json	/mnt/h/vir/ST/results/step8_strokeniche_perturbmap/latent_pseudo_energy_landscape_76b_X_pca_python_forced_baseline
Step76_latent_pseudo_energy_landscape	source_table_or_audit	/mnt/h/vir/ST/results/step8_strokeniche_perturbmap/latent_pseudo_energy_landscape_76b_X_pca_python_forced_baseline/step76_report.txt	step76_report.txt	.txt	3145	da6e3c3ba5d109d6ea1a1bf10264432b0fcb2b68ec82602fd4fdadbbcc5fbb5e	zenodo_data_results_bundle/tables/Step76_latent_pseudo_energy_landscape/step76_report.txt	/mnt/h/vir/ST/results/step8_strokeniche_perturbmap/latent_pseudo_energy_landscape_76b_X_pca_python_forced_baseline
Step76_latent_pseudo_energy_landscape	source_table_or_audit	/mnt/h/vir/ST/results/step8_strokeniche_perturbmap/latent_pseudo_energy_landscape_76b_X_pca_python_forced_baseline/step76_state_time_centroids.csv	step76_state_time_centroids.csv	.csv	655	cb710601b2d0aa17f385066047a608628e0df6c344174388c79259b7e67bcf16	zenodo_data_results_bundle/tables/Step76_latent_pseudo_energy_landscape/step76_state_time_centroids.csv	/mnt/h/vir/ST/results/step8_strokeniche_perturbmap/latent_pseudo_energy_landscape_76b_X_pca_python_forced_baseline
Step76_latent_pseudo_energy_landscape	source_table_or_audit	/mnt/h/vir/ST/results/step8_strokeniche_perturbmap/latent_pseudo_energy_landscape_76b_X_pca_python_forced_baseline/step76_virtual_perturbation_shift_vectors.csv	step76_virtual_perturbation_shift_vectors.csv	.csv	1573	ad1d396f307d0bdbb8cf10f609e776bbc48d1df99128b1f8eaf5c2c0ec895999	zenodo_data_results_bundle/tables/Step76_latent_pseudo_energy_landscape/step76_virtual_perturbation_shift_vectors.csv	/mnt/h/vir/ST/results/step8_strokeniche_perturbmap/latent_pseudo_energy_landscape_76b_X_pca_python_forced_baseline
Step76_latent_pseudo_energy_landscape	source_table_or_audit	/mnt/h/vir/ST/results/step8_strokeniche_perturbmap/latent_pseudo_energy_landscape_76b_X_scgpt_forced_sensitivity/step76_grid_pseudo_energy_surface.csv	step76_grid_pseudo_energy_surface.csv	.csv	5623939	c8cf7f53b3e0268a0e59b6c2461a8c2412e0a5613e58bdc6d4143204634a74ee	zenodo_data_results_bundle/tables/Step76_latent_pseudo_energy_landscape/step76_grid_pseudo_energy_surface.csv	/mnt/h/vir/ST/results/step8_strokeniche_perturbmap/latent_pseudo_energy_landscape_76b_X_scgpt_forced_sensitivity
Step76_latent_pseudo_energy_landscape	source_table_or_audit	/mnt/h/vir/ST/results/step8_strokeniche_perturbmap/latent_pseudo_energy_landscape_76b_X_scgpt_forced_sensitivity/step76_per_cell_latent_pseudo_energy.csv	step76_per_cell_latent_pseudo_energy.csv	.csv	1345030	06de47bd8693dd2967fe69eb7dff7a5b138524b41f6315c348b0c372dde66218	zenodo_data_results_bundle/tables/Step76_latent_pseudo_energy_landscape/step76_per_cell_latent_pseudo_energy.csv	/mnt/h/vir/ST/results/step8_strokeniche_perturbmap/latent_pseudo_energy_landscape_76b_X_scgpt_forced_sensitivity
Step76_latent_pseudo_energy_landscape	source_table_or_audit	/mnt/h/vir/ST/results/step8_strokeniche_perturbmap/latent_pseudo_energy_landscape_76b_X_scgpt_forced_sensitivity/step76_report.json	step76_report.json	.json	3120	d16028fe7a73407df1c45989c46df50a6198d9e23ff2b827bd6ce67a4c67b52c	zenodo_data_results_bundle/tables/Step76_latent_pseudo_energy_landscape/step76_report.json	/mnt/h/vir/ST/results/step8_strokeniche_perturbmap/latent_pseudo_energy_landscape_76b_X_scgpt_forced_sensitivity
Step76_latent_pseudo_energy_landscape	source_table_or_audit	/mnt/h/vir/ST/results/step8_strokeniche_perturbmap/latent_pseudo_energy_landscape_76b_X_scgpt_forced_sensitivity/step76_report.txt	step76_report.txt	.txt	3120	d16028fe7a73407df1c45989c46df50a6198d9e23ff2b827bd6ce67a4c67b52c	zenodo_data_results_bundle/tables/Step76_latent_pseudo_energy_landscape/step76_report.txt	/mnt/h/vir/ST/results/step8_strokeniche_perturbmap/latent_pseudo_energy_landscape_76b_X_scgpt_forced_sensitivity
Step76_latent_pseudo_energy_landscape	source_table_or_audit	/mnt/h/vir/ST/results/step8_strokeniche_perturbmap/latent_pseudo_energy_landscape_76b_X_scgpt_forced_sensitivity/step76_state_time_centroids.csv	step76_state_time_centroids.csv	.csv	685	d754155d6c05fa329e38a9dd6f519269d6bf65e092b870979b776f12d9e86808	zenodo_data_results_bundle/tables/Step76_latent_pseudo_energy_landscape/step76_state_time_centroids.csv	/mnt/h/vir/ST/results/step8_strokeniche_perturbmap/latent_pseudo_energy_landscape_76b_X_scgpt_forced_sensitivity
Step76_latent_pseudo_energy_landscape	source_table_or_audit	/mnt/h/vir/ST/results/step8_strokeniche_perturbmap/latent_pseudo_energy_landscape_76b_X_scgpt_forced_sensitivity/step76_virtual_perturbation_shift_vectors.csv	step76_virtual_perturbation_shift_vectors.csv	.csv	1502	e81e9e07e77c0496953722b4d3fdd780ce02ef0095c6e1565ca97917980a6b69	zenodo_data_results_bundle/tables/Step76_latent_pseudo_energy_landscape/step76_virtual_perturbation_shift_vectors.csv	/mnt/h/vir/ST/results/step8_strokeniche_perturbmap/latent_pseudo_energy_landscape_76b_X_scgpt_forced_sensitivity
Step77_latent_state_probability_landscape	source_table_or_audit	/mnt/h/vir/ST/results/step8_strokeniche_perturbmap/latent_state_probability_landscape_77_X_nicheformer_forced_final/step77_grid_state_probability_landscape.csv	step77_grid_state_probability_landscape.csv	.csv	5643242	810eacf180a2f1c16a5eb7c26c517a2a1665e68641bb83af16e20efb8f4bc604	zenodo_data_results_bundle/tables/Step77_latent_state_probability_landscape/step77_grid_state_probability_landscape.csv	/mnt/h/vir/ST/results/step8_strokeniche_perturbmap/latent_state_probability_landscape_77_X_nicheformer_forced_final
Step77_latent_state_probability_landscape	source_table_or_audit	/mnt/h/vir/ST/results/step8_strokeniche_perturbmap/latent_state_probability_landscape_77_X_nicheformer_forced_final/step77_landscape_peaks.csv	step77_landscape_peaks.csv	.csv	2632	2cab99d367a2d440b13b9e4096c80483262ef2f1d1a90a49486e15730bb1c99a	zenodo_data_results_bundle/tables/Step77_latent_state_probability_landscape/step77_landscape_peaks.csv	/mnt/h/vir/ST/results/step8_strokeniche_perturbmap/latent_state_probability_landscape_77_X_nicheformer_forced_final
Step77_latent_state_probability_landscape	source_table_or_audit	/mnt/h/vir/ST/results/step8_strokeniche_perturbmap/latent_state_probability_landscape_77_X_nicheformer_forced_final/step77_per_spot_latent_targets.csv	step77_per_spot_latent_targets.csv	.csv	1352282	ebda013a0371f46b893ae8b464d676f62a9063eedf7f475e72388969378753e3	zenodo_data_results_bundle/tables/Step77_latent_state_probability_landscape/step77_per_spot_latent_targets.csv	/mnt/h/vir/ST/results/step8_strokeniche_perturbmap/latent_state_probability_landscape_77_X_nicheformer_forced_final
Step77_latent_state_probability_landscape	source_table_or_audit	/mnt/h/vir/ST/results/step8_strokeniche_perturbmap/latent_state_probability_landscape_77_X_nicheformer_forced_final/step77_report.json	step77_report.json	.json	5305	7efec7384e149fbccb115f02d2579176a8b2d237a6c2ac7493f6ecd5b156c4bb	zenodo_data_results_bundle/tables/Step77_latent_state_probability_landscape/step77_report.json	/mnt/h/vir/ST/results/step8_strokeniche_perturbmap/latent_state_probability_landscape_77_X_nicheformer_forced_final
Step77_latent_state_probability_landscape	source_table_or_audit	/mnt/h/vir/ST/results/step8_strokeniche_perturbmap/latent_state_probability_landscape_77_X_scgpt_sensitivity/step77_grid_state_probability_landscape.csv	step77_grid_state_probability_landscape.csv	.csv	5746840	5e25755c989ff5a2f0b33d58208432f0ed3161fc621e563171f502aaeeab78d6	zenodo_data_results_bundle/tables/Step77_latent_state_probability_landscape/step77_grid_state_probability_landscape.csv	/mnt/h/vir/ST/results/step8_strokeniche_perturbmap/latent_state_probability_landscape_77_X_scgpt_sensitivity
Step77_latent_state_probability_landscape	source_table_or_audit	/mnt/h/vir/ST/results/step8_strokeniche_perturbmap/latent_state_probability_landscape_77_X_scgpt_sensitivity/step77_landscape_peaks.csv	step77_landscape_peaks.csv	.csv	2731	eac18257e25a23e78eee1fc41dc62187acca08361cfb6b9dccb87fb65db8555f	zenodo_data_results_bundle/tables/Step77_latent_state_probability_landscape/step77_landscape_peaks.csv	/mnt/h/vir/ST/results/step8_strokeniche_perturbmap/latent_state_probability_landscape_77_X_scgpt_sensitivity
Step77_latent_state_probability_landscape	source_table_or_audit	/mnt/h/vir/ST/results/step8_strokeniche_perturbmap/latent_state_probability_landscape_77_X_scgpt_sensitivity/step77_per_spot_latent_targets.csv	step77_per_spot_latent_targets.csv	.csv	1364950	65be1097fc73eef7899c32ebd18d4eb46af572cb0670b4d6e67958537d4cf112	zenodo_data_results_bundle/tables/Step77_latent_state_probability_landscape/step77_per_spot_latent_targets.csv	/mnt/h/vir/ST/results/step8_strokeniche_perturbmap/latent_state_probability_landscape_77_X_scgpt_sensitivity
Step77_latent_state_probability_landscape	source_table_or_audit	/mnt/h/vir/ST/results/step8_strokeniche_perturbmap/latent_state_probability_landscape_77_X_scgpt_sensitivity/step77_report.json	step77_report.json	.json	5173	e662ff3f131d46565220af3e9043a07ee8964b0d2b55815f37d347f55e7d21e7	zenodo_data_results_bundle/tables/Step77_latent_state_probability_landscape/step77_report.json	/mnt/h/vir/ST/results/step8_strokeniche_perturbmap/latent_state_probability_landscape_77_X_scgpt_sensitivity
Step77_latent_state_probability_landscape	source_table_or_audit	/mnt/h/vir/ST/results/step8_strokeniche_perturbmap/latent_state_probability_landscape_77a_X_nicheformer_fixed_auto/step77a_grid_allclose_audit.csv	step77a_grid_allclose_audit.csv	.csv	544	5d0316e55b498f940883c1b7b30bfca885e2eb5be0bf408511645df65640c9a7	zenodo_data_results_bundle/tables/Step77_latent_state_probability_landscape/step77a_grid_allclose_audit.csv	/mnt/h/vir/ST/results/step8_strokeniche_perturbmap/latent_state_probability_landscape_77a_X_nicheformer_fixed_auto
Step77_latent_state_probability_landscape	source_table_or_audit	/mnt/h/vir/ST/results/step8_strokeniche_perturbmap/latent_state_probability_landscape_77a_X_nicheformer_fixed_auto/step77a_grid_corr_spearman.csv	step77a_grid_corr_spearman.csv	.csv	381	f53372f1ede454c93b14950aba8a86dcffac13175e237e5c18a01c71349c583c	zenodo_data_results_bundle/tables/Step77_latent_state_probability_landscape/step77a_grid_corr_spearman.csv	/mnt/h/vir/ST/results/step8_strokeniche_perturbmap/latent_state_probability_landscape_77a_X_nicheformer_fixed_auto
Step77_latent_state_probability_landscape	source_table_or_audit	/mnt/h/vir/ST/results/step8_strokeniche_perturbmap/latent_state_probability_landscape_77a_X_nicheformer_fixed_auto/step77a_grid_landscape_values.csv	step77a_grid_landscape_values.csv	.csv	4485688	04f0025a6ec430c9961b0fc812e6ba3149474bcbbb499580acbe62cd1d1168de	zenodo_data_results_bundle/tables/Step77_latent_state_probability_landscape/step77a_grid_landscape_values.csv	/mnt/h/vir/ST/results/step8_strokeniche_perturbmap/latent_state_probability_landscape_77a_X_nicheformer_fixed_auto
Step77_latent_state_probability_landscape	source_table_or_audit	/mnt/h/vir/ST/results/step8_strokeniche_perturbmap/latent_state_probability_landscape_77a_X_nicheformer_fixed_auto/step77a_landscape_peaks.csv	step77a_landscape_peaks.csv	.csv	2542	dc64f3be947b0be3f7de5695026abf2a88bf98dcee0239bb302cc59ba536244e	zenodo_data_results_bundle/tables/Step77_latent_state_probability_landscape/step77a_landscape_peaks.csv	/mnt/h/vir/ST/results/step8_strokeniche_perturbmap/latent_state_probability_landscape_77a_X_nicheformer_fixed_auto
Step77_latent_state_probability_landscape	source_table_or_audit	/mnt/h/vir/ST/results/step8_strokeniche_perturbmap/latent_state_probability_landscape_77a_X_nicheformer_fixed_auto/step77a_per_spot_latent_targets.csv	step77a_per_spot_latent_targets.csv	.csv	1005350	de5f416d8b8e8b30c126587770079729abd1e8322799ca27152ac02657775883	zenodo_data_results_bundle/tables/Step77_latent_state_probability_landscape/step77a_per_spot_latent_targets.csv	/mnt/h/vir/ST/results/step8_strokeniche_perturbmap/latent_state_probability_landscape_77a_X_nicheformer_fixed_auto
Step77_latent_state_probability_landscape	source_table_or_audit	/mnt/h/vir/ST/results/step8_strokeniche_perturbmap/latent_state_probability_landscape_77a_X_nicheformer_fixed_auto/step77a_report.json	step77a_report.json	.json	14022	53b2dfde61675dbdc2bdd201434010e8248316d871d28b0f7117a610a6ec64e4	zenodo_data_results_bundle/tables/Step77_latent_state_probability_landscape/step77a_report.json	/mnt/h/vir/ST/results/step8_strokeniche_perturbmap/latent_state_probability_landscape_77a_X_nicheformer_fixed_auto
Step77_latent_state_probability_landscape	source_table_or_audit	/mnt/h/vir/ST/results/step8_strokeniche_perturbmap/latent_state_probability_landscape_77a_X_nicheformer_fixed_auto/step77a_target_corr_pearson.csv	step77a_target_corr_pearson.csv	.csv	309	596927d13f7e039273db1d50fcf1b82089053c74359fbbdff850516ee696dc3e	zenodo_data_results_bundle/tables/Step77_latent_state_probability_landscape/step77a_target_corr_pearson.csv	/mnt/h/vir/ST/results/step8_strokeniche_perturbmap/latent_state_probability_landscape_77a_X_nicheformer_fixed_auto
Step77_latent_state_probability_landscape	source_table_or_audit	/mnt/h/vir/ST/results/step8_strokeniche_perturbmap/latent_state_probability_landscape_77a_X_nicheformer_fixed_auto/step77a_target_corr_spearman.csv	step77a_target_corr_spearman.csv	.csv	311	144e73ceb1ca37c1501635c97cc5b37f8e61e945645bbfb2ae8c1a20208344b2	zenodo_data_results_bundle/tables/Step77_latent_state_probability_landscape/step77a_target_corr_spearman.csv	/mnt/h/vir/ST/results/step8_strokeniche_perturbmap/latent_state_probability_landscape_77a_X_nicheformer_fixed_auto
Step77_latent_state_probability_landscape	source_table_or_audit	/mnt/h/vir/ST/results/step8_strokeniche_perturbmap/latent_state_probability_landscape_77a_X_nicheformer_fixed_auto/step77a_target_value_audit.csv	step77a_target_value_audit.csv	.csv	753	d09ad4c68eb410a935aa1b43a05b7de5b5682b2850f8d8989c6aa0b954af28c1	zenodo_data_results_bundle/tables/Step77_latent_state_probability_landscape/step77a_target_value_audit.csv	/mnt/h/vir/ST/results/step8_strokeniche_perturbmap/latent_state_probability_landscape_77a_X_nicheformer_fixed_auto
Step77_latent_state_probability_landscape	source_table_or_audit	/mnt/h/vir/ST/results/step8_strokeniche_perturbmap/latent_state_probability_landscape_77a_X_nicheformer_labelonehot_final/step77a_grid_allclose_audit.csv	step77a_grid_allclose_audit.csv	.csv	544	5d0316e55b498f940883c1b7b30bfca885e2eb5be0bf408511645df65640c9a7	zenodo_data_results_bundle/tables/Step77_latent_state_probability_landscape/step77a_grid_allclose_audit.csv	/mnt/h/vir/ST/results/step8_strokeniche_perturbmap/latent_state_probability_landscape_77a_X_nicheformer_labelonehot_final
Step77_latent_state_probability_landscape	source_table_or_audit	/mnt/h/vir/ST/results/step8_strokeniche_perturbmap/latent_state_probability_landscape_77a_X_nicheformer_labelonehot_final/step77a_grid_corr_spearman.csv	step77a_grid_corr_spearman.csv	.csv	381	f53372f1ede454c93b14950aba8a86dcffac13175e237e5c18a01c71349c583c	zenodo_data_results_bundle/tables/Step77_latent_state_probability_landscape/step77a_grid_corr_spearman.csv	/mnt/h/vir/ST/results/step8_strokeniche_perturbmap/latent_state_probability_landscape_77a_X_nicheformer_labelonehot_final
Step77_latent_state_probability_landscape	source_table_or_audit	/mnt/h/vir/ST/results/step8_strokeniche_perturbmap/latent_state_probability_landscape_77a_X_nicheformer_labelonehot_final/step77a_grid_landscape_values.csv	step77a_grid_landscape_values.csv	.csv	4485688	04f0025a6ec430c9961b0fc812e6ba3149474bcbbb499580acbe62cd1d1168de	zenodo_data_results_bundle/tables/Step77_latent_state_probability_landscape/step77a_grid_landscape_values.csv	/mnt/h/vir/ST/results/step8_strokeniche_perturbmap/latent_state_probability_landscape_77a_X_nicheformer_labelonehot_final
Step77_latent_state_probability_landscape	source_table_or_audit	/mnt/h/vir/ST/results/step8_strokeniche_perturbmap/latent_state_probability_landscape_77a_X_nicheformer_labelonehot_final/step77a_landscape_peaks.csv	step77a_landscape_peaks.csv	.csv	2542	dc64f3be947b0be3f7de5695026abf2a88bf98dcee0239bb302cc59ba536244e	zenodo_data_results_bundle/tables/Step77_latent_state_probability_landscape/step77a_landscape_peaks.csv	/mnt/h/vir/ST/results/step8_strokeniche_perturbmap/latent_state_probability_landscape_77a_X_nicheformer_labelonehot_final
Step77_latent_state_probability_landscape	source_table_or_audit	/mnt/h/vir/ST/results/step8_strokeniche_perturbmap/latent_state_probability_landscape_77a_X_nicheformer_labelonehot_final/step77a_per_spot_latent_targets.csv	step77a_per_spot_latent_targets.csv	.csv	1005350	de5f416d8b8e8b30c126587770079729abd1e8322799ca27152ac02657775883	zenodo_data_results_bundle/tables/Step77_latent_state_probability_landscape/step77a_per_spot_latent_targets.csv	/mnt/h/vir/ST/results/step8_strokeniche_perturbmap/latent_state_probability_landscape_77a_X_nicheformer_labelonehot_final
Step77_latent_state_probability_landscape	source_table_or_audit	/mnt/h/vir/ST/results/step8_strokeniche_perturbmap/latent_state_probability_landscape_77a_X_nicheformer_labelonehot_final/step77a_report.json	step77a_report.json	.json	14212	9603b04374201416d7f5eaee191d3ae78df19eab8060899ac16ffb7e28cdc221	zenodo_data_results_bundle/tables/Step77_latent_state_probability_landscape/step77a_report.json	/mnt/h/vir/ST/results/step8_strokeniche_perturbmap/latent_state_probability_landscape_77a_X_nicheformer_labelonehot_final
Step77_latent_state_probability_landscape	source_table_or_audit	/mnt/h/vir/ST/results/step8_strokeniche_perturbmap/latent_state_probability_landscape_77a_X_nicheformer_labelonehot_final/step77a_target_corr_pearson.csv	step77a_target_corr_pearson.csv	.csv	309	596927d13f7e039273db1d50fcf1b82089053c74359fbbdff850516ee696dc3e	zenodo_data_results_bundle/tables/Step77_latent_state_probability_landscape/step77a_target_corr_pearson.csv	/mnt/h/vir/ST/results/step8_strokeniche_perturbmap/latent_state_probability_landscape_77a_X_nicheformer_labelonehot_final
Step77_latent_state_probability_landscape	source_table_or_audit	/mnt/h/vir/ST/results/step8_strokeniche_perturbmap/latent_state_probability_landscape_77a_X_nicheformer_labelonehot_final/step77a_target_corr_spearman.csv	step77a_target_corr_spearman.csv	.csv	311	144e73ceb1ca37c1501635c97cc5b37f8e61e945645bbfb2ae8c1a20208344b2	zenodo_data_results_bundle/tables/Step77_latent_state_probability_landscape/step77a_target_corr_spearman.csv	/mnt/h/vir/ST/results/step8_strokeniche_perturbmap/latent_state_probability_landscape_77a_X_nicheformer_labelonehot_final
Step77_latent_state_probability_landscape	source_table_or_audit	/mnt/h/vir/ST/results/step8_strokeniche_perturbmap/latent_state_probability_landscape_77a_X_nicheformer_labelonehot_final/step77a_target_value_audit.csv	step77a_target_value_audit.csv	.csv	753	d09ad4c68eb410a935aa1b43a05b7de5b5682b2850f8d8989c6aa0b954af28c1	zenodo_data_results_bundle/tables/Step77_latent_state_probability_landscape/step77a_target_value_audit.csv	/mnt/h/vir/ST/results/step8_strokeniche_perturbmap/latent_state_probability_landscape_77a_X_nicheformer_labelonehot_final
Step77_latent_state_probability_landscape	source_table_or_audit	/mnt/h/vir/ST/results/step8_strokeniche_perturbmap/latent_state_probability_landscape_77a_X_nicheformer_modelprob_audit/step77a_grid_allclose_audit.csv	step77a_grid_allclose_audit.csv	.csv	494	d5b660526e0248f9576c9c4cd38b514f4c00e1f7e66b08fddf317f213c75056d	zenodo_data_results_bundle/tables/Step77_latent_state_probability_landscape/step77a_grid_allclose_audit.csv	/mnt/h/vir/ST/results/step8_strokeniche_perturbmap/latent_state_probability_landscape_77a_X_nicheformer_modelprob_audit
Step77_latent_state_probability_landscape	source_table_or_audit	/mnt/h/vir/ST/results/step8_strokeniche_perturbmap/latent_state_probability_landscape_77a_X_nicheformer_modelprob_audit/step77a_grid_corr_spearman.csv	step77a_grid_corr_spearman.csv	.csv	289	3d1578322f3cae211e990e5c418176233b3793b9cab31090037654035d34cb20	zenodo_data_results_bundle/tables/Step77_latent_state_probability_landscape/step77a_grid_corr_spearman.csv	/mnt/h/vir/ST/results/step8_strokeniche_perturbmap/latent_state_probability_landscape_77a_X_nicheformer_modelprob_audit
Step77_latent_state_probability_landscape	source_table_or_audit	/mnt/h/vir/ST/results/step8_strokeniche_perturbmap/latent_state_probability_landscape_77a_X_nicheformer_modelprob_audit/step77a_grid_landscape_values.csv	step77a_grid_landscape_values.csv	.csv	4575692	c628093f4badd30f2b1c72b6f34cb865a4dc89fa4892f6b1f3d9106b22235ea8	zenodo_data_results_bundle/tables/Step77_latent_state_probability_landscape/step77a_grid_landscape_values.csv	/mnt/h/vir/ST/results/step8_strokeniche_perturbmap/latent_state_probability_landscape_77a_X_nicheformer_modelprob_audit
Step77_latent_state_probability_landscape	source_table_or_audit	/mnt/h/vir/ST/results/step8_strokeniche_perturbmap/latent_state_probability_landscape_77a_X_nicheformer_modelprob_audit/step77a_landscape_peaks.csv	step77a_landscape_peaks.csv	.csv	2446	9dc26db1c28d8197b3e5548d376f262f56245f69b62f16ac2d56732f12855aca	zenodo_data_results_bundle/tables/Step77_latent_state_probability_landscape/step77a_landscape_peaks.csv	/mnt/h/vir/ST/results/step8_strokeniche_perturbmap/latent_state_probability_landscape_77a_X_nicheformer_modelprob_audit
Step77_latent_state_probability_landscape	source_table_or_audit	/mnt/h/vir/ST/results/step8_strokeniche_perturbmap/latent_state_probability_landscape_77a_X_nicheformer_modelprob_audit/step77a_per_spot_latent_targets.csv	step77a_per_spot_latent_targets.csv	.csv	1352240	d272e595adef2c1edc8f1596577078528742c43ab6d79d9dfc9e72203bec7c0f	zenodo_data_results_bundle/tables/Step77_latent_state_probability_landscape/step77a_per_spot_latent_targets.csv	/mnt/h/vir/ST/results/step8_strokeniche_perturbmap/latent_state_probability_landscape_77a_X_nicheformer_modelprob_audit
Step77_latent_state_probability_landscape	source_table_or_audit	/mnt/h/vir/ST/results/step8_strokeniche_perturbmap/latent_state_probability_landscape_77a_X_nicheformer_modelprob_audit/step77a_report.json	step77a_report.json	.json	14005	cf5f8644773c5df316745dbb5f50fa9124489e0f6a711a322a622a3923e510a5	zenodo_data_results_bundle/tables/Step77_latent_state_probability_landscape/step77a_report.json	/mnt/h/vir/ST/results/step8_strokeniche_perturbmap/latent_state_probability_landscape_77a_X_nicheformer_modelprob_audit
Step77_latent_state_probability_landscape	source_table_or_audit	/mnt/h/vir/ST/results/step8_strokeniche_perturbmap/latent_state_probability_landscape_77a_X_nicheformer_modelprob_audit/step77a_target_corr_pearson.csv	step77a_target_corr_pearson.csv	.csv	209	3ab997d032c14911ac1ee54fac2cd2dc47da245e496b7cf243345eff46719fef	zenodo_data_results_bundle/tables/Step77_latent_state_probability_landscape/step77a_target_corr_pearson.csv	/mnt/h/vir/ST/results/step8_strokeniche_perturbmap/latent_state_probability_landscape_77a_X_nicheformer_modelprob_audit
Step77_latent_state_probability_landscape	source_table_or_audit	/mnt/h/vir/ST/results/step8_strokeniche_perturbmap/latent_state_probability_landscape_77a_X_nicheformer_modelprob_audit/step77a_target_corr_spearman.csv	step77a_target_corr_spearman.csv	.csv	209	4d2d5835ae9657a74bdc3772c4c36b74e1c097074bc0bd6352097ccfdcbb75f8	zenodo_data_results_bundle/tables/Step77_latent_state_probability_landscape/step77a_target_corr_spearman.csv	/mnt/h/vir/ST/results/step8_strokeniche_perturbmap/latent_state_probability_landscape_77a_X_nicheformer_modelprob_audit
Step77_latent_state_probability_landscape	source_table_or_audit	/mnt/h/vir/ST/results/step8_strokeniche_perturbmap/latent_state_probability_landscape_77a_X_nicheformer_modelprob_audit/step77a_target_value_audit.csv	step77a_target_value_audit.csv	.csv	969	221b3cdc24661deb1c8d520f49c7967f843dd80107c9776731e842948da64252	zenodo_data_results_bundle/tables/Step77_latent_state_probability_landscape/step77a_target_value_audit.csv	/mnt/h/vir/ST/results/step8_strokeniche_perturbmap/latent_state_probability_landscape_77a_X_nicheformer_modelprob_audit
Step77_latent_state_probability_landscape	source_table_or_audit	/mnt/h/vir/ST/results/step8_strokeniche_perturbmap/latent_state_probability_landscape_77b_manuscript_ready_compact/step77b_compact_landscape_grid_values.csv	step77b_compact_landscape_grid_values.csv	.csv	13850697	fb0fb9bba3e98881fa8a4a7cedc8fa41e1e8fa9906b70749c05358c75d21070c	zenodo_data_results_bundle/tables/Step77_latent_state_probability_landscape/step77b_compact_landscape_grid_values.csv	/mnt/h/vir/ST/results/step8_strokeniche_perturbmap/latent_state_probability_landscape_77b_manuscript_ready_compact
Step77_latent_state_probability_landscape	source_table_or_audit	/mnt/h/vir/ST/results/step8_strokeniche_perturbmap/latent_state_probability_landscape_77b_manuscript_ready_compact/step77b_core_peak_table.csv	step77b_core_peak_table.csv	.csv	699	ef9a57a7401284250b4530d960942c6f6f02a0aba50c0cec8228f26f9a8adbb0	zenodo_data_results_bundle/tables/Step77_latent_state_probability_landscape/step77b_core_peak_table.csv	/mnt/h/vir/ST/results/step8_strokeniche_perturbmap/latent_state_probability_landscape_77b_manuscript_ready_compact
Step77_latent_state_probability_landscape	source_table_or_audit	/mnt/h/vir/ST/results/step8_strokeniche_perturbmap/latent_state_probability_landscape_77b_manuscript_ready_compact/step77b_grid_landscape_spearman.csv	step77b_grid_landscape_spearman.csv	.csv	318	9015c6ee625faa9364892fbdb4db3b05dfe6b00d079afb7e7709966f1834dc15	zenodo_data_results_bundle/tables/Step77_latent_state_probability_landscape/step77b_grid_landscape_spearman.csv	/mnt/h/vir/ST/results/step8_strokeniche_perturbmap/latent_state_probability_landscape_77b_manuscript_ready_compact
Step77_latent_state_probability_landscape	source_table_or_audit	/mnt/h/vir/ST/results/step8_strokeniche_perturbmap/latent_state_probability_landscape_77b_manuscript_ready_compact/step77b_per_cell_target_spearman.csv	step77b_per_cell_target_spearman.csv	.csv	302	29ea5e60ca2f9d66f3fc228375ed09b1af729a61d47e0329766776b91f650446	zenodo_data_results_bundle/tables/Step77_latent_state_probability_landscape/step77b_per_cell_target_spearman.csv	/mnt/h/vir/ST/results/step8_strokeniche_perturbmap/latent_state_probability_landscape_77b_manuscript_ready_compact
Step77_latent_state_probability_landscape	source_table_or_audit	/mnt/h/vir/ST/results/step8_strokeniche_perturbmap/latent_state_probability_landscape_77b_manuscript_ready_compact/step77b_per_cell_targets_used.csv	step77b_per_cell_targets_used.csv	.csv	504646	299932eda21214013ba0cb46fa5ea44c142b582a914776bfc3e37d8903d37e80	zenodo_data_results_bundle/tables/Step77_latent_state_probability_landscape/step77b_per_cell_targets_used.csv	/mnt/h/vir/ST/results/step8_strokeniche_perturbmap/latent_state_probability_landscape_77b_manuscript_ready_compact
Step77_latent_state_probability_landscape	source_table_or_audit	/mnt/h/vir/ST/results/step8_strokeniche_perturbmap/latent_state_probability_landscape_77b_manuscript_ready_compact/step77b_report.json	step77b_report.json	.json	3560	32ddf04f70aac79c37cbbc2b3f2bee5502efbf00f4e49d09a7fd0c66d2c44e7c	zenodo_data_results_bundle/tables/Step77_latent_state_probability_landscape/step77b_report.json	/mnt/h/vir/ST/results/step8_strokeniche_perturbmap/latent_state_probability_landscape_77b_manuscript_ready_compact
Step77_latent_state_probability_landscape	source_table_or_audit	/mnt/h/vir/ST/results/step8_strokeniche_perturbmap/latent_state_probability_landscape_77b_manuscript_ready_compact_fixed/step77b_core_landscape_grid_fixed.csv	step77b_core_landscape_grid_fixed.csv	.csv	4508479	4ba33045fb6dfe0e30d9f5cc8944e863f18e84d0fbd138f00ce7696d319ad1f8	zenodo_data_results_bundle/tables/Step77_latent_state_probability_landscape/step77b_core_landscape_grid_fixed.csv	/mnt/h/vir/ST/results/step8_strokeniche_perturbmap/latent_state_probability_landscape_77b_manuscript_ready_compact_fixed
Step77_latent_state_probability_landscape	source_table_or_audit	/mnt/h/vir/ST/results/step8_strokeniche_perturbmap/latent_state_probability_landscape_77b_manuscript_ready_compact_fixed/step77b_core_peak_coordinates_fixed.csv	step77b_core_peak_coordinates_fixed.csv	.csv	995	75febf4c9835b5b8fa025778f57179ec8d3763c32daa688d607ad361e9b34707	zenodo_data_results_bundle/tables/Step77_latent_state_probability_landscape/step77b_core_peak_coordinates_fixed.csv	/mnt/h/vir/ST/results/step8_strokeniche_perturbmap/latent_state_probability_landscape_77b_manuscript_ready_compact_fixed
Step77_latent_state_probability_landscape	source_table_or_audit	/mnt/h/vir/ST/results/step8_strokeniche_perturbmap/latent_state_probability_landscape_77b_manuscript_ready_compact_fixed/step77b_repair_landscape_grid_fixed.csv	step77b_repair_landscape_grid_fixed.csv	.csv	4468517	1e07391e91f5a6fe927e8b7ef596c72aeb6c86e929ab1b221a548affe02d0d3b	zenodo_data_results_bundle/tables/Step77_latent_state_probability_landscape/step77b_repair_landscape_grid_fixed.csv	/mnt/h/vir/ST/results/step8_strokeniche_perturbmap/latent_state_probability_landscape_77b_manuscript_ready_compact_fixed
Step77_latent_state_probability_landscape	source_table_or_audit	/mnt/h/vir/ST/results/step8_strokeniche_perturbmap/latent_state_probability_landscape_77b_manuscript_ready_compact_fixed/step77b_report_fixed.json	step77b_report_fixed.json	.json	2792	a0d8e0f370f4b3e887251b4a3ca4574a0304e693b5bca1f16d3585d11c4d4cbb	zenodo_data_results_bundle/tables/Step77_latent_state_probability_landscape/step77b_report_fixed.json	/mnt/h/vir/ST/results/step8_strokeniche_perturbmap/latent_state_probability_landscape_77b_manuscript_ready_compact_fixed
Step77_latent_state_probability_landscape	source_table_or_audit	/mnt/h/vir/ST/results/step8_strokeniche_perturbmap/latent_state_probability_landscape_77b_manuscript_ready_compact_fixed/step77b_report_fixed.txt	step77b_report_fixed.txt	.txt	2894	84d4f45da23aaa56f8776cb4449f992f369ea36b7b4d7b600a7afa58777b7223	zenodo_data_results_bundle/tables/Step77_latent_state_probability_landscape/step77b_report_fixed.txt	/mnt/h/vir/ST/results/step8_strokeniche_perturbmap/latent_state_probability_landscape_77b_manuscript_ready_compact_fixed
Step78_virtual_perturbation_response_landscape	source_table_or_audit	/mnt/h/vir/ST/results/step8_strokeniche_perturbmap/virtual_perturbation_response_landscape_78b_fixed/step78b_per_cell_virtual_perturbation_response_proxy.csv	step78b_per_cell_virtual_perturbation_response_proxy.csv	.csv	21195169	abb369b571c2b1506f93e563af69f935c254924d8463466d876c74513a5cef16	zenodo_data_results_bundle/tables/Step78_virtual_perturbation_response_landscape/step78b_per_cell_virtual_perturbation_response_proxy.csv	/mnt/h/vir/ST/results/step8_strokeniche_perturbmap/virtual_perturbation_response_landscape_78b_fixed
Step78_virtual_perturbation_response_landscape	source_table_or_audit	/mnt/h/vir/ST/results/step8_strokeniche_perturbmap/virtual_perturbation_response_landscape_78b_fixed/step78b_report.json	step78b_report.json	.json	11594	a22aef69321ac8a52471aaec1c89c663f5bcd2b9ad374a4783f276b8301146eb	zenodo_data_results_bundle/tables/Step78_virtual_perturbation_response_landscape/step78b_report.json	/mnt/h/vir/ST/results/step8_strokeniche_perturbmap/virtual_perturbation_response_landscape_78b_fixed
Step78_virtual_perturbation_response_landscape	source_table_or_audit	/mnt/h/vir/ST/results/step8_strokeniche_perturbmap/virtual_perturbation_response_landscape_78b_fixed/step78b_virtual_perturbation_response_summary.csv	step78b_virtual_perturbation_response_summary.csv	.csv	1574	5fe77144759c9d448c9bba89caed8f7051317f3548d259d6c9b47a0fe642311d	zenodo_data_results_bundle/tables/Step78_virtual_perturbation_response_landscape/step78b_virtual_perturbation_response_summary.csv	/mnt/h/vir/ST/results/step8_strokeniche_perturbmap/virtual_perturbation_response_landscape_78b_fixed
Step78_virtual_perturbation_response_landscape	source_table_or_audit	/mnt/h/vir/ST/results/step8_strokeniche_perturbmap/virtual_perturbation_response_landscape_78c_final/step78c_canonical_perturbation_effects_deduplicated.csv	step78c_canonical_perturbation_effects_deduplicated.csv	.csv	541	044270c4fdc30d3c5cee41a91c261f865af014fd22ec2ac812d6f2c1226fb64f	zenodo_data_results_bundle/tables/Step78_virtual_perturbation_response_landscape/step78c_canonical_perturbation_effects_deduplicated.csv	/mnt/h/vir/ST/results/step8_strokeniche_perturbmap/virtual_perturbation_response_landscape_78c_final
Step78_virtual_perturbation_response_landscape	source_table_or_audit	/mnt/h/vir/ST/results/step8_strokeniche_perturbmap/virtual_perturbation_response_landscape_78c_final/step78c_per_cell_virtual_response_landscape.csv	step78c_per_cell_virtual_response_landscape.csv	.csv	9759265	b2ebc8b596df04275b0fa009330d290a7ac9fb5bb952741ff354f7d51a739641	zenodo_data_results_bundle/tables/Step78_virtual_perturbation_response_landscape/step78c_per_cell_virtual_response_landscape.csv	/mnt/h/vir/ST/results/step8_strokeniche_perturbmap/virtual_perturbation_response_landscape_78c_final
Step78_virtual_perturbation_response_landscape	source_table_or_audit	/mnt/h/vir/ST/results/step8_strokeniche_perturbmap/virtual_perturbation_response_landscape_78c_final/step78c_report.json	step78c_report.json	.json	5884	9cb532fa78fbc1f20d96e003103acad29901f3c712a21562ee2474469666e5fc	zenodo_data_results_bundle/tables/Step78_virtual_perturbation_response_landscape/step78c_report.json	/mnt/h/vir/ST/results/step8_strokeniche_perturbmap/virtual_perturbation_response_landscape_78c_final
Step78_virtual_perturbation_response_landscape	source_table_or_audit	/mnt/h/vir/ST/results/step8_strokeniche_perturbmap/virtual_perturbation_response_landscape_78d_fixed_freeze/step78d_candidate_effects_used.csv	step78d_candidate_effects_used.csv	.csv	522	6165f8dcf471294bbc65e202ada360e13054a92fac27cf320ec297885f69502f	zenodo_data_results_bundle/tables/Step78_virtual_perturbation_response_landscape/step78d_candidate_effects_used.csv	/mnt/h/vir/ST/results/step8_strokeniche_perturbmap/virtual_perturbation_response_landscape_78d_fixed_freeze
Step78_virtual_perturbation_response_landscape	source_table_or_audit	/mnt/h/vir/ST/results/step8_strokeniche_perturbmap/virtual_perturbation_response_landscape_78d_fixed_freeze/step78d_candidate_response_classification.csv	step78d_candidate_response_classification.csv	.csv	894	17a03855f8f85eef60cee6ff778adae1315680333d82c22a46c05f724e92f74b	zenodo_data_results_bundle/tables/Step78_virtual_perturbation_response_landscape/step78d_candidate_response_classification.csv	/mnt/h/vir/ST/results/step8_strokeniche_perturbmap/virtual_perturbation_response_landscape_78d_fixed_freeze
Step78_virtual_perturbation_response_landscape	source_table_or_audit	/mnt/h/vir/ST/results/step8_strokeniche_perturbmap/virtual_perturbation_response_landscape_78d_fixed_freeze/step78d_per_cell_response_proxy.csv	step78d_per_cell_response_proxy.csv	.csv	10181488	a07cb3d72af88bab38c541f5d75760990e3241347837e7595d4ad4eae31f81b9	zenodo_data_results_bundle/tables/Step78_virtual_perturbation_response_landscape/step78d_per_cell_response_proxy.csv	/mnt/h/vir/ST/results/step8_strokeniche_perturbmap/virtual_perturbation_response_landscape_78d_fixed_freeze
Step78_virtual_perturbation_response_landscape	source_table_or_audit	/mnt/h/vir/ST/results/step8_strokeniche_perturbmap/virtual_perturbation_response_landscape_78d_fixed_freeze/step78d_report.json	step78d_report.json	.json	5468	d65367bd1fa5e42ca4faebe9ebccd37c9082ae1b3416ec7b2245daace47d7e10	zenodo_data_results_bundle/tables/Step78_virtual_perturbation_response_landscape/step78d_report.json	/mnt/h/vir/ST/results/step8_strokeniche_perturbmap/virtual_perturbation_response_landscape_78d_fixed_freeze
Step79_state_timepoint_spatial_progression	source_table_or_audit	/mnt/h/vir/ST/results/step8_strokeniche_perturbmap/state_timepoint_spatial_progression_atlas_79/step79_audit_report.json	step79_audit_report.json	.json	9234	e453279e4d6ef60ed0b2e955d0efe853075459989b5f1797df54dd644914f63b	zenodo_data_results_bundle/tables/Step79_state_timepoint_spatial_progression/step79_audit_report.json	/mnt/h/vir/ST/results/step8_strokeniche_perturbmap/state_timepoint_spatial_progression_atlas_79
Step79_state_timepoint_spatial_progression	source_table_or_audit	/mnt/h/vir/ST/results/step8_strokeniche_perturbmap/state_timepoint_spatial_progression_atlas_79/step79_per_spot_feature_table.csv	step79_per_spot_feature_table.csv	.csv	3187767	72326b7896c30b919a3357c8a31de36abac51eaf39846b6724ae48c9b37856fe	zenodo_data_results_bundle/tables/Step79_state_timepoint_spatial_progression/step79_per_spot_feature_table.csv	/mnt/h/vir/ST/results/step8_strokeniche_perturbmap/state_timepoint_spatial_progression_atlas_79
Step79_state_timepoint_spatial_progression	source_table_or_audit	/mnt/h/vir/ST/results/step8_strokeniche_perturbmap/state_timepoint_spatial_progression_atlas_79_final_v2/step79_final_v2_audit_report.json	step79_final_v2_audit_report.json	.json	6819	7343df1f0d9b43ef98399f29cfae275d9285867124f279857daf2fbdb0831cc2	zenodo_data_results_bundle/tables/Step79_state_timepoint_spatial_progression/step79_final_v2_audit_report.json	/mnt/h/vir/ST/results/step8_strokeniche_perturbmap/state_timepoint_spatial_progression_atlas_79_final_v2
Step79_state_timepoint_spatial_progression	source_table_or_audit	/mnt/h/vir/ST/results/step8_strokeniche_perturbmap/state_timepoint_spatial_progression_atlas_79_final_v2/step79_probability_column_audit_final_v2.csv	step79_probability_column_audit_final_v2.csv	.csv	901	dc35c1672f73ed94ee3b24f03271622d7740df12a9515796c23db3d1b6370ab2	zenodo_data_results_bundle/tables/Step79_state_timepoint_spatial_progression/step79_probability_column_audit_final_v2.csv	/mnt/h/vir/ST/results/step8_strokeniche_perturbmap/state_timepoint_spatial_progression_atlas_79_final_v2
Step80_candidate_perturbation_dotplot	source_table_or_audit	/mnt/h/vir/ST/results/step8_strokeniche_perturbmap/candidate_perturbation_axis_dotplot_80/step80_candidate_axis_expression_dotplot_summary.csv	step80_candidate_axis_expression_dotplot_summary.csv	.csv	9996	9077da39a9f947ef4566572f56f014017b0eb89c47fc21a1ec34105ad1e67e74	zenodo_data_results_bundle/tables/Step80_candidate_perturbation_dotplot/step80_candidate_axis_expression_dotplot_summary.csv	/mnt/h/vir/ST/results/step8_strokeniche_perturbmap/candidate_perturbation_axis_dotplot_80
Step80_candidate_perturbation_dotplot	source_table_or_audit	/mnt/h/vir/ST/results/step8_strokeniche_perturbmap/candidate_perturbation_axis_dotplot_80/step80_gene_matching_audit.csv	step80_gene_matching_audit.csv	.csv	740	013a91b25680eb4556b8386a84604559734d61686629cef65d8d5c524bef6407	zenodo_data_results_bundle/tables/Step80_candidate_perturbation_dotplot/step80_gene_matching_audit.csv	/mnt/h/vir/ST/results/step8_strokeniche_perturbmap/candidate_perturbation_axis_dotplot_80
Step80_candidate_perturbation_dotplot	source_table_or_audit	/mnt/h/vir/ST/results/step8_strokeniche_perturbmap/candidate_perturbation_axis_dotplot_80/step80_report.json	step80_report.json	.json	1911	cbb3a708b33dcc216f73db6a66d7ee3788592053844059bb483b8af2ee24fcfe	zenodo_data_results_bundle/tables/Step80_candidate_perturbation_dotplot/step80_report.json	/mnt/h/vir/ST/results/step8_strokeniche_perturbmap/candidate_perturbation_axis_dotplot_80
Step81_surrogate_feature_response_audit	source_table_or_audit	/mnt/h/vir/ST/results/step8_strokeniche_perturbmap/surrogate_feature_response_audit_81b_fixed/step81b_feature_response_spearman_summary.csv	step81b_feature_response_spearman_summary.csv	.csv	644	22b5e771fa2118b1eec46f52c8ebc3bbce6f0f01c2841b3138816a176f7d85d2	zenodo_data_results_bundle/tables/Step81_surrogate_feature_response_audit/step81b_feature_response_spearman_summary.csv	/mnt/h/vir/ST/results/step8_strokeniche_perturbmap/surrogate_feature_response_audit_81b_fixed
Step81_surrogate_feature_response_audit	source_table_or_audit	/mnt/h/vir/ST/results/step8_strokeniche_perturbmap/surrogate_feature_response_audit_81b_fixed/step81b_gene_matching_audit.csv	step81b_gene_matching_audit.csv	.csv	834	dcfd17b669a854d7d19eb2139c320ce086f4864beeeb0724ab9ac62d01e2e96e	zenodo_data_results_bundle/tables/Step81_surrogate_feature_response_audit/step81b_gene_matching_audit.csv	/mnt/h/vir/ST/results/step8_strokeniche_perturbmap/surrogate_feature_response_audit_81b_fixed
Step81_surrogate_feature_response_audit	source_table_or_audit	/mnt/h/vir/ST/results/step8_strokeniche_perturbmap/surrogate_feature_response_audit_81b_fixed/step81b_merged_feature_response_table.csv	step81b_merged_feature_response_table.csv	.csv	192013838	d5d4a45b4353fa59673e25466cc21690e65dfb9a17648283197fab39c9a94d9c	zenodo_data_results_bundle/tables/Step81_surrogate_feature_response_audit/step81b_merged_feature_response_table.csv	/mnt/h/vir/ST/results/step8_strokeniche_perturbmap/surrogate_feature_response_audit_81b_fixed
Step81_surrogate_feature_response_audit	source_table_or_audit	/mnt/h/vir/ST/results/step8_strokeniche_perturbmap/surrogate_feature_response_audit_81b_fixed/step81b_report.json	step81b_report.json	.json	35768	eb4c486a607673642a6ae353fc6fac396f4c19a74bc2e922e1967432798605ab	zenodo_data_results_bundle/tables/Step81_surrogate_feature_response_audit/step81b_report.json	/mnt/h/vir/ST/results/step8_strokeniche_perturbmap/surrogate_feature_response_audit_81b_fixed
